Ran migration: 01_init.sql #1
Ran migration: 01_init.sql #2
Ran migration: 01_init.sql #3
Ran migration: 01_init.sql #4
Ran migration: 01_init.sql #5
Ran migration: 01_init.sql #6
Ran migration: 01_init.sql #7
Ran migration: 01_init.sql #8
Ran migration: 01_init.sql #9
Ran migration: 01_init.sql #10
Ran migration: 01_init.sql #11
Ran migration: 01_init.sql #12
Ran migration: 01_init.sql #13
Ran migration: 01_init.sql #14
Ran migration: 01_init.sql #15
Ran migration: 01_init.sql #16
Ran migration: 01_init.sql #17
Ran migration: 01_init.sql #18
Skip (already exists): 02_add_default_model.sql
Skip (already exists): 03_add_props_episode_id.sql
Skip (already exists): 04_async_tasks_columns.sql #1
Skip (already exists): 04_async_tasks_columns.sql #2
Skip (already exists): 04_async_tasks_columns.sql #3
Skip (already exists): 05_add_image_generations_completed_at.sql #1
Skip (already exists): 05_add_image_generations_completed_at.sql #2
Skip (already exists): 06_add_characters_local_path.sql
Skip (already exists): 07_add_scenes_image_columns.sql #1
Skip (already exists): 07_add_scenes_image_columns.sql #2
Skip (already exists): 08_add_video_generations_completed_at.sql #1
Skip (already exists): 08_add_video_generations_completed_at.sql #2
Ran migration: 09_scene_prop_libraries.sql #1
Ran migration: 09_scene_prop_libraries.sql #2
Ran migration: 10_prompt_overrides.sql
Skip (already exists): 11_add_api_protocol.sql
Ran migration: 12_image_proxy_cache.sql
Skip (already exists): 13_character_identity_anchors.sql #1
Skip (already exists): 13_character_identity_anchors.sql #2
Skip (already exists): 13_character_identity_anchors.sql #3
Skip (already exists): 13_character_identity_anchors.sql #4
Skip (already exists): 13_character_identity_anchors.sql #5
Skip (already exists): 13_character_identity_anchors.sql #6
Skip (already exists): 13_character_identity_anchors.sql #7
Skip (already exists): 13_character_identity_anchors.sql #8
Skip (already exists): 13_character_identity_anchors.sql #9
Skip (already exists): 14_storyboard_segments_and_model_map.sql #1
Skip (already exists): 14_storyboard_segments_and_model_map.sql #2
Ran migration: 14_storyboard_segments_and_model_map.sql #3
Skip (already exists): 15_storyboard_angle_structured.sql #1
Skip (already exists): 15_storyboard_angle_structured.sql #2
Skip (already exists): 15_storyboard_angle_structured.sql #3
Skip (already exists): 16_character_polished_prompt.sql
Skip (already exists): 17_character_stages.sql
Skip (already exists): 18_storyboard_narration.sql
Skip (already exists): 19_storyboard_universal_mode.sql #1
Skip (already exists): 19_storyboard_universal_mode.sql #2
Skip (already exists): 20_character_seedance2_asset.sql
Skip (already exists): 21_asset_negative_prompt.sql #1
Skip (already exists): 21_asset_negative_prompt.sql #2
Skip (already exists): 21_asset_negative_prompt.sql #3
Skip (already exists): 22_library_source_id.sql #1
Skip (already exists): 22_library_source_id.sql #2
Skip (already exists): 22_library_source_id.sql #3
Skip (already exists): 22_library_source_id.sql #4
Skip (already exists): 22_library_source_id.sql #5
Skip (already exists): 22_library_source_id.sql #6
Ran migration: 22_library_source_id.sql #7
Ran migration: 22_library_source_id.sql #8
Ran migration: 22_library_source_id.sql #9
webDist D:\zmzc-code\ai-drama-refs\LocalMiniDrama\frontweb\dist
2026-06-18T16:54:07.591Z [INFO] Server starting {"port":5679,"host":"0.0.0.0"}
2026-06-18T16:54:07.593Z [INFO] Frontend:  http://localhost:5679
2026-06-18T16:54:07.593Z [INFO] API:       http://localhost:5679/api/v1
2026-06-18T16:54:07.593Z [INFO] Health:    http://localhost:5679/health
2026-06-18T16:54:07.593Z [INFO] Server is ready!
2026-06-18T16:54:52.321Z [INFO] POST /api/v1/videos
2026-06-18T16:54:52.325Z [INFO] Task created {"task_id":"d0fa39f2-3975-4b5b-90ec-49b2ccc0f77a","type":"video_generation","resource_id":"1"}
2026-06-18T16:54:52.331Z [INFO] processVideoGeneration started {"videoGenId":13}
2026-06-18T16:54:52.334Z [INFO] [视频] 路由协议 {"video_gen_id":13,"provider":"comfyui","api_protocol_raw":"comfyui","protocol_used":"comfyui","model":"wan2.1-t2v","endpoint":"/prompt"}
2026-06-18T16:54:52.336Z [INFO] [ComfyUI] 从文件加载workflow {"file":"D:\\zmzc-code\\ai-drama-refs\\LocalMiniDrama\\backend-node\\configs\\comfyui_workflows\\wan22_gguf_t2v.json","video_gen_id":13}
2026-06-18T16:54:52.336Z [INFO] [ComfyUI] 提交workflow {"url":"http://localhost:18188/prompt","prompt":"ocean waves at sunset","video_gen_id":13,"workflow":"{\n  \"1\": {\n    \"class_type\": \"UnetLoaderGGUF\",\n    \"inputs\": {\n      \"unet_name\": \"GGUF/Wan2.2-T2V-HighNoise-Q4_K_M.gguf\"\n    }\n  },\n  \"2\": {\n    \"class_type\": \"CLIPLoader\",\n    \"inputs\": {\n      \"clip_name\": \"umt5_xxl_fp8_e4m3fn_scaled.safetensors\",\n      \"type\": \"wan\"\n    }\n  },\n  \"3\": {\n    \"class_type\": \"CLIPTextEncode\",\n    \"inputs\": {\n      \"text\": \"ocean waves at sunset\",\n      \"clip\": [\n        \"2\",\n        0\n      ]\n    }\n  },\n  \"4\": {\n    \"class_type\": \"CLIPTextEncode\",\n    \"inputs\": {\n      \"text\": \"low quality, blurry, distorted, bad anatomy, watermark, text, logo, nsfw\",\n      \"clip\": [\n        \"2\",\n        0\n      ]\n    }\n  },\n  \"5\": {\n    \"class_type\": \"VAELoader\",\n    \"inputs\": {\n      \"vae_name\": \"wan_2.1_vae.safetensors\"\n    }\n  },\n  \"6\": {\n    \"class_type\": \"EmptyHunyuanLatentVideo\",\n    \"inputs\": {\n      \"width\": 832,\n      \"height\": 480,\n      \"length\": 25,\n      \"batch_size\": 1\n    }\n  },\n  \"7\": {\n    \"class_type\": \"KSampler\",\n    \"inputs\": {\n      \"seed\": 567011467511,\n      \"steps\": 20,\n      \"cfg\": 3,\n      \"sampler_name\": \"euler\",\n      \"scheduler\": \"normal\",\n      \"denoise\": 1,\n      \"model\": [\n        \"1\",\n        0\n      ],\n      \"positive\": [\n        \"3\",\n        0\n      ],\n      \"negative\": [\n        \"4\",\n        0\n      ],\n      \"latent_image\": [\n        \"6\",\n        0\n      ]\n    }\n  },\n  \"8\": {\n    \"class_type\": \"VAEDecode\",\n    \"inputs\": {\n      \"samples\": [\n        \"7\",\n        0\n      ],\n      \"vae\": [\n        \"5\",\n        0\n      ]\n    }\n  },\n  \"9\": {\n    \"class_type\": \"SaveVideo\",\n    \"inputs\": {\n      \"filename_prefix\": \"drama\",\n      \"format\": \"auto\",\n      \"codec\": \"auto\",\n      \"video\": [\n        \"10\",\n        0\n      ]\n    }\n  },\n  \"10\": {\n    \"class_type\": \"CreateVideo\",\n    \"inputs\": {\n      \"images\": [\n        \"8\",\n        0\n      ],\n      \"fps\": 25\n    }\n  }\n}"}
[ComfyUI] 准备发送请求 { url: 'http://localhost:18188/prompt', video_gen_id: 13 }
2026-06-18T16:54:52.337Z [INFO] [ComfyUI] 发送请求到ComfyUI {"url":"http://localhost:18188/prompt","video_gen_id":13}
[ComfyUI] 收到响应 { status: 200, video_gen_id: 13 }
2026-06-18T16:54:52.438Z [INFO] [ComfyUI] 收到响应 {"status":200,"video_gen_id":13}
2026-06-18T16:54:52.439Z [INFO] [ComfyUI] Workflow已提交 {"prompt_id":"328187fd-efba-4042-81d4-b07b76a1158a","video_gen_id":13}
2026-06-18T16:54:52.441Z [INFO] [poll] ???? {"video_gen_id":13,"task_id":"328187fd-efba-4042-81d4-b07b76a1158a","protocol":"comfyui","poll_url":"http://localhost:18188/history/{prompt_id}"}
2026-06-18T16:55:02.446Z [INFO] [ComfyUI poll] 查询history {"url":"http://localhost:18188/history/328187fd-efba-4042-81d4-b07b76a1158a","video_gen_id":13}
2026-06-18T16:55:02.447Z [INFO] [poll] 发起查询 {"video_gen_id":13,"round":1,"url":"http://localhost:18188/history/328187fd-efba-4042-81d4-b07b76a1158a"}
2026-06-18T16:55:02.481Z [INFO] [poll] 查询 HTTP 结果 {"video_gen_id":13,"round":1,"http_status":200,"bytes":2,"body":"{}"}
2026-06-18T16:55:02.482Z [INFO] [ComfyUI poll] 任务尚未完成，继续轮询 {"attempt":0,"video_gen_id":13}
2026-06-18T16:55:09.571Z [INFO] GET /api/v1/videos/13
2026-06-18T16:55:12.484Z [INFO] [ComfyUI poll] 查询history {"url":"http://localhost:18188/history/328187fd-efba-4042-81d4-b07b76a1158a","video_gen_id":13}
2026-06-18T16:55:12.485Z [INFO] [poll] 发起查询 {"video_gen_id":13,"round":2,"url":"http://localhost:18188/history/328187fd-efba-4042-81d4-b07b76a1158a"}
2026-06-18T16:55:12.519Z [INFO] [poll] 查询 HTTP 结果 {"video_gen_id":13,"round":2,"http_status":200,"bytes":2,"body":"{}"}
2026-06-18T16:55:12.519Z [INFO] [ComfyUI poll] 任务尚未完成，继续轮询 {"attempt":1,"video_gen_id":13}
2026-06-18T16:55:22.524Z [INFO] [ComfyUI poll] 查询history {"url":"http://localhost:18188/history/328187fd-efba-4042-81d4-b07b76a1158a","video_gen_id":13}
2026-06-18T16:55:22.524Z [INFO] [poll] 发起查询 {"video_gen_id":13,"round":3,"url":"http://localhost:18188/history/328187fd-efba-4042-81d4-b07b76a1158a"}
2026-06-18T16:55:22.562Z [INFO] [poll] 查询 HTTP 结果 {"video_gen_id":13,"round":3,"http_status":200,"bytes":2,"body":"{}"}
2026-06-18T16:55:22.563Z [INFO] [ComfyUI poll] 任务尚未完成，继续轮询 {"attempt":2,"video_gen_id":13}
2026-06-18T16:55:32.568Z [INFO] [ComfyUI poll] 查询history {"url":"http://localhost:18188/history/328187fd-efba-4042-81d4-b07b76a1158a","video_gen_id":13}
2026-06-18T16:55:32.569Z [INFO] [poll] 发起查询 {"video_gen_id":13,"round":4,"url":"http://localhost:18188/history/328187fd-efba-4042-81d4-b07b76a1158a"}
2026-06-18T16:55:32.605Z [INFO] [poll] 查询 HTTP 结果 {"video_gen_id":13,"round":4,"http_status":200,"bytes":2,"body":"{}"}
2026-06-18T16:55:32.606Z [INFO] [ComfyUI poll] 任务尚未完成，继续轮询 {"attempt":3,"video_gen_id":13}
2026-06-18T16:55:35.499Z [INFO] GET /api/v1/videos/13
2026-06-18T16:55:42.611Z [INFO] [ComfyUI poll] 查询history {"url":"http://localhost:18188/history/328187fd-efba-4042-81d4-b07b76a1158a","video_gen_id":13}
2026-06-18T16:55:42.612Z [INFO] [poll] 发起查询 {"video_gen_id":13,"round":5,"url":"http://localhost:18188/history/328187fd-efba-4042-81d4-b07b76a1158a"}
2026-06-18T16:55:42.647Z [INFO] [poll] 查询 HTTP 结果 {"video_gen_id":13,"round":5,"http_status":200,"bytes":2,"body":"{}"}
2026-06-18T16:55:42.647Z [INFO] [ComfyUI poll] 任务尚未完成，继续轮询 {"attempt":4,"video_gen_id":13}
2026-06-18T16:55:52.654Z [INFO] [ComfyUI poll] 查询history {"url":"http://localhost:18188/history/328187fd-efba-4042-81d4-b07b76a1158a","video_gen_id":13}
2026-06-18T16:55:52.655Z [INFO] [poll] 发起查询 {"video_gen_id":13,"round":6,"url":"http://localhost:18188/history/328187fd-efba-4042-81d4-b07b76a1158a"}
2026-06-18T16:55:52.689Z [INFO] [poll] 查询 HTTP 结果 {"video_gen_id":13,"round":6,"http_status":200,"bytes":2,"body":"{}"}
2026-06-18T16:55:52.689Z [INFO] [ComfyUI poll] 任务尚未完成，继续轮询 {"attempt":5,"video_gen_id":13}
2026-06-18T16:56:02.696Z [INFO] [ComfyUI poll] 查询history {"url":"http://localhost:18188/history/328187fd-efba-4042-81d4-b07b76a1158a","video_gen_id":13}
2026-06-18T16:56:02.698Z [INFO] [poll] 发起查询 {"video_gen_id":13,"round":7,"url":"http://localhost:18188/history/328187fd-efba-4042-81d4-b07b76a1158a"}
2026-06-18T16:56:02.729Z [INFO] [poll] 查询 HTTP 结果 {"video_gen_id":13,"round":7,"http_status":200,"bytes":2,"body":"{}"}
2026-06-18T16:56:02.730Z [INFO] [ComfyUI poll] 任务尚未完成，继续轮询 {"attempt":6,"video_gen_id":13}
2026-06-18T16:56:12.742Z [INFO] [ComfyUI poll] 查询history {"url":"http://localhost:18188/history/328187fd-efba-4042-81d4-b07b76a1158a","video_gen_id":13}
2026-06-18T16:56:12.744Z [INFO] [poll] 发起查询 {"video_gen_id":13,"round":8,"url":"http://localhost:18188/history/328187fd-efba-4042-81d4-b07b76a1158a"}
2026-06-18T16:56:12.777Z [INFO] [poll] 查询 HTTP 结果 {"video_gen_id":13,"round":8,"http_status":200,"bytes":2,"body":"{}"}
2026-06-18T16:56:12.778Z [INFO] [ComfyUI poll] 任务尚未完成，继续轮询 {"attempt":7,"video_gen_id":13}
2026-06-18T16:56:16.794Z [INFO] GET /api/v1/videos/13
2026-06-18T16:56:22.783Z [INFO] [ComfyUI poll] 查询history {"url":"http://localhost:18188/history/328187fd-efba-4042-81d4-b07b76a1158a","video_gen_id":13}
2026-06-18T16:56:22.783Z [INFO] [poll] 发起查询 {"video_gen_id":13,"round":9,"url":"http://localhost:18188/history/328187fd-efba-4042-81d4-b07b76a1158a"}
2026-06-18T16:56:22.883Z [INFO] [poll] 查询 HTTP 结果 {"video_gen_id":13,"round":9,"http_status":200,"bytes":2,"body":"{}"}
2026-06-18T16:56:22.883Z [INFO] [ComfyUI poll] 任务尚未完成，继续轮询 {"attempt":8,"video_gen_id":13}
2026-06-18T16:56:32.895Z [INFO] [ComfyUI poll] 查询history {"url":"http://localhost:18188/history/328187fd-efba-4042-81d4-b07b76a1158a","video_gen_id":13}
2026-06-18T16:56:32.896Z [INFO] [poll] 发起查询 {"video_gen_id":13,"round":10,"url":"http://localhost:18188/history/328187fd-efba-4042-81d4-b07b76a1158a"}
2026-06-18T16:56:32.930Z [INFO] [poll] 查询 HTTP 结果 {"video_gen_id":13,"round":10,"http_status":200,"bytes":2,"body":"{}"}
2026-06-18T16:56:32.931Z [INFO] [ComfyUI poll] 任务尚未完成，继续轮询 {"attempt":9,"video_gen_id":13}
2026-06-18T16:56:42.941Z [INFO] [ComfyUI poll] 查询history {"url":"http://localhost:18188/history/328187fd-efba-4042-81d4-b07b76a1158a","video_gen_id":13}
2026-06-18T16:56:42.942Z [INFO] [poll] 发起查询 {"video_gen_id":13,"round":11,"url":"http://localhost:18188/history/328187fd-efba-4042-81d4-b07b76a1158a"}
2026-06-18T16:56:42.975Z [INFO] [poll] 查询 HTTP 结果 {"video_gen_id":13,"round":11,"http_status":200,"bytes":2,"body":"{}"}
2026-06-18T16:56:42.976Z [INFO] [ComfyUI poll] 任务尚未完成，继续轮询 {"attempt":10,"video_gen_id":13}
2026-06-18T16:56:52.980Z [INFO] [ComfyUI poll] 查询history {"url":"http://localhost:18188/history/328187fd-efba-4042-81d4-b07b76a1158a","video_gen_id":13}
2026-06-18T16:56:52.981Z [INFO] [poll] 发起查询 {"video_gen_id":13,"round":12,"url":"http://localhost:18188/history/328187fd-efba-4042-81d4-b07b76a1158a"}
2026-06-18T16:56:53.015Z [INFO] [poll] 查询 HTTP 结果 {"video_gen_id":13,"round":12,"http_status":200,"bytes":2,"body":"{}"}
2026-06-18T16:56:53.015Z [INFO] [ComfyUI poll] 任务尚未完成，继续轮询 {"attempt":11,"video_gen_id":13}
2026-06-18T16:57:03.024Z [INFO] [ComfyUI poll] 查询history {"url":"http://localhost:18188/history/328187fd-efba-4042-81d4-b07b76a1158a","video_gen_id":13}
2026-06-18T16:57:03.026Z [INFO] [poll] 发起查询 {"video_gen_id":13,"round":13,"url":"http://localhost:18188/history/328187fd-efba-4042-81d4-b07b76a1158a"}
2026-06-18T16:57:03.062Z [INFO] [poll] 查询 HTTP 结果 {"video_gen_id":13,"round":13,"http_status":200,"bytes":2003,"body":"{\"328187fd-efba-4042-81d4-b07b76a1158a\": {\"prompt\": [4, \"328187fd-efba-4042-81d4-b07b76a1158a\", {\"1\": {\"class_type\": \"UnetLoaderGGUF\", \"inputs\": {\"unet_name\": \"GGUF/Wan2.2-T2V-HighNoise-Q4_K_M.gguf\"}}, \"2\": {\"class_type\": \"CLIPLoader\", \"inputs\": {\"clip_name\": \"umt5_xxl_fp8_e4m3fn_scaled.safetensors\", \"type\": \"wan\"}}, \"3\": {\"class_type\": \"CLIPTextEncode\", \"inputs\": {\"text\": \"ocean waves at sunset\", \"clip\": [\"2\", 0]}}, \"4\": {\"class_type\": \"CLIPTextEncode\", \"inputs\": {\"text\": \"low quality, blurry, distorted, bad anatomy, watermark, text, logo, nsfw\", \"clip\": [\"2\", 0]}}, \"5\": {\"class_type\": \"VAELoader\", \"inputs\": {\"vae_name\": \"wan_2.1_vae.safetensors\"}}, \"6\": {\"class_type\": \"EmptyHunyuanLatentVideo\", \"inputs\": {\"width\": 832, \"height\": 480, \"length\": 25, \"batch_size\": 1}}, \"7\": {\"class_type\": \"KSampler\", \"inputs\": {\"seed\": 567011467511, \"steps\": 20, \"cfg\": 3.0, \"sampler_name\": \"euler\", \"scheduler\": \"normal\", \"denoise\": 1.0, \"model\": [\"1\", 0], \"positive\": [\"3\", 0], \"negative\": [\"4\", 0], \"latent_image\": [\"6\", 0]}}, \"8\": {\"class_type\": \"VAEDecode\", \"inputs\": {\"samples\": [\"7\", 0], \"vae\": [\"5\", 0]}}, \"9\": {\"class_type\": \"SaveVideo\", \"inputs\": {\"filename_prefix\": \"drama\", \"format\": \"auto\", \"codec\": \"auto\", \"video\": [\"10\", 0]}}, \"10\": {\"class_type\": \"CreateVideo\", \"inputs\": {\"images\": [\"8\", 0], \"fps\": 25.0}}}, {\"create_time\": 1781801692778}, [\"9\"]], \"outputs\": {\"9\": {\"images\": [{\"filename\": \"drama_00002_.mp4\", \"subfolder\": \"\", \"type\": \"output\"}], \"animated\": [true]}}, \"status\": {\"status_str\": \"success\", \"completed\": true, \"messages\": [[\"execution_start\", {\"prompt_id\": \"328187fd-efba-4042-81d4-b07b76a1158a\", \"timestamp\": 1781801692780}], [\"execution_cached\", {\"nodes\": [\"1\", \"2\", \"3\", \"4\", \"5\", \"6\"], \"prompt_id\": \"328187fd-efba-4042-81d4-b07b76a1158a\", \"timestamp\": 1781801692786}], [\"execution_success\", {\"prompt_id\": \"328187fd-efba-4042-81d4-b07b76a1158a\", \"timestamp\": 1781801815834}]]}, \"meta\": {\"9\": {\"node_id\": \"9\", \"display_node\": \"9\", \"parent_node\": null, \"real_node_id\": \"9\"}}}}"}
2026-06-18T16:57:03.063Z [INFO] [ComfyUI poll] 视频生成完成(images字段,视频文件) {"video_url":"http://localhost:18188/view?filename=drama_00002_.mp4&type=output","filename":"drama_00002_.mp4","video_gen_id":13}
2026-06-18T16:57:03.171Z [INFO] Video saved to local {"videoGenId":13,"local_path":"projects/0001_20260613_衣服设计天才302/videos/vg_13_81800e2f.mp4","projectSubdir":"projects/0001_20260613_衣服设计天才302"}
2026-06-18T16:57:05.563Z [INFO] [视频] 已统一画幅尺寸 {"videoGenId":13,"w":2560,"h":1440}
2026-06-18T16:57:05.565Z [INFO] Video generation completed (after poll) {"id":13,"local_path":"projects/0001_20260613_衣服设计天才302/videos/vg_13_81800e2f.mp4"}
2026-06-18T16:57:11.234Z [INFO] GET /api/v1/videos/13
2026-06-18T16:57:26.378Z [INFO] GET /api/v1/videos/13
2026-06-18T16:57:29.093Z [INFO] GET /api/v1/videos/13
2026-06-18T16:57:35.109Z [INFO] GET /api/v1/videos/13
2026-06-18T16:57:57.762Z [INFO] GET /api/v1/videos/13
2026-06-18T17:47:36.738Z [INFO] GET /api/v1/dramas
2026-06-18T17:47:45.371Z [INFO] GET /api/v1/ai-configs
2026-06-18T17:47:47.215Z [INFO] GET /api/v1/dramas
2026-06-18T17:48:26.611Z [INFO] GET /api/v1/ai-configs
2026-06-18T17:49:26.069Z [INFO] GET /api/v1/ai-configs
2026-06-18T17:49:39.739Z [INFO] GET /api/v1/ai-configs
2026-06-18T17:49:50.174Z [INFO] PUT /api/v1/ai-configs/9
2026-06-18T17:49:50.175Z [INFO] AI config updated {"config_id":9}
2026-06-18T17:49:57.814Z [INFO] POST /api/v1/images
2026-06-18T17:49:57.815Z [INFO] Task created {"task_id":"78401a79-d58e-4ddc-bd7c-bc0c638693f7","type":"image_generation","resource_id":"2"}
2026-06-18T17:49:57.819Z [INFO] [图生] ▶ 开始 {"id":9,"storyboard_id":null,"scene_id":null,"drama_id":2,"model":null,"prompt_preview":"a cute cat sitting on a windowsill, warm sunlight, cozy room, cinematic lighting"}
2026-06-18T17:49:57.820Z [INFO] [图生] Step1 AI配置 {"id":9,"provider":"comfyui","model":["flux2-gguf"],"api_protocol":"comfyui","elapsed":"1ms"}
2026-06-18T17:49:57.820Z [INFO] [图生] Step2 参考图上限 {"id":9,"total":4,"max_characters":3,"max_objects":4,"elapsed":"1ms"}
2026-06-18T17:49:57.820Z [INFO] [图生] Step2 参考图 {"id":9,"source":"无","count":0,"paths":[],"elapsed":"1ms"}
2026-06-18T17:49:57.821Z [INFO] [图生] Step3 尺寸 {"id":9,"size":"2560x1440","elapsed":"2ms"}
2026-06-18T17:49:57.822Z [INFO] [图生] Step4 调用图生 API → {"id":9,"elapsed":"3ms"}
2026-06-18T17:49:57.823Z [INFO] [图生] callImageApi 路由 {"image_gen_id":9,"protocol":"comfyui","api_protocol_raw":"comfyui","provider":"comfyui","model":"flux2-gguf","size":"2560x1440","imageServiceType":"image","ref_count":0,"ref_label_injected":false,"effectivePrompt":"a cute cat sitting on a windowsill, warm sunlight, cozy room, cinematic lighting"}
2026-06-18T17:50:00.916Z [INFO] [图生] Step4 图生 API 返回 {"id":9,"api_ms":3094,"has_error":true,"elapsed":"3097ms"}
2026-06-18T17:50:00.917Z [ERROR] [图生] ✗ API返回错误 {"id":9,"error":"ComfyUI完成但无图片输出","total_elapsed":"3098ms"}
2026-06-18T17:50:20.941Z [INFO] GET /api/v1/tasks/78401a79-d58e-4ddc-bd7c-bc0c638693f7
2026-06-18T17:50:32.178Z [INFO] GET /api/v1/images/9
2026-06-18T17:51:58.238Z [INFO] POST /api/v1/images
2026-06-18T17:51:58.238Z [INFO] Task created {"task_id":"6ee469bb-a7c9-4924-a286-f96a5e172ae9","type":"image_generation","resource_id":"2"}
2026-06-18T17:51:58.239Z [INFO] [图生] ▶ 开始 {"id":10,"storyboard_id":null,"scene_id":null,"drama_id":2,"model":null,"prompt_preview":"a cute cat on a windowsill, warm sunlight, cozy room, cinematic lighting"}
2026-06-18T17:51:58.240Z [INFO] [图生] Step1 AI配置 {"id":10,"provider":"comfyui","model":["flux2-gguf"],"api_protocol":"comfyui","elapsed":"1ms"}
2026-06-18T17:51:58.240Z [INFO] [图生] Step2 参考图上限 {"id":10,"total":4,"max_characters":3,"max_objects":4,"elapsed":"1ms"}
2026-06-18T17:51:58.241Z [INFO] [图生] Step2 参考图 {"id":10,"source":"无","count":0,"paths":[],"elapsed":"2ms"}
2026-06-18T17:51:58.242Z [INFO] [图生] Step3 尺寸 {"id":10,"size":"2560x1440","elapsed":"3ms"}
2026-06-18T17:51:58.242Z [INFO] [图生] Step4 调用图生 API → {"id":10,"elapsed":"3ms"}
2026-06-18T17:51:58.242Z [INFO] [图生] callImageApi 路由 {"image_gen_id":10,"protocol":"comfyui","api_protocol_raw":"comfyui","provider":"comfyui","model":"flux2-gguf","size":"2560x1440","imageServiceType":"image","ref_count":0,"ref_label_injected":false,"effectivePrompt":"a cute cat on a windowsill, warm sunlight, cozy room, cinematic lighting"}
2026-06-18T17:52:01.327Z [INFO] [图生] Step4 图生 API 返回 {"id":10,"api_ms":3085,"has_error":true,"elapsed":"3088ms"}
2026-06-18T17:52:01.328Z [ERROR] [图生] ✗ API返回错误 {"id":10,"error":"ComfyUI完成但无图片输出","total_elapsed":"3089ms"}
2026-06-18T17:52:36.705Z [INFO] GET /api/v1/tasks/6ee46abb-a5c9-4626-8f96-5e172ae9
2026-06-18T17:52:46.078Z [INFO] GET /api/v1/tasks/6ee469bb-a7c9-4924-a286-f96a5e172ae9
2026-06-18T17:54:20.887Z [INFO] GET /api/v1/tasks/6ee46abb-a7c-926f-96a5e172ae
2026-06-18T17:55:06.207Z [INFO] POST /api/v1/images
2026-06-18T17:55:06.208Z [INFO] Task created {"task_id":"6dade31e-b01d-4449-ba68-28723da9c7bd","type":"image_generation","resource_id":"2"}
2026-06-18T17:55:06.209Z [INFO] [图生] ▶ 开始 {"id":11,"storyboard_id":null,"scene_id":null,"drama_id":2,"model":null,"prompt_preview":"a cute cat sitting on a windowsill, warm sunlight, cinematic"}
2026-06-18T17:55:06.210Z [INFO] [图生] Step1 AI配置 {"id":11,"provider":"comfyui","model":["flux2-gguf"],"api_protocol":"comfyui","elapsed":"1ms"}
2026-06-18T17:55:06.210Z [INFO] [图生] Step2 参考图上限 {"id":11,"total":4,"max_characters":3,"max_objects":4,"elapsed":"1ms"}
2026-06-18T17:55:06.211Z [INFO] [图生] Step2 参考图 {"id":11,"source":"无","count":0,"paths":[],"elapsed":"2ms"}
2026-06-18T17:55:06.212Z [INFO] [图生] Step3 尺寸 {"id":11,"size":"2560x1440","elapsed":"3ms"}
2026-06-18T17:55:06.212Z [INFO] [图生] Step4 调用图生 API → {"id":11,"elapsed":"3ms"}
2026-06-18T17:55:06.213Z [INFO] [图生] callImageApi 路由 {"image_gen_id":11,"protocol":"comfyui","api_protocol_raw":"comfyui","provider":"comfyui","model":"flux2-gguf","size":"2560x1440","imageServiceType":"image","ref_count":0,"ref_label_injected":false,"effectivePrompt":"a cute cat sitting on a windowsill, warm sunlight, cinematic"}
2026-06-18T17:55:09.309Z [INFO] [图生] Step4 图生 API 返回 {"id":11,"api_ms":3097,"has_error":true,"elapsed":"3100ms"}
2026-06-18T17:55:09.310Z [ERROR] [图生] ✗ API返回错误 {"id":11,"error":"ComfyUI完成但无图片输出","total_elapsed":"3101ms"}
2026-06-18T17:55:28.575Z [INFO] GET /api/v1/tasks/6dade31e-b01d-4449-ba68-28723da9c7bd
2026-06-18T17:59:50.062Z [INFO] POST /api/v1/images
2026-06-18T17:59:50.062Z [INFO] Task created {"task_id":"82d5c4e9-d35a-4f43-bb27-bff2c906fb5d","type":"image_generation","resource_id":"2"}
2026-06-18T17:59:50.063Z [INFO] [图生] ▶ 开始 {"id":12,"storyboard_id":null,"scene_id":null,"drama_id":2,"model":null,"prompt_preview":"a cute cat on a windowsill, warm sunlight, cozy room, cinematic lighting"}
2026-06-18T17:59:50.064Z [INFO] [图生] Step1 AI配置 {"id":12,"provider":"comfyui","model":["flux2-gguf"],"api_protocol":"comfyui","elapsed":"1ms"}
2026-06-18T17:59:50.064Z [INFO] [图生] Step2 参考图上限 {"id":12,"total":4,"max_characters":3,"max_objects":4,"elapsed":"1ms"}
2026-06-18T17:59:50.065Z [INFO] [图生] Step2 参考图 {"id":12,"source":"无","count":0,"paths":[],"elapsed":"2ms"}
2026-06-18T17:59:50.066Z [INFO] [图生] Step3 尺寸 {"id":12,"size":"2560x1440","elapsed":"3ms"}
2026-06-18T17:59:50.066Z [INFO] [图生] Step4 调用图生 API → {"id":12,"elapsed":"3ms"}
2026-06-18T17:59:50.066Z [INFO] [图生] callImageApi 路由 {"image_gen_id":12,"protocol":"comfyui","api_protocol_raw":"comfyui","provider":"comfyui","model":"flux2-gguf","size":"2560x1440","imageServiceType":"image","ref_count":0,"ref_label_injected":false,"effectivePrompt":"a cute cat on a windowsill, warm sunlight, cozy room, cinematic lighting"}
2026-06-18T17:59:50.136Z [INFO] [图生] Step4 图生 API 返回 {"id":12,"api_ms":70,"has_error":true,"elapsed":"73ms"}
2026-06-18T17:59:50.137Z [ERROR] [图生] ✗ API返回错误 {"id":12,"error":"ComfyUI提交失败: 400 - {\"error\": {\"type\": \"prompt_outputs_failed_validation\", \"message\": \"Prompt outputs failed validation\", \"details\": \"\", \"extra_info\": {}}, \"node_errors\": {\"2\": {\"errors\": [{\"type\": \"value_not_in_list\", \"message\": \"Value not in list\", \"details\": \"type: 'flux2' not in ['sdxl', 'sd3', 'flux', 'hunyuan_vid","total_elapsed":"74ms"}
2026-06-18T18:00:20.042Z [INFO] GET /api/v1/tasks/82d5c4e9-d35a-4f43-bb27-bff2c906fb5d
2026-06-18T18:00:31.323Z [INFO] GET /api/v1/tasks/2d5c4e9-d35a-4f33-bb27-bff2c906fb5d
2026-06-18T18:00:38.637Z [INFO] POST /api/v1/images
2026-06-18T18:00:38.638Z [INFO] Task created {"task_id":"7eca90db-7b39-401b-834d-756c9a554c55","type":"image_generation","resource_id":"2"}
2026-06-18T18:00:38.639Z [INFO] [图生] ▶ 开始 {"id":13,"storyboard_id":null,"scene_id":null,"drama_id":2,"model":null,"prompt_preview":"a cute cat on a windowsill, warm sunlight, cinematic lighting"}
2026-06-18T18:00:38.640Z [INFO] [图生] Step1 AI配置 {"id":13,"provider":"comfyui","model":["flux2-gguf"],"api_protocol":"comfyui","elapsed":"1ms"}
2026-06-18T18:00:38.640Z [INFO] [图生] Step2 参考图上限 {"id":13,"total":4,"max_characters":3,"max_objects":4,"elapsed":"1ms"}
2026-06-18T18:00:38.640Z [INFO] [图生] Step2 参考图 {"id":13,"source":"无","count":0,"paths":[],"elapsed":"1ms"}
2026-06-18T18:00:38.641Z [INFO] [图生] Step3 尺寸 {"id":13,"size":"2560x1440","elapsed":"2ms"}
2026-06-18T18:00:38.642Z [INFO] [图生] Step4 调用图生 API → {"id":13,"elapsed":"3ms"}
2026-06-18T18:00:38.643Z [INFO] [图生] callImageApi 路由 {"image_gen_id":13,"protocol":"comfyui","api_protocol_raw":"comfyui","provider":"comfyui","model":"flux2-gguf","size":"2560x1440","imageServiceType":"image","ref_count":0,"ref_label_injected":false,"effectivePrompt":"a cute cat on a windowsill, warm sunlight, cinematic lighting"}
2026-06-18T18:00:41.746Z [INFO] [图生] Step4 图生 API 返回 {"id":13,"api_ms":3104,"has_error":true,"elapsed":"3107ms"}
2026-06-18T18:00:41.748Z [ERROR] [图生] ✗ API返回错误 {"id":13,"error":"ComfyUI完成但无图片输出","total_elapsed":"3109ms"}
2026-06-18T18:01:30.518Z [INFO] GET /api/v1/tasks/7eca90db-7b39-401b-834d-756c9a554c55
2026-06-18T18:03:17.539Z [INFO] GET /api/v1/images/13
2026-06-18T18:03:19.422Z [INFO] GET /api/v1/images/10
2026-06-18T18:08:33.164Z [INFO] GET /api/v1/images/13
2026-06-18T18:09:26.217Z [INFO] POST /api/v1/images
2026-06-18T18:09:26.218Z [INFO] Task created {"task_id":"0e1625ba-3b63-4263-82a7-e524f10ba305","type":"image_generation","resource_id":"2"}
2026-06-18T18:09:26.219Z [INFO] [图生] ▶ 开始 {"id":14,"storyboard_id":null,"scene_id":null,"drama_id":2,"model":null,"prompt_preview":"a red apple on a wooden table, cinematic"}
2026-06-18T18:09:26.220Z [INFO] [图生] Step1 AI配置 {"id":14,"provider":"comfyui","model":["flux2-gguf"],"api_protocol":"comfyui","elapsed":"1ms"}
2026-06-18T18:09:26.220Z [INFO] [图生] Step2 参考图上限 {"id":14,"total":4,"max_characters":3,"max_objects":4,"elapsed":"1ms"}
2026-06-18T18:09:26.220Z [INFO] [图生] Step2 参考图 {"id":14,"source":"无","count":0,"paths":[],"elapsed":"1ms"}
2026-06-18T18:09:26.222Z [INFO] [图生] Step3 尺寸 {"id":14,"size":"2560x1440","elapsed":"3ms"}
2026-06-18T18:09:26.222Z [INFO] [图生] Step4 调用图生 API → {"id":14,"elapsed":"3ms"}
2026-06-18T18:09:26.222Z [INFO] [图生] callImageApi 路由 {"image_gen_id":14,"protocol":"comfyui","api_protocol_raw":"comfyui","provider":"comfyui","model":"flux2-gguf","size":"2560x1440","imageServiceType":"image","ref_count":0,"ref_label_injected":false,"effectivePrompt":"a red apple on a wooden table, cinematic"}
2026-06-18T18:09:29.312Z [INFO] [图生] Step4 图生 API 返回 {"id":14,"api_ms":3090,"has_error":true,"elapsed":"3093ms"}
2026-06-18T18:09:29.312Z [ERROR] [图生] ✗ API返回错误 {"id":14,"error":"ComfyUI完成但无图片输出","total_elapsed":"3093ms"}
2026-06-18T18:10:33.450Z [INFO] GET /api/v1/tasks/0e1625ba-3b63-426f-82a7-e5454f10ba305
2026-06-18T18:12:11.824Z [INFO] GET /api/v1/images/14
2026-06-18T18:36:48.097Z [INFO] POST /api/v1/images
2026-06-18T18:36:48.098Z [INFO] Task created {"task_id":"f081b326-3fd2-4bd8-ad4b-908caab26905","type":"image_generation","resource_id":"2"}
2026-06-18T18:36:48.099Z [INFO] [图生] ▶ 开始 {"id":15,"storyboard_id":null,"scene_id":null,"drama_id":2,"model":null,"prompt_preview":"a cute cat on a windowsill, warm sunlight, cinematic lighting"}
2026-06-18T18:36:48.100Z [INFO] [图生] Step1 AI配置 {"id":15,"provider":"comfyui","model":["flux2-gguf"],"api_protocol":"comfyui","elapsed":"1ms"}
2026-06-18T18:36:48.100Z [INFO] [图生] Step2 参考图上限 {"id":15,"total":4,"max_characters":3,"max_objects":4,"elapsed":"1ms"}
2026-06-18T18:36:48.100Z [INFO] [图生] Step2 参考图 {"id":15,"source":"无","count":0,"paths":[],"elapsed":"1ms"}
2026-06-18T18:36:48.102Z [INFO] [图生] Step3 尺寸 {"id":15,"size":"2560x1440","elapsed":"3ms"}
2026-06-18T18:36:48.102Z [INFO] [图生] Step4 调用图生 API → {"id":15,"elapsed":"3ms"}
2026-06-18T18:36:48.102Z [INFO] [图生] callImageApi 路由 {"image_gen_id":15,"protocol":"comfyui","api_protocol_raw":"comfyui","provider":"comfyui","model":"flux2-gguf","size":"2560x1440","imageServiceType":"image","ref_count":0,"ref_label_injected":false,"effectivePrompt":"a cute cat on a windowsill, warm sunlight, cinematic lighting"}
[ComfyUI-T2I] 第1次重试，等待1000ms...
[ComfyUI-T2I] 第2次重试，等待2000ms...
[ComfyUI-T2I] 第3次重试，等待4000ms...
2026-06-18T18:36:55.143Z [INFO] [图生] Step4 图生 API 返回 {"id":15,"api_ms":7041,"has_error":true,"elapsed":"7044ms"}
2026-06-18T18:36:55.144Z [ERROR] [图生] ✗ API返回错误 {"id":15,"error":"ComfyUI请求异常（含重试）: fetch failed","total_elapsed":"7045ms"}
2026-06-18T18:37:55.955Z [INFO] GET /api/v1/images/15
2026-06-19T03:22:36.027Z [INFO] GET /api/v1/ai-configs
2026-06-19T03:22:57.714Z [INFO] POST /api/v1/videos
2026-06-19T03:22:57.716Z [INFO] Task created {"task_id":"52336b74-56a4-4313-adb6-7908dd7648db","type":"video_generation","resource_id":""}
2026-06-19T03:22:57.717Z [INFO] processVideoGeneration started {"videoGenId":14}
2026-06-19T03:22:57.719Z [INFO] [视频] 路由协议 {"video_gen_id":14,"provider":"comfyui","api_protocol_raw":"comfyui","protocol_used":"comfyui","model":"wan22-distill-fp8","endpoint":"/prompt"}
2026-06-19T03:22:57.720Z [INFO] [ComfyUI] 从文件加载workflow {"file":"D:\\zmzc-code\\ai-drama-refs\\LocalMiniDrama\\backend-node\\configs\\comfyui_workflows\\wan22_distill_i2v.json","video_gen_id":14}
2026-06-19T03:22:57.721Z [INFO] [ComfyUI] 提交workflow {"url":"http://localhost:18188/prompt","prompt":"a young woman smiling gently in a park, cinematic lighting, soft breeze","video_gen_id":14,"workflow":"{\n  \"1\": {\n    \"class_type\": \"UNETLoader\",\n    \"inputs\": {\n      \"unet_name\": \"wan_fp8_scaled/I2V/Wan2_2-I2V-A14B-HIGH_fp8_e4m3fn_scaled_KJ.safetensors\",\n      \"weight_dtype\": \"default\"\n    }\n  },\n  \"2\": {\n    \"class_type\": \"UNETLoader\",\n    \"inputs\": {\n      \"unet_name\": \"wan_fp8_scaled/I2V/Wan2_2-I2V-A14B-LOW_fp8_e4m3fn_scaled_KJ.safetensors\",\n      \"weight_dtype\": \"default\"\n    }\n  },\n  \"3\": {\n    \"class_type\": \"CLIPLoader\",\n    \"inputs\": {\n      \"clip_name\": \"umt5_xxl_fp8_e4m3fn_scaled.safetensors\",\n      \"type\": \"wan\"\n    }\n  },\n  \"4\": {\n    \"class_type\": \"CLIPTextEncode\",\n    \"inputs\": {\n      \"text\": \"a young woman smiling gently in a park, cinematic lighting, soft breeze\",\n      \"clip\": [\n        \"3\",\n        0\n      ]\n    }\n  },\n  \"5\": {\n    \"class_type\": \"CLIPTextEncode\",\n    \"inputs\": {\n      \"text\": \"low quality, blurry, distorted, bad anatomy, watermark, text, logo, nsfw\",\n      \"clip\": [\n        \"3\",\n        0\n      ]\n    }\n  },\n  \"6\": {\n    \"class_type\": \"VAELoader\",\n    \"inputs\": {\n      \"vae_name\": \"wan_2.1_vae.safetensors\"\n    }\n  },\n  \"7\": {\n    \"class_type\": \"CLIPVisionLoader\",\n    \"inputs\": {\n      \"clip_name\": \"clip_vision_h.safetensors\"\n    }\n  },\n  \"8\": {\n    \"class_type\": \"LoadImage\",\n    \"inputs\": {\n      \"image\": \"\"\n    }\n  },\n  \"9\": {\n    \"class_type\": \"CLIPVisionEncode\",\n    \"inputs\": {\n      \"clip_vision\": [\n        \"7\",\n        0\n      ],\n      \"image\": [\n        \"8\",\n        0\n      ]\n    }\n  },\n  \"10\": {\n    \"class_type\": \"Wan22ImageToVideoLatent\",\n    \"inputs\": {\n      \"vae\": [\n        \"6\",\n        0\n      ],\n      \"width\": 1280,\n      \"height\": 720,\n      \"length\": 50,\n      \"batch_size\": 1,\n      \"start_image\": [\n        \"8\",\n        0\n      ]\n    }\n  },\n  \"11\": {\n    \"class_type\": \"KSampler\",\n    \"inputs\": {\n      \"seed\": 251769319068,\n      \"steps\": 20,\n      \"cfg\": 3,\n      \"sampler_name\": \"euler\",\n      \"scheduler\": \"normal\",\n      \"denoise\": 1,\n      \"model\": [\n        \"1\",\n        0\n      ],\n      \"positive\": [\n        \"4\",\n        0\n      ],\n      \"negative\": [\n        \"5\",\n        0\n      ],\n      \"latent_image\": [\n        \"10\",\n        0\n      ]\n    }\n  },\n  \"12\": {\n    \"class_type\": \"KSampler\",\n    \"inputs\": {\n      \"seed\": 251769319068,\n      \"steps\": 20,\n      \"cfg\": 3,\n      \"sampler_name\": \"euler\",\n      \"scheduler\": \"normal\",\n      \"denoise\": 1,\n      \"model\": [\n        \"2\",\n        0\n      ],\n      \"positive\": [\n        \"4\",\n        0\n      ],\n      \"negative\": [\n        \"5\",\n        0\n      ],\n      \"latent_image\": [\n        \"11\",\n        0\n      ]\n    }\n  },\n  \"13\": {\n    \"class_type\": \"VAEDecode\",\n    \"inputs\": {\n      \"samples\": [\n        \"12\",\n        0\n      ],\n      \"vae\": [\n        \"6\",\n        0\n      ]\n    }\n  },\n  \"14\": {\n    \"class_type\": \"CreateVideo\",\n    \"inputs\": {\n      \"images\": [\n        \"13\",\n        0\n      ],\n      \"fps\": 25\n    }\n  },\n  \"15\": {\n    \"class_type\": \"SaveVideo\",\n    \"inputs\": {\n      \"filename_prefix\": \"drama\",\n      \"video\": [\n        \"14\",\n        0\n      ],\n      \"format\": \"auto\",\n      \"codec\": \"auto\"\n    }\n  }\n}"}
[ComfyUI] 准备发送请求 { url: 'http://localhost:18188/prompt', video_gen_id: 14 }
2026-06-19T03:22:57.721Z [INFO] [ComfyUI] 发送请求到ComfyUI {"url":"http://localhost:18188/prompt","video_gen_id":14}
[ComfyUI] 第1次重试，等待1000ms...
[ComfyUI] 第2次重试，等待2000ms...
[ComfyUI] 第3次重试，等待4000ms...
2026-06-19T03:23:04.829Z [ERROR] [ComfyUI] 请求异常（含重试） {"error":"fetch failed","error_name":"TypeError","video_gen_id":14}
2026-06-19T03:23:04.831Z [ERROR] Video generation failed {"id":14,"error":"ComfyUI请求异常: fetch failed"}
2026-06-19T03:23:17.189Z [INFO] GET /api/v1/tasks/52336b74-56a4-4313-adb6-7908dd7648db
2026-06-19T03:40:06.751Z [INFO] POST /api/v1/videos
2026-06-19T03:40:06.752Z [INFO] Task created {"task_id":"01929ae4-87e0-4c5d-a60a-04a450507498","type":"video_generation","resource_id":""}
2026-06-19T03:40:06.753Z [INFO] processVideoGeneration started {"videoGenId":15}
2026-06-19T03:40:06.755Z [INFO] [视频] 路由协议 {"video_gen_id":15,"provider":"comfyui","api_protocol_raw":"comfyui","protocol_used":"comfyui","model":"wan22-distill-fp8","endpoint":"/prompt"}
2026-06-19T03:40:06.756Z [INFO] [ComfyUI] 从文件加载workflow {"file":"D:\\zmzc-code\\ai-drama-refs\\LocalMiniDrama\\backend-node\\configs\\comfyui_workflows\\wan22_distill_i2v.json","video_gen_id":15}
2026-06-19T03:40:06.757Z [INFO] [ComfyUI] 提交workflow {"url":"http://localhost:18188/prompt","prompt":"a young woman smiling gently, cinematic lighting, soft breeze in hair","video_gen_id":15,"workflow":"{\n  \"1\": {\n    \"class_type\": \"UNETLoader\",\n    \"inputs\": {\n      \"unet_name\": \"wan_fp8_scaled/I2V/Wan2_2-I2V-A14B-HIGH_fp8_e4m3fn_scaled_KJ.safetensors\",\n      \"weight_dtype\": \"default\"\n    }\n  },\n  \"2\": {\n    \"class_type\": \"UNETLoader\",\n    \"inputs\": {\n      \"unet_name\": \"wan_fp8_scaled/I2V/Wan2_2-I2V-A14B-LOW_fp8_e4m3fn_scaled_KJ.safetensors\",\n      \"weight_dtype\": \"default\"\n    }\n  },\n  \"3\": {\n    \"class_type\": \"CLIPLoader\",\n    \"inputs\": {\n      \"clip_name\": \"umt5_xxl_fp8_e4m3fn_scaled.safetensors\",\n      \"type\": \"wan\"\n    }\n  },\n  \"4\": {\n    \"class_type\": \"CLIPTextEncode\",\n    \"inputs\": {\n      \"text\": \"a young woman smiling gently, cinematic lighting, soft breeze in hair\",\n      \"clip\": [\n        \"3\",\n        0\n      ]\n    }\n  },\n  \"5\": {\n    \"class_type\": \"CLIPTextEncode\",\n    \"inputs\": {\n      \"text\": \"low quality, blurry, distorted, bad anatomy, watermark, text, logo, nsfw\",\n      \"clip\": [\n        \"3\",\n        0\n      ]\n    }\n  },\n  \"6\": {\n    \"class_type\": \"VAELoader\",\n    \"inputs\": {\n      \"vae_name\": \"wan_2.1_vae.safetensors\"\n    }\n  },\n  \"7\": {\n    \"class_type\": \"CLIPVisionLoader\",\n    \"inputs\": {\n      \"clip_name\": \"clip_vision_h.safetensors\"\n    }\n  },\n  \"8\": {\n    \"class_type\": \"LoadImage\",\n    \"inputs\": {\n      \"image\": \"\"\n    }\n  },\n  \"9\": {\n    \"class_type\": \"CLIPVisionEncode\",\n    \"inputs\": {\n      \"clip_vision\": [\n        \"7\",\n        0\n      ],\n      \"image\": [\n        \"8\",\n        0\n      ]\n    }\n  },\n  \"10\": {\n    \"class_type\": \"Wan22ImageToVideoLatent\",\n    \"inputs\": {\n      \"vae\": [\n        \"6\",\n        0\n      ],\n      \"width\": 1280,\n      \"height\": 720,\n      \"length\": 50,\n      \"batch_size\": 1,\n      \"start_image\": [\n        \"8\",\n        0\n      ]\n    }\n  },\n  \"11\": {\n    \"class_type\": \"KSampler\",\n    \"inputs\": {\n      \"seed\": 954868916863,\n      \"steps\": 20,\n      \"cfg\": 3,\n      \"sampler_name\": \"euler\",\n      \"scheduler\": \"normal\",\n      \"denoise\": 1,\n      \"model\": [\n        \"1\",\n        0\n      ],\n      \"positive\": [\n        \"4\",\n        0\n      ],\n      \"negative\": [\n        \"5\",\n        0\n      ],\n      \"latent_image\": [\n        \"10\",\n        0\n      ]\n    }\n  },\n  \"12\": {\n    \"class_type\": \"KSampler\",\n    \"inputs\": {\n      \"seed\": 954868916863,\n      \"steps\": 20,\n      \"cfg\": 3,\n      \"sampler_name\": \"euler\",\n      \"scheduler\": \"normal\",\n      \"denoise\": 1,\n      \"model\": [\n        \"2\",\n        0\n      ],\n      \"positive\": [\n        \"4\",\n        0\n      ],\n      \"negative\": [\n        \"5\",\n        0\n      ],\n      \"latent_image\": [\n        \"11\",\n        0\n      ]\n    }\n  },\n  \"13\": {\n    \"class_type\": \"VAEDecode\",\n    \"inputs\": {\n      \"samples\": [\n        \"12\",\n        0\n      ],\n      \"vae\": [\n        \"6\",\n        0\n      ]\n    }\n  },\n  \"14\": {\n    \"class_type\": \"CreateVideo\",\n    \"inputs\": {\n      \"images\": [\n        \"13\",\n        0\n      ],\n      \"fps\": 25\n    }\n  },\n  \"15\": {\n    \"class_type\": \"SaveVideo\",\n    \"inputs\": {\n      \"filename_prefix\": \"drama\",\n      \"video\": [\n        \"14\",\n        0\n      ],\n      \"format\": \"auto\",\n      \"codec\": \"auto\"\n    }\n  }\n}"}
[ComfyUI] 准备发送请求 { url: 'http://localhost:18188/prompt', video_gen_id: 15 }
2026-06-19T03:40:06.758Z [INFO] [ComfyUI] 发送请求到ComfyUI {"url":"http://localhost:18188/prompt","video_gen_id":15}
[ComfyUI] 收到响应 { status: 200, video_gen_id: 15 }
2026-06-19T03:40:06.822Z [INFO] [ComfyUI] 收到响应 {"status":200,"video_gen_id":15}
2026-06-19T03:40:06.822Z [INFO] [ComfyUI] Workflow已提交 {"prompt_id":"114ac47e-0e30-4824-976c-46819b2c19ab","video_gen_id":15}
2026-06-19T03:40:06.823Z [INFO] [poll] ???? {"video_gen_id":15,"task_id":"114ac47e-0e30-4824-976c-46819b2c19ab","protocol":"comfyui","poll_url":"http://localhost:18188/history/{prompt_id}"}
2026-06-19T03:40:16.831Z [INFO] [ComfyUI poll] 查询history {"url":"http://localhost:18188/history/114ac47e-0e30-4824-976c-46819b2c19ab","video_gen_id":15}
2026-06-19T03:40:16.832Z [INFO] [poll] 发起查询 {"video_gen_id":15,"round":1,"url":"http://localhost:18188/history/114ac47e-0e30-4824-976c-46819b2c19ab"}
2026-06-19T03:40:16.873Z [INFO] [poll] 查询 HTTP 结果 {"video_gen_id":15,"round":1,"http_status":200,"bytes":4429,"body":"{\"114ac47e-0e30-4824-976c-46819b2c19ab\": {\"prompt\": [4, \"114ac47e-0e30-4824-976c-46819b2c19ab\", {\"1\": {\"class_type\": \"UNETLoader\", \"inputs\": {\"unet_name\": \"wan_fp8_scaled/I2V/Wan2_2-I2V-A14B-HIGH_fp8_e4m3fn_scaled_KJ.safetensors\", \"weight_dtype\": \"default\"}}, \"2\": {\"class_type\": \"UNETLoader\", \"inputs\": {\"unet_name\": \"wan_fp8_scaled/I2V/Wan2_2-I2V-A14B-LOW_fp8_e4m3fn_scaled_KJ.safetensors\", \"weight_dtype\": \"default\"}}, \"3\": {\"class_type\": \"CLIPLoader\", \"inputs\": {\"clip_name\": \"umt5_xxl_fp8_e4m3fn_scaled.safetensors\", \"type\": \"wan\"}}, \"4\": {\"class_type\": \"CLIPTextEncode\", \"inputs\": {\"text\": \"a young woman smiling gently, cinematic lighting, soft breeze in hair\", \"clip\": [\"3\", 0]}}, \"5\": {\"class_type\": \"CLIPTextEncode\", \"inputs\": {\"text\": \"low quality, blurry, distorted, bad anatomy, watermark, text, logo, nsfw\", \"clip\": [\"3\", 0]}}, \"6\": {\"class_type\": \"VAELoader\", \"inputs\": {\"vae_name\": \"wan_2.1_vae.safetensors\"}}, \"7\": {\"class_type\": \"CLIPVisionLoader\", \"inputs\": {\"clip_name\": \"clip_vision_h.safetensors\"}}, \"8\": {\"class_type\": \"LoadImage\", \"inputs\": {\"image\": \"\"}}, \"9\": {\"class_type\": \"CLIPVisionEncode\", \"inputs\": {\"clip_vision\": [\"7\", 0], \"image\": [\"8\", 0]}}, \"10\": {\"class_type\": \"Wan22ImageToVideoLatent\", \"inputs\": {\"vae\": [\"6\", 0], \"width\": 1280, \"height\": 720, \"length\": 50, \"batch_size\": 1, \"start_image\": [\"8\", 0]}}, \"11\": {\"class_type\": \"KSampler\", \"inputs\": {\"seed\": 954868916863, \"steps\": 20, \"cfg\": 3.0, \"sampler_name\": \"euler\", \"scheduler\": \"normal\", \"denoise\": 1.0, \"model\": [\"1\", 0], \"positive\": [\"4\", 0], \"negative\": [\"5\", 0], \"latent_image\": [\"10\", 0]}}, \"12\": {\"class_type\": \"KSampler\", \"inputs\": {\"seed\": 954868916863, \"steps\": 20, \"cfg\": 3.0, \"sampler_name\": \"euler\", \"scheduler\": \"normal\", \"denoise\": 1.0, \"model\": [\"2\", 0], \"positive\": [\"4\", 0], \"negative\": [\"5\", 0], \"latent_image\": [\"11\", 0]}}, \"13\": {\"class_type\": \"VAEDecode\", \"inputs\": {\"samples\": [\"12\", 0], \"vae\": [\"6\", 0]}}, \"14\": {\"class_type\": \"CreateVideo\", \"inputs\": {\"images\": [\"13\", 0], \"fps\": 25.0}}, \"15\": {\"class_type\": \"SaveVideo\", \"inputs\": {\"filename_prefix\": \"drama\", \"video\": [\"14\", 0], \"format\": \"auto\", \"codec\": \"auto\"}}}, {\"create_time\": 1781840407403}, [\"15\"]], \"outputs\": {}, \"status\": {\"status_str\": \"error\", \"completed\": false, \"messages\": [[\"execution_start\", {\"prompt_id\": \"114ac47e-0e30-4824-976c-46819b2c19ab\", \"timestamp\": 1781840407405}], [\"execution_cached\", {\"nodes\": [\"1\", \"2\", \"3\", \"6\"], \"prompt_id\": \"114ac47e-0e30-4824-976c-46819b2c19ab\", \"timestamp\": 1781840407416}], [\"execution_error\", {\"prompt_id\": \"114ac47e-0e30-4824-976c-46819b2c19ab\", \"node_id\": \"8\", \"node_type\": \"LoadImage\", \"executed\": [], \"exception_message\": \"[Errno 21] Is a directory: '/root/autodl-tmp/ComfyUI/input/'\\n\", \"exception_type\": \"av.error.IsADirectoryError\", \"traceback\": [\"  File \\\"/root/autodl-tmp/ComfyUI/execution.py\\\", line 542, in execute\\n    output_data, output_ui, has_subgraph, has_pending_tasks = await get_output_data(prompt_id, unique_id, obj, input_data_all, execution_block_cb=execution_block_cb, pre_execute_cb=pre_execute_cb, v3_data=v3_data)\\n\", \"  File \\\"/root/autodl-tmp/ComfyUI/execution.py\\\", line 341, in get_output_data\\n    return_values = await _async_map_node_over_list(prompt_id, unique_id, obj, input_data_all, obj.FUNCTION, allow_interrupt=True, execution_block_cb=execution_block_cb, pre_execute_cb=pre_execute_cb, v3_data=v3_data)\\n\", \"  File \\\"/root/autodl-tmp/ComfyUI/execution.py\\\", line 315, in _async_map_node_over_list\\n    await process_inputs(input_dict, i)\\n\", \"  File \\\"/root/autodl-tmp/ComfyUI/execution.py\\\", line 303, in process_inputs\\n    result = f(**inputs)\\n\", \"  File \\\"/root/autodl-tmp/ComfyUI/nodes.py\\\", line 1718, in load_image\\n    components = InputImpl.VideoFromFile(image_path).get_components()\\n\", \"  File \\\"/root/autodl-tmp/ComfyUI/comfy_api/latest/_input_impl/video_types.py\\\", line 370, in get_components\\n    with av.open(self.__file, mode='r') as container:\\n\", \"  File \\\"av/container/core.py\\\", line 555, in av.container.core.open\\n\", \"  File \\\"av/container/core.py\\\", line 344, in av.container.core.Container.__cinit__\\n\", \"  File \\\"av/container/core.py\\\", line 369, in av.container.core.Container.err_check\\n\", \"  File \\\"av/error.py\\\", line 411, in av.error.err_check\\n\"], \"current_inputs\": {\"image\": [\"\"]}, \"current_outputs\": [\"3\", \"5\", \"8\", \"1\", \"11\", \"15\", \"12\", \"2\", \"7\", \"9\", \"13\", \"14\", \"4\", \"6\", \"10\"], \"timestamp\": 1781840407422}]]}, \"meta\": {}}}"}
2026-06-19T03:40:16.873Z [WARN] [ComfyUI poll] 任务完成但未找到视频文件 {"outputs":"{}","video_gen_id":15}
2026-06-19T03:40:26.876Z [INFO] [ComfyUI poll] 查询history {"url":"http://localhost:18188/history/114ac47e-0e30-4824-976c-46819b2c19ab","video_gen_id":15}
2026-06-19T03:40:26.877Z [INFO] [poll] 发起查询 {"video_gen_id":15,"round":2,"url":"http://localhost:18188/history/114ac47e-0e30-4824-976c-46819b2c19ab"}
2026-06-19T03:40:26.912Z [INFO] [poll] 查询 HTTP 结果 {"video_gen_id":15,"round":2,"http_status":200,"bytes":4429,"body":"{\"114ac47e-0e30-4824-976c-46819b2c19ab\": {\"prompt\": [4, \"114ac47e-0e30-4824-976c-46819b2c19ab\", {\"1\": {\"class_type\": \"UNETLoader\", \"inputs\": {\"unet_name\": \"wan_fp8_scaled/I2V/Wan2_2-I2V-A14B-HIGH_fp8_e4m3fn_scaled_KJ.safetensors\", \"weight_dtype\": \"default\"}}, \"2\": {\"class_type\": \"UNETLoader\", \"inputs\": {\"unet_name\": \"wan_fp8_scaled/I2V/Wan2_2-I2V-A14B-LOW_fp8_e4m3fn_scaled_KJ.safetensors\", \"weight_dtype\": \"default\"}}, \"3\": {\"class_type\": \"CLIPLoader\", \"inputs\": {\"clip_name\": \"umt5_xxl_fp8_e4m3fn_scaled.safetensors\", \"type\": \"wan\"}}, \"4\": {\"class_type\": \"CLIPTextEncode\", \"inputs\": {\"text\": \"a young woman smiling gently, cinematic lighting, soft breeze in hair\", \"clip\": [\"3\", 0]}}, \"5\": {\"class_type\": \"CLIPTextEncode\", \"inputs\": {\"text\": \"low quality, blurry, distorted, bad anatomy, watermark, text, logo, nsfw\", \"clip\": [\"3\", 0]}}, \"6\": {\"class_type\": \"VAELoader\", \"inputs\": {\"vae_name\": \"wan_2.1_vae.safetensors\"}}, \"7\": {\"class_type\": \"CLIPVisionLoader\", \"inputs\": {\"clip_name\": \"clip_vision_h.safetensors\"}}, \"8\": {\"class_type\": \"LoadImage\", \"inputs\": {\"image\": \"\"}}, \"9\": {\"class_type\": \"CLIPVisionEncode\", \"inputs\": {\"clip_vision\": [\"7\", 0], \"image\": [\"8\", 0]}}, \"10\": {\"class_type\": \"Wan22ImageToVideoLatent\", \"inputs\": {\"vae\": [\"6\", 0], \"width\": 1280, \"height\": 720, \"length\": 50, \"batch_size\": 1, \"start_image\": [\"8\", 0]}}, \"11\": {\"class_type\": \"KSampler\", \"inputs\": {\"seed\": 954868916863, \"steps\": 20, \"cfg\": 3.0, \"sampler_name\": \"euler\", \"scheduler\": \"normal\", \"denoise\": 1.0, \"model\": [\"1\", 0], \"positive\": [\"4\", 0], \"negative\": [\"5\", 0], \"latent_image\": [\"10\", 0]}}, \"12\": {\"class_type\": \"KSampler\", \"inputs\": {\"seed\": 954868916863, \"steps\": 20, \"cfg\": 3.0, \"sampler_name\": \"euler\", \"scheduler\": \"normal\", \"denoise\": 1.0, \"model\": [\"2\", 0], \"positive\": [\"4\", 0], \"negative\": [\"5\", 0], \"latent_image\": [\"11\", 0]}}, \"13\": {\"class_type\": \"VAEDecode\", \"inputs\": {\"samples\": [\"12\", 0], \"vae\": [\"6\", 0]}}, \"14\": {\"class_type\": \"CreateVideo\", \"inputs\": {\"images\": [\"13\", 0], \"fps\": 25.0}}, \"15\": {\"class_type\": \"SaveVideo\", \"inputs\": {\"filename_prefix\": \"drama\", \"video\": [\"14\", 0], \"format\": \"auto\", \"codec\": \"auto\"}}}, {\"create_time\": 1781840407403}, [\"15\"]], \"outputs\": {}, \"status\": {\"status_str\": \"error\", \"completed\": false, \"messages\": [[\"execution_start\", {\"prompt_id\": \"114ac47e-0e30-4824-976c-46819b2c19ab\", \"timestamp\": 1781840407405}], [\"execution_cached\", {\"nodes\": [\"1\", \"2\", \"3\", \"6\"], \"prompt_id\": \"114ac47e-0e30-4824-976c-46819b2c19ab\", \"timestamp\": 1781840407416}], [\"execution_error\", {\"prompt_id\": \"114ac47e-0e30-4824-976c-46819b2c19ab\", \"node_id\": \"8\", \"node_type\": \"LoadImage\", \"executed\": [], \"exception_message\": \"[Errno 21] Is a directory: '/root/autodl-tmp/ComfyUI/input/'\\n\", \"exception_type\": \"av.error.IsADirectoryError\", \"traceback\": [\"  File \\\"/root/autodl-tmp/ComfyUI/execution.py\\\", line 542, in execute\\n    output_data, output_ui, has_subgraph, has_pending_tasks = await get_output_data(prompt_id, unique_id, obj, input_data_all, execution_block_cb=execution_block_cb, pre_execute_cb=pre_execute_cb, v3_data=v3_data)\\n\", \"  File \\\"/root/autodl-tmp/ComfyUI/execution.py\\\", line 341, in get_output_data\\n    return_values = await _async_map_node_over_list(prompt_id, unique_id, obj, input_data_all, obj.FUNCTION, allow_interrupt=True, execution_block_cb=execution_block_cb, pre_execute_cb=pre_execute_cb, v3_data=v3_data)\\n\", \"  File \\\"/root/autodl-tmp/ComfyUI/execution.py\\\", line 315, in _async_map_node_over_list\\n    await process_inputs(input_dict, i)\\n\", \"  File \\\"/root/autodl-tmp/ComfyUI/execution.py\\\", line 303, in process_inputs\\n    result = f(**inputs)\\n\", \"  File \\\"/root/autodl-tmp/ComfyUI/nodes.py\\\", line 1718, in load_image\\n    components = InputImpl.VideoFromFile(image_path).get_components()\\n\", \"  File \\\"/root/autodl-tmp/ComfyUI/comfy_api/latest/_input_impl/video_types.py\\\", line 370, in get_components\\n    with av.open(self.__file, mode='r') as container:\\n\", \"  File \\\"av/container/core.py\\\", line 555, in av.container.core.open\\n\", \"  File \\\"av/container/core.py\\\", line 344, in av.container.core.Container.__cinit__\\n\", \"  File \\\"av/container/core.py\\\", line 369, in av.container.core.Container.err_check\\n\", \"  File \\\"av/error.py\\\", line 411, in av.error.err_check\\n\"], \"current_inputs\": {\"image\": [\"\"]}, \"current_outputs\": [\"3\", \"5\", \"8\", \"1\", \"11\", \"15\", \"12\", \"2\", \"7\", \"9\", \"13\", \"14\", \"4\", \"6\", \"10\"], \"timestamp\": 1781840407422}]]}, \"meta\": {}}}"}
2026-06-19T03:40:26.912Z [WARN] [ComfyUI poll] 任务完成但未找到视频文件 {"outputs":"{}","video_gen_id":15}
2026-06-19T03:40:36.925Z [INFO] [ComfyUI poll] 查询history {"url":"http://localhost:18188/history/114ac47e-0e30-4824-976c-46819b2c19ab","video_gen_id":15}
2026-06-19T03:40:36.927Z [INFO] [poll] 发起查询 {"video_gen_id":15,"round":3,"url":"http://localhost:18188/history/114ac47e-0e30-4824-976c-46819b2c19ab"}
2026-06-19T03:40:36.964Z [INFO] [poll] 查询 HTTP 结果 {"video_gen_id":15,"round":3,"http_status":200,"bytes":4429,"body":"{\"114ac47e-0e30-4824-976c-46819b2c19ab\": {\"prompt\": [4, \"114ac47e-0e30-4824-976c-46819b2c19ab\", {\"1\": {\"class_type\": \"UNETLoader\", \"inputs\": {\"unet_name\": \"wan_fp8_scaled/I2V/Wan2_2-I2V-A14B-HIGH_fp8_e4m3fn_scaled_KJ.safetensors\", \"weight_dtype\": \"default\"}}, \"2\": {\"class_type\": \"UNETLoader\", \"inputs\": {\"unet_name\": \"wan_fp8_scaled/I2V/Wan2_2-I2V-A14B-LOW_fp8_e4m3fn_scaled_KJ.safetensors\", \"weight_dtype\": \"default\"}}, \"3\": {\"class_type\": \"CLIPLoader\", \"inputs\": {\"clip_name\": \"umt5_xxl_fp8_e4m3fn_scaled.safetensors\", \"type\": \"wan\"}}, \"4\": {\"class_type\": \"CLIPTextEncode\", \"inputs\": {\"text\": \"a young woman smiling gently, cinematic lighting, soft breeze in hair\", \"clip\": [\"3\", 0]}}, \"5\": {\"class_type\": \"CLIPTextEncode\", \"inputs\": {\"text\": \"low quality, blurry, distorted, bad anatomy, watermark, text, logo, nsfw\", \"clip\": [\"3\", 0]}}, \"6\": {\"class_type\": \"VAELoader\", \"inputs\": {\"vae_name\": \"wan_2.1_vae.safetensors\"}}, \"7\": {\"class_type\": \"CLIPVisionLoader\", \"inputs\": {\"clip_name\": \"clip_vision_h.safetensors\"}}, \"8\": {\"class_type\": \"LoadImage\", \"inputs\": {\"image\": \"\"}}, \"9\": {\"class_type\": \"CLIPVisionEncode\", \"inputs\": {\"clip_vision\": [\"7\", 0], \"image\": [\"8\", 0]}}, \"10\": {\"class_type\": \"Wan22ImageToVideoLatent\", \"inputs\": {\"vae\": [\"6\", 0], \"width\": 1280, \"height\": 720, \"length\": 50, \"batch_size\": 1, \"start_image\": [\"8\", 0]}}, \"11\": {\"class_type\": \"KSampler\", \"inputs\": {\"seed\": 954868916863, \"steps\": 20, \"cfg\": 3.0, \"sampler_name\": \"euler\", \"scheduler\": \"normal\", \"denoise\": 1.0, \"model\": [\"1\", 0], \"positive\": [\"4\", 0], \"negative\": [\"5\", 0], \"latent_image\": [\"10\", 0]}}, \"12\": {\"class_type\": \"KSampler\", \"inputs\": {\"seed\": 954868916863, \"steps\": 20, \"cfg\": 3.0, \"sampler_name\": \"euler\", \"scheduler\": \"normal\", \"denoise\": 1.0, \"model\": [\"2\", 0], \"positive\": [\"4\", 0], \"negative\": [\"5\", 0], \"latent_image\": [\"11\", 0]}}, \"13\": {\"class_type\": \"VAEDecode\", \"inputs\": {\"samples\": [\"12\", 0], \"vae\": [\"6\", 0]}}, \"14\": {\"class_type\": \"CreateVideo\", \"inputs\": {\"images\": [\"13\", 0], \"fps\": 25.0}}, \"15\": {\"class_type\": \"SaveVideo\", \"inputs\": {\"filename_prefix\": \"drama\", \"video\": [\"14\", 0], \"format\": \"auto\", \"codec\": \"auto\"}}}, {\"create_time\": 1781840407403}, [\"15\"]], \"outputs\": {}, \"status\": {\"status_str\": \"error\", \"completed\": false, \"messages\": [[\"execution_start\", {\"prompt_id\": \"114ac47e-0e30-4824-976c-46819b2c19ab\", \"timestamp\": 1781840407405}], [\"execution_cached\", {\"nodes\": [\"1\", \"2\", \"3\", \"6\"], \"prompt_id\": \"114ac47e-0e30-4824-976c-46819b2c19ab\", \"timestamp\": 1781840407416}], [\"execution_error\", {\"prompt_id\": \"114ac47e-0e30-4824-976c-46819b2c19ab\", \"node_id\": \"8\", \"node_type\": \"LoadImage\", \"executed\": [], \"exception_message\": \"[Errno 21] Is a directory: '/root/autodl-tmp/ComfyUI/input/'\\n\", \"exception_type\": \"av.error.IsADirectoryError\", \"traceback\": [\"  File \\\"/root/autodl-tmp/ComfyUI/execution.py\\\", line 542, in execute\\n    output_data, output_ui, has_subgraph, has_pending_tasks = await get_output_data(prompt_id, unique_id, obj, input_data_all, execution_block_cb=execution_block_cb, pre_execute_cb=pre_execute_cb, v3_data=v3_data)\\n\", \"  File \\\"/root/autodl-tmp/ComfyUI/execution.py\\\", line 341, in get_output_data\\n    return_values = await _async_map_node_over_list(prompt_id, unique_id, obj, input_data_all, obj.FUNCTION, allow_interrupt=True, execution_block_cb=execution_block_cb, pre_execute_cb=pre_execute_cb, v3_data=v3_data)\\n\", \"  File \\\"/root/autodl-tmp/ComfyUI/execution.py\\\", line 315, in _async_map_node_over_list\\n    await process_inputs(input_dict, i)\\n\", \"  File \\\"/root/autodl-tmp/ComfyUI/execution.py\\\", line 303, in process_inputs\\n    result = f(**inputs)\\n\", \"  File \\\"/root/autodl-tmp/ComfyUI/nodes.py\\\", line 1718, in load_image\\n    components = InputImpl.VideoFromFile(image_path).get_components()\\n\", \"  File \\\"/root/autodl-tmp/ComfyUI/comfy_api/latest/_input_impl/video_types.py\\\", line 370, in get_components\\n    with av.open(self.__file, mode='r') as container:\\n\", \"  File \\\"av/container/core.py\\\", line 555, in av.container.core.open\\n\", \"  File \\\"av/container/core.py\\\", line 344, in av.container.core.Container.__cinit__\\n\", \"  File \\\"av/container/core.py\\\", line 369, in av.container.core.Container.err_check\\n\", \"  File \\\"av/error.py\\\", line 411, in av.error.err_check\\n\"], \"current_inputs\": {\"image\": [\"\"]}, \"current_outputs\": [\"3\", \"5\", \"8\", \"1\", \"11\", \"15\", \"12\", \"2\", \"7\", \"9\", \"13\", \"14\", \"4\", \"6\", \"10\"], \"timestamp\": 1781840407422}]]}, \"meta\": {}}}"}
2026-06-19T03:40:36.965Z [WARN] [ComfyUI poll] 任务完成但未找到视频文件 {"outputs":"{}","video_gen_id":15}
2026-06-19T03:40:46.972Z [INFO] [ComfyUI poll] 查询history {"url":"http://localhost:18188/history/114ac47e-0e30-4824-976c-46819b2c19ab","video_gen_id":15}
2026-06-19T03:40:46.973Z [INFO] [poll] 发起查询 {"video_gen_id":15,"round":4,"url":"http://localhost:18188/history/114ac47e-0e30-4824-976c-46819b2c19ab"}
2026-06-19T03:40:47.009Z [INFO] [poll] 查询 HTTP 结果 {"video_gen_id":15,"round":4,"http_status":200,"bytes":4429,"body":"{\"114ac47e-0e30-4824-976c-46819b2c19ab\": {\"prompt\": [4, \"114ac47e-0e30-4824-976c-46819b2c19ab\", {\"1\": {\"class_type\": \"UNETLoader\", \"inputs\": {\"unet_name\": \"wan_fp8_scaled/I2V/Wan2_2-I2V-A14B-HIGH_fp8_e4m3fn_scaled_KJ.safetensors\", \"weight_dtype\": \"default\"}}, \"2\": {\"class_type\": \"UNETLoader\", \"inputs\": {\"unet_name\": \"wan_fp8_scaled/I2V/Wan2_2-I2V-A14B-LOW_fp8_e4m3fn_scaled_KJ.safetensors\", \"weight_dtype\": \"default\"}}, \"3\": {\"class_type\": \"CLIPLoader\", \"inputs\": {\"clip_name\": \"umt5_xxl_fp8_e4m3fn_scaled.safetensors\", \"type\": \"wan\"}}, \"4\": {\"class_type\": \"CLIPTextEncode\", \"inputs\": {\"text\": \"a young woman smiling gently, cinematic lighting, soft breeze in hair\", \"clip\": [\"3\", 0]}}, \"5\": {\"class_type\": \"CLIPTextEncode\", \"inputs\": {\"text\": \"low quality, blurry, distorted, bad anatomy, watermark, text, logo, nsfw\", \"clip\": [\"3\", 0]}}, \"6\": {\"class_type\": \"VAELoader\", \"inputs\": {\"vae_name\": \"wan_2.1_vae.safetensors\"}}, \"7\": {\"class_type\": \"CLIPVisionLoader\", \"inputs\": {\"clip_name\": \"clip_vision_h.safetensors\"}}, \"8\": {\"class_type\": \"LoadImage\", \"inputs\": {\"image\": \"\"}}, \"9\": {\"class_type\": \"CLIPVisionEncode\", \"inputs\": {\"clip_vision\": [\"7\", 0], \"image\": [\"8\", 0]}}, \"10\": {\"class_type\": \"Wan22ImageToVideoLatent\", \"inputs\": {\"vae\": [\"6\", 0], \"width\": 1280, \"height\": 720, \"length\": 50, \"batch_size\": 1, \"start_image\": [\"8\", 0]}}, \"11\": {\"class_type\": \"KSampler\", \"inputs\": {\"seed\": 954868916863, \"steps\": 20, \"cfg\": 3.0, \"sampler_name\": \"euler\", \"scheduler\": \"normal\", \"denoise\": 1.0, \"model\": [\"1\", 0], \"positive\": [\"4\", 0], \"negative\": [\"5\", 0], \"latent_image\": [\"10\", 0]}}, \"12\": {\"class_type\": \"KSampler\", \"inputs\": {\"seed\": 954868916863, \"steps\": 20, \"cfg\": 3.0, \"sampler_name\": \"euler\", \"scheduler\": \"normal\", \"denoise\": 1.0, \"model\": [\"2\", 0], \"positive\": [\"4\", 0], \"negative\": [\"5\", 0], \"latent_image\": [\"11\", 0]}}, \"13\": {\"class_type\": \"VAEDecode\", \"inputs\": {\"samples\": [\"12\", 0], \"vae\": [\"6\", 0]}}, \"14\": {\"class_type\": \"CreateVideo\", \"inputs\": {\"images\": [\"13\", 0], \"fps\": 25.0}}, \"15\": {\"class_type\": \"SaveVideo\", \"inputs\": {\"filename_prefix\": \"drama\", \"video\": [\"14\", 0], \"format\": \"auto\", \"codec\": \"auto\"}}}, {\"create_time\": 1781840407403}, [\"15\"]], \"outputs\": {}, \"status\": {\"status_str\": \"error\", \"completed\": false, \"messages\": [[\"execution_start\", {\"prompt_id\": \"114ac47e-0e30-4824-976c-46819b2c19ab\", \"timestamp\": 1781840407405}], [\"execution_cached\", {\"nodes\": [\"1\", \"2\", \"3\", \"6\"], \"prompt_id\": \"114ac47e-0e30-4824-976c-46819b2c19ab\", \"timestamp\": 1781840407416}], [\"execution_error\", {\"prompt_id\": \"114ac47e-0e30-4824-976c-46819b2c19ab\", \"node_id\": \"8\", \"node_type\": \"LoadImage\", \"executed\": [], \"exception_message\": \"[Errno 21] Is a directory: '/root/autodl-tmp/ComfyUI/input/'\\n\", \"exception_type\": \"av.error.IsADirectoryError\", \"traceback\": [\"  File \\\"/root/autodl-tmp/ComfyUI/execution.py\\\", line 542, in execute\\n    output_data, output_ui, has_subgraph, has_pending_tasks = await get_output_data(prompt_id, unique_id, obj, input_data_all, execution_block_cb=execution_block_cb, pre_execute_cb=pre_execute_cb, v3_data=v3_data)\\n\", \"  File \\\"/root/autodl-tmp/ComfyUI/execution.py\\\", line 341, in get_output_data\\n    return_values = await _async_map_node_over_list(prompt_id, unique_id, obj, input_data_all, obj.FUNCTION, allow_interrupt=True, execution_block_cb=execution_block_cb, pre_execute_cb=pre_execute_cb, v3_data=v3_data)\\n\", \"  File \\\"/root/autodl-tmp/ComfyUI/execution.py\\\", line 315, in _async_map_node_over_list\\n    await process_inputs(input_dict, i)\\n\", \"  File \\\"/root/autodl-tmp/ComfyUI/execution.py\\\", line 303, in process_inputs\\n    result = f(**inputs)\\n\", \"  File \\\"/root/autodl-tmp/ComfyUI/nodes.py\\\", line 1718, in load_image\\n    components = InputImpl.VideoFromFile(image_path).get_components()\\n\", \"  File \\\"/root/autodl-tmp/ComfyUI/comfy_api/latest/_input_impl/video_types.py\\\", line 370, in get_components\\n    with av.open(self.__file, mode='r') as container:\\n\", \"  File \\\"av/container/core.py\\\", line 555, in av.container.core.open\\n\", \"  File \\\"av/container/core.py\\\", line 344, in av.container.core.Container.__cinit__\\n\", \"  File \\\"av/container/core.py\\\", line 369, in av.container.core.Container.err_check\\n\", \"  File \\\"av/error.py\\\", line 411, in av.error.err_check\\n\"], \"current_inputs\": {\"image\": [\"\"]}, \"current_outputs\": [\"3\", \"5\", \"8\", \"1\", \"11\", \"15\", \"12\", \"2\", \"7\", \"9\", \"13\", \"14\", \"4\", \"6\", \"10\"], \"timestamp\": 1781840407422}]]}, \"meta\": {}}}"}
2026-06-19T03:40:47.009Z [WARN] [ComfyUI poll] 任务完成但未找到视频文件 {"outputs":"{}","video_gen_id":15}
2026-06-19T03:40:57.018Z [INFO] [ComfyUI poll] 查询history {"url":"http://localhost:18188/history/114ac47e-0e30-4824-976c-46819b2c19ab","video_gen_id":15}
2026-06-19T03:40:57.019Z [INFO] [poll] 发起查询 {"video_gen_id":15,"round":5,"url":"http://localhost:18188/history/114ac47e-0e30-4824-976c-46819b2c19ab"}
2026-06-19T03:40:57.054Z [INFO] [poll] 查询 HTTP 结果 {"video_gen_id":15,"round":5,"http_status":200,"bytes":4429,"body":"{\"114ac47e-0e30-4824-976c-46819b2c19ab\": {\"prompt\": [4, \"114ac47e-0e30-4824-976c-46819b2c19ab\", {\"1\": {\"class_type\": \"UNETLoader\", \"inputs\": {\"unet_name\": \"wan_fp8_scaled/I2V/Wan2_2-I2V-A14B-HIGH_fp8_e4m3fn_scaled_KJ.safetensors\", \"weight_dtype\": \"default\"}}, \"2\": {\"class_type\": \"UNETLoader\", \"inputs\": {\"unet_name\": \"wan_fp8_scaled/I2V/Wan2_2-I2V-A14B-LOW_fp8_e4m3fn_scaled_KJ.safetensors\", \"weight_dtype\": \"default\"}}, \"3\": {\"class_type\": \"CLIPLoader\", \"inputs\": {\"clip_name\": \"umt5_xxl_fp8_e4m3fn_scaled.safetensors\", \"type\": \"wan\"}}, \"4\": {\"class_type\": \"CLIPTextEncode\", \"inputs\": {\"text\": \"a young woman smiling gently, cinematic lighting, soft breeze in hair\", \"clip\": [\"3\", 0]}}, \"5\": {\"class_type\": \"CLIPTextEncode\", \"inputs\": {\"text\": \"low quality, blurry, distorted, bad anatomy, watermark, text, logo, nsfw\", \"clip\": [\"3\", 0]}}, \"6\": {\"class_type\": \"VAELoader\", \"inputs\": {\"vae_name\": \"wan_2.1_vae.safetensors\"}}, \"7\": {\"class_type\": \"CLIPVisionLoader\", \"inputs\": {\"clip_name\": \"clip_vision_h.safetensors\"}}, \"8\": {\"class_type\": \"LoadImage\", \"inputs\": {\"image\": \"\"}}, \"9\": {\"class_type\": \"CLIPVisionEncode\", \"inputs\": {\"clip_vision\": [\"7\", 0], \"image\": [\"8\", 0]}}, \"10\": {\"class_type\": \"Wan22ImageToVideoLatent\", \"inputs\": {\"vae\": [\"6\", 0], \"width\": 1280, \"height\": 720, \"length\": 50, \"batch_size\": 1, \"start_image\": [\"8\", 0]}}, \"11\": {\"class_type\": \"KSampler\", \"inputs\": {\"seed\": 954868916863, \"steps\": 20, \"cfg\": 3.0, \"sampler_name\": \"euler\", \"scheduler\": \"normal\", \"denoise\": 1.0, \"model\": [\"1\", 0], \"positive\": [\"4\", 0], \"negative\": [\"5\", 0], \"latent_image\": [\"10\", 0]}}, \"12\": {\"class_type\": \"KSampler\", \"inputs\": {\"seed\": 954868916863, \"steps\": 20, \"cfg\": 3.0, \"sampler_name\": \"euler\", \"scheduler\": \"normal\", \"denoise\": 1.0, \"model\": [\"2\", 0], \"positive\": [\"4\", 0], \"negative\": [\"5\", 0], \"latent_image\": [\"11\", 0]}}, \"13\": {\"class_type\": \"VAEDecode\", \"inputs\": {\"samples\": [\"12\", 0], \"vae\": [\"6\", 0]}}, \"14\": {\"class_type\": \"CreateVideo\", \"inputs\": {\"images\": [\"13\", 0], \"fps\": 25.0}}, \"15\": {\"class_type\": \"SaveVideo\", \"inputs\": {\"filename_prefix\": \"drama\", \"video\": [\"14\", 0], \"format\": \"auto\", \"codec\": \"auto\"}}}, {\"create_time\": 1781840407403}, [\"15\"]], \"outputs\": {}, \"status\": {\"status_str\": \"error\", \"completed\": false, \"messages\": [[\"execution_start\", {\"prompt_id\": \"114ac47e-0e30-4824-976c-46819b2c19ab\", \"timestamp\": 1781840407405}], [\"execution_cached\", {\"nodes\": [\"1\", \"2\", \"3\", \"6\"], \"prompt_id\": \"114ac47e-0e30-4824-976c-46819b2c19ab\", \"timestamp\": 1781840407416}], [\"execution_error\", {\"prompt_id\": \"114ac47e-0e30-4824-976c-46819b2c19ab\", \"node_id\": \"8\", \"node_type\": \"LoadImage\", \"executed\": [], \"exception_message\": \"[Errno 21] Is a directory: '/root/autodl-tmp/ComfyUI/input/'\\n\", \"exception_type\": \"av.error.IsADirectoryError\", \"traceback\": [\"  File \\\"/root/autodl-tmp/ComfyUI/execution.py\\\", line 542, in execute\\n    output_data, output_ui, has_subgraph, has_pending_tasks = await get_output_data(prompt_id, unique_id, obj, input_data_all, execution_block_cb=execution_block_cb, pre_execute_cb=pre_execute_cb, v3_data=v3_data)\\n\", \"  File \\\"/root/autodl-tmp/ComfyUI/execution.py\\\", line 341, in get_output_data\\n    return_values = await _async_map_node_over_list(prompt_id, unique_id, obj, input_data_all, obj.FUNCTION, allow_interrupt=True, execution_block_cb=execution_block_cb, pre_execute_cb=pre_execute_cb, v3_data=v3_data)\\n\", \"  File \\\"/root/autodl-tmp/ComfyUI/execution.py\\\", line 315, in _async_map_node_over_list\\n    await process_inputs(input_dict, i)\\n\", \"  File \\\"/root/autodl-tmp/ComfyUI/execution.py\\\", line 303, in process_inputs\\n    result = f(**inputs)\\n\", \"  File \\\"/root/autodl-tmp/ComfyUI/nodes.py\\\", line 1718, in load_image\\n    components = InputImpl.VideoFromFile(image_path).get_components()\\n\", \"  File \\\"/root/autodl-tmp/ComfyUI/comfy_api/latest/_input_impl/video_types.py\\\", line 370, in get_components\\n    with av.open(self.__file, mode='r') as container:\\n\", \"  File \\\"av/container/core.py\\\", line 555, in av.container.core.open\\n\", \"  File \\\"av/container/core.py\\\", line 344, in av.container.core.Container.__cinit__\\n\", \"  File \\\"av/container/core.py\\\", line 369, in av.container.core.Container.err_check\\n\", \"  File \\\"av/error.py\\\", line 411, in av.error.err_check\\n\"], \"current_inputs\": {\"image\": [\"\"]}, \"current_outputs\": [\"3\", \"5\", \"8\", \"1\", \"11\", \"15\", \"12\", \"2\", \"7\", \"9\", \"13\", \"14\", \"4\", \"6\", \"10\"], \"timestamp\": 1781840407422}]]}, \"meta\": {}}}"}
2026-06-19T03:40:57.055Z [WARN] [ComfyUI poll] 任务完成但未找到视频文件 {"outputs":"{}","video_gen_id":15}
2026-06-19T03:41:07.066Z [INFO] [ComfyUI poll] 查询history {"url":"http://localhost:18188/history/114ac47e-0e30-4824-976c-46819b2c19ab","video_gen_id":15}
2026-06-19T03:41:07.067Z [INFO] [poll] 发起查询 {"video_gen_id":15,"round":6,"url":"http://localhost:18188/history/114ac47e-0e30-4824-976c-46819b2c19ab"}
2026-06-19T03:41:07.110Z [INFO] [poll] 查询 HTTP 结果 {"video_gen_id":15,"round":6,"http_status":200,"bytes":4429,"body":"{\"114ac47e-0e30-4824-976c-46819b2c19ab\": {\"prompt\": [4, \"114ac47e-0e30-4824-976c-46819b2c19ab\", {\"1\": {\"class_type\": \"UNETLoader\", \"inputs\": {\"unet_name\": \"wan_fp8_scaled/I2V/Wan2_2-I2V-A14B-HIGH_fp8_e4m3fn_scaled_KJ.safetensors\", \"weight_dtype\": \"default\"}}, \"2\": {\"class_type\": \"UNETLoader\", \"inputs\": {\"unet_name\": \"wan_fp8_scaled/I2V/Wan2_2-I2V-A14B-LOW_fp8_e4m3fn_scaled_KJ.safetensors\", \"weight_dtype\": \"default\"}}, \"3\": {\"class_type\": \"CLIPLoader\", \"inputs\": {\"clip_name\": \"umt5_xxl_fp8_e4m3fn_scaled.safetensors\", \"type\": \"wan\"}}, \"4\": {\"class_type\": \"CLIPTextEncode\", \"inputs\": {\"text\": \"a young woman smiling gently, cinematic lighting, soft breeze in hair\", \"clip\": [\"3\", 0]}}, \"5\": {\"class_type\": \"CLIPTextEncode\", \"inputs\": {\"text\": \"low quality, blurry, distorted, bad anatomy, watermark, text, logo, nsfw\", \"clip\": [\"3\", 0]}}, \"6\": {\"class_type\": \"VAELoader\", \"inputs\": {\"vae_name\": \"wan_2.1_vae.safetensors\"}}, \"7\": {\"class_type\": \"CLIPVisionLoader\", \"inputs\": {\"clip_name\": \"clip_vision_h.safetensors\"}}, \"8\": {\"class_type\": \"LoadImage\", \"inputs\": {\"image\": \"\"}}, \"9\": {\"class_type\": \"CLIPVisionEncode\", \"inputs\": {\"clip_vision\": [\"7\", 0], \"image\": [\"8\", 0]}}, \"10\": {\"class_type\": \"Wan22ImageToVideoLatent\", \"inputs\": {\"vae\": [\"6\", 0], \"width\": 1280, \"height\": 720, \"length\": 50, \"batch_size\": 1, \"start_image\": [\"8\", 0]}}, \"11\": {\"class_type\": \"KSampler\", \"inputs\": {\"seed\": 954868916863, \"steps\": 20, \"cfg\": 3.0, \"sampler_name\": \"euler\", \"scheduler\": \"normal\", \"denoise\": 1.0, \"model\": [\"1\", 0], \"positive\": [\"4\", 0], \"negative\": [\"5\", 0], \"latent_image\": [\"10\", 0]}}, \"12\": {\"class_type\": \"KSampler\", \"inputs\": {\"seed\": 954868916863, \"steps\": 20, \"cfg\": 3.0, \"sampler_name\": \"euler\", \"scheduler\": \"normal\", \"denoise\": 1.0, \"model\": [\"2\", 0], \"positive\": [\"4\", 0], \"negative\": [\"5\", 0], \"latent_image\": [\"11\", 0]}}, \"13\": {\"class_type\": \"VAEDecode\", \"inputs\": {\"samples\": [\"12\", 0], \"vae\": [\"6\", 0]}}, \"14\": {\"class_type\": \"CreateVideo\", \"inputs\": {\"images\": [\"13\", 0], \"fps\": 25.0}}, \"15\": {\"class_type\": \"SaveVideo\", \"inputs\": {\"filename_prefix\": \"drama\", \"video\": [\"14\", 0], \"format\": \"auto\", \"codec\": \"auto\"}}}, {\"create_time\": 1781840407403}, [\"15\"]], \"outputs\": {}, \"status\": {\"status_str\": \"error\", \"completed\": false, \"messages\": [[\"execution_start\", {\"prompt_id\": \"114ac47e-0e30-4824-976c-46819b2c19ab\", \"timestamp\": 1781840407405}], [\"execution_cached\", {\"nodes\": [\"1\", \"2\", \"3\", \"6\"], \"prompt_id\": \"114ac47e-0e30-4824-976c-46819b2c19ab\", \"timestamp\": 1781840407416}], [\"execution_error\", {\"prompt_id\": \"114ac47e-0e30-4824-976c-46819b2c19ab\", \"node_id\": \"8\", \"node_type\": \"LoadImage\", \"executed\": [], \"exception_message\": \"[Errno 21] Is a directory: '/root/autodl-tmp/ComfyUI/input/'\\n\", \"exception_type\": \"av.error.IsADirectoryError\", \"traceback\": [\"  File \\\"/root/autodl-tmp/ComfyUI/execution.py\\\", line 542, in execute\\n    output_data, output_ui, has_subgraph, has_pending_tasks = await get_output_data(prompt_id, unique_id, obj, input_data_all, execution_block_cb=execution_block_cb, pre_execute_cb=pre_execute_cb, v3_data=v3_data)\\n\", \"  File \\\"/root/autodl-tmp/ComfyUI/execution.py\\\", line 341, in get_output_data\\n    return_values = await _async_map_node_over_list(prompt_id, unique_id, obj, input_data_all, obj.FUNCTION, allow_interrupt=True, execution_block_cb=execution_block_cb, pre_execute_cb=pre_execute_cb, v3_data=v3_data)\\n\", \"  File \\\"/root/autodl-tmp/ComfyUI/execution.py\\\", line 315, in _async_map_node_over_list\\n    await process_inputs(input_dict, i)\\n\", \"  File \\\"/root/autodl-tmp/ComfyUI/execution.py\\\", line 303, in process_inputs\\n    result = f(**inputs)\\n\", \"  File \\\"/root/autodl-tmp/ComfyUI/nodes.py\\\", line 1718, in load_image\\n    components = InputImpl.VideoFromFile(image_path).get_components()\\n\", \"  File \\\"/root/autodl-tmp/ComfyUI/comfy_api/latest/_input_impl/video_types.py\\\", line 370, in get_components\\n    with av.open(self.__file, mode='r') as container:\\n\", \"  File \\\"av/container/core.py\\\", line 555, in av.container.core.open\\n\", \"  File \\\"av/container/core.py\\\", line 344, in av.container.core.Container.__cinit__\\n\", \"  File \\\"av/container/core.py\\\", line 369, in av.container.core.Container.err_check\\n\", \"  File \\\"av/error.py\\\", line 411, in av.error.err_check\\n\"], \"current_inputs\": {\"image\": [\"\"]}, \"current_outputs\": [\"3\", \"5\", \"8\", \"1\", \"11\", \"15\", \"12\", \"2\", \"7\", \"9\", \"13\", \"14\", \"4\", \"6\", \"10\"], \"timestamp\": 1781840407422}]]}, \"meta\": {}}}"}
2026-06-19T03:41:07.111Z [WARN] [ComfyUI poll] 任务完成但未找到视频文件 {"outputs":"{}","video_gen_id":15}
2026-06-19T03:41:17.127Z [INFO] [ComfyUI poll] 查询history {"url":"http://localhost:18188/history/114ac47e-0e30-4824-976c-46819b2c19ab","video_gen_id":15}
2026-06-19T03:41:17.131Z [INFO] [poll] 发起查询 {"video_gen_id":15,"round":7,"url":"http://localhost:18188/history/114ac47e-0e30-4824-976c-46819b2c19ab"}
2026-06-19T03:41:17.206Z [INFO] [poll] 查询 HTTP 结果 {"video_gen_id":15,"round":7,"http_status":200,"bytes":4429,"body":"{\"114ac47e-0e30-4824-976c-46819b2c19ab\": {\"prompt\": [4, \"114ac47e-0e30-4824-976c-46819b2c19ab\", {\"1\": {\"class_type\": \"UNETLoader\", \"inputs\": {\"unet_name\": \"wan_fp8_scaled/I2V/Wan2_2-I2V-A14B-HIGH_fp8_e4m3fn_scaled_KJ.safetensors\", \"weight_dtype\": \"default\"}}, \"2\": {\"class_type\": \"UNETLoader\", \"inputs\": {\"unet_name\": \"wan_fp8_scaled/I2V/Wan2_2-I2V-A14B-LOW_fp8_e4m3fn_scaled_KJ.safetensors\", \"weight_dtype\": \"default\"}}, \"3\": {\"class_type\": \"CLIPLoader\", \"inputs\": {\"clip_name\": \"umt5_xxl_fp8_e4m3fn_scaled.safetensors\", \"type\": \"wan\"}}, \"4\": {\"class_type\": \"CLIPTextEncode\", \"inputs\": {\"text\": \"a young woman smiling gently, cinematic lighting, soft breeze in hair\", \"clip\": [\"3\", 0]}}, \"5\": {\"class_type\": \"CLIPTextEncode\", \"inputs\": {\"text\": \"low quality, blurry, distorted, bad anatomy, watermark, text, logo, nsfw\", \"clip\": [\"3\", 0]}}, \"6\": {\"class_type\": \"VAELoader\", \"inputs\": {\"vae_name\": \"wan_2.1_vae.safetensors\"}}, \"7\": {\"class_type\": \"CLIPVisionLoader\", \"inputs\": {\"clip_name\": \"clip_vision_h.safetensors\"}}, \"8\": {\"class_type\": \"LoadImage\", \"inputs\": {\"image\": \"\"}}, \"9\": {\"class_type\": \"CLIPVisionEncode\", \"inputs\": {\"clip_vision\": [\"7\", 0], \"image\": [\"8\", 0]}}, \"10\": {\"class_type\": \"Wan22ImageToVideoLatent\", \"inputs\": {\"vae\": [\"6\", 0], \"width\": 1280, \"height\": 720, \"length\": 50, \"batch_size\": 1, \"start_image\": [\"8\", 0]}}, \"11\": {\"class_type\": \"KSampler\", \"inputs\": {\"seed\": 954868916863, \"steps\": 20, \"cfg\": 3.0, \"sampler_name\": \"euler\", \"scheduler\": \"normal\", \"denoise\": 1.0, \"model\": [\"1\", 0], \"positive\": [\"4\", 0], \"negative\": [\"5\", 0], \"latent_image\": [\"10\", 0]}}, \"12\": {\"class_type\": \"KSampler\", \"inputs\": {\"seed\": 954868916863, \"steps\": 20, \"cfg\": 3.0, \"sampler_name\": \"euler\", \"scheduler\": \"normal\", \"denoise\": 1.0, \"model\": [\"2\", 0], \"positive\": [\"4\", 0], \"negative\": [\"5\", 0], \"latent_image\": [\"11\", 0]}}, \"13\": {\"class_type\": \"VAEDecode\", \"inputs\": {\"samples\": [\"12\", 0], \"vae\": [\"6\", 0]}}, \"14\": {\"class_type\": \"CreateVideo\", \"inputs\": {\"images\": [\"13\", 0], \"fps\": 25.0}}, \"15\": {\"class_type\": \"SaveVideo\", \"inputs\": {\"filename_prefix\": \"drama\", \"video\": [\"14\", 0], \"format\": \"auto\", \"codec\": \"auto\"}}}, {\"create_time\": 1781840407403}, [\"15\"]], \"outputs\": {}, \"status\": {\"status_str\": \"error\", \"completed\": false, \"messages\": [[\"execution_start\", {\"prompt_id\": \"114ac47e-0e30-4824-976c-46819b2c19ab\", \"timestamp\": 1781840407405}], [\"execution_cached\", {\"nodes\": [\"1\", \"2\", \"3\", \"6\"], \"prompt_id\": \"114ac47e-0e30-4824-976c-46819b2c19ab\", \"timestamp\": 1781840407416}], [\"execution_error\", {\"prompt_id\": \"114ac47e-0e30-4824-976c-46819b2c19ab\", \"node_id\": \"8\", \"node_type\": \"LoadImage\", \"executed\": [], \"exception_message\": \"[Errno 21] Is a directory: '/root/autodl-tmp/ComfyUI/input/'\\n\", \"exception_type\": \"av.error.IsADirectoryError\", \"traceback\": [\"  File \\\"/root/autodl-tmp/ComfyUI/execution.py\\\", line 542, in execute\\n    output_data, output_ui, has_subgraph, has_pending_tasks = await get_output_data(prompt_id, unique_id, obj, input_data_all, execution_block_cb=execution_block_cb, pre_execute_cb=pre_execute_cb, v3_data=v3_data)\\n\", \"  File \\\"/root/autodl-tmp/ComfyUI/execution.py\\\", line 341, in get_output_data\\n    return_values = await _async_map_node_over_list(prompt_id, unique_id, obj, input_data_all, obj.FUNCTION, allow_interrupt=True, execution_block_cb=execution_block_cb, pre_execute_cb=pre_execute_cb, v3_data=v3_data)\\n\", \"  File \\\"/root/autodl-tmp/ComfyUI/execution.py\\\", line 315, in _async_map_node_over_list\\n    await process_inputs(input_dict, i)\\n\", \"  File \\\"/root/autodl-tmp/ComfyUI/execution.py\\\", line 303, in process_inputs\\n    result = f(**inputs)\\n\", \"  File \\\"/root/autodl-tmp/ComfyUI/nodes.py\\\", line 1718, in load_image\\n    components = InputImpl.VideoFromFile(image_path).get_components()\\n\", \"  File \\\"/root/autodl-tmp/ComfyUI/comfy_api/latest/_input_impl/video_types.py\\\", line 370, in get_components\\n    with av.open(self.__file, mode='r') as container:\\n\", \"  File \\\"av/container/core.py\\\", line 555, in av.container.core.open\\n\", \"  File \\\"av/container/core.py\\\", line 344, in av.container.core.Container.__cinit__\\n\", \"  File \\\"av/container/core.py\\\", line 369, in av.container.core.Container.err_check\\n\", \"  File \\\"av/error.py\\\", line 411, in av.error.err_check\\n\"], \"current_inputs\": {\"image\": [\"\"]}, \"current_outputs\": [\"3\", \"5\", \"8\", \"1\", \"11\", \"15\", \"12\", \"2\", \"7\", \"9\", \"13\", \"14\", \"4\", \"6\", \"10\"], \"timestamp\": 1781840407422}]]}, \"meta\": {}}}"}
2026-06-19T03:41:17.207Z [WARN] [ComfyUI poll] 任务完成但未找到视频文件 {"outputs":"{}","video_gen_id":15}
2026-06-19T03:41:24.247Z [INFO] GET /api/v1/tasks/01929ae4-87e0-4c5d-a60a-04a450507498
2026-06-19T03:41:27.220Z [INFO] [ComfyUI poll] 查询history {"url":"http://localhost:18188/history/114ac47e-0e30-4824-976c-46819b2c19ab","video_gen_id":15}
2026-06-19T03:41:27.221Z [INFO] [poll] 发起查询 {"video_gen_id":15,"round":8,"url":"http://localhost:18188/history/114ac47e-0e30-4824-976c-46819b2c19ab"}
2026-06-19T03:41:27.260Z [INFO] [poll] 查询 HTTP 结果 {"video_gen_id":15,"round":8,"http_status":200,"bytes":4429,"body":"{\"114ac47e-0e30-4824-976c-46819b2c19ab\": {\"prompt\": [4, \"114ac47e-0e30-4824-976c-46819b2c19ab\", {\"1\": {\"class_type\": \"UNETLoader\", \"inputs\": {\"unet_name\": \"wan_fp8_scaled/I2V/Wan2_2-I2V-A14B-HIGH_fp8_e4m3fn_scaled_KJ.safetensors\", \"weight_dtype\": \"default\"}}, \"2\": {\"class_type\": \"UNETLoader\", \"inputs\": {\"unet_name\": \"wan_fp8_scaled/I2V/Wan2_2-I2V-A14B-LOW_fp8_e4m3fn_scaled_KJ.safetensors\", \"weight_dtype\": \"default\"}}, \"3\": {\"class_type\": \"CLIPLoader\", \"inputs\": {\"clip_name\": \"umt5_xxl_fp8_e4m3fn_scaled.safetensors\", \"type\": \"wan\"}}, \"4\": {\"class_type\": \"CLIPTextEncode\", \"inputs\": {\"text\": \"a young woman smiling gently, cinematic lighting, soft breeze in hair\", \"clip\": [\"3\", 0]}}, \"5\": {\"class_type\": \"CLIPTextEncode\", \"inputs\": {\"text\": \"low quality, blurry, distorted, bad anatomy, watermark, text, logo, nsfw\", \"clip\": [\"3\", 0]}}, \"6\": {\"class_type\": \"VAELoader\", \"inputs\": {\"vae_name\": \"wan_2.1_vae.safetensors\"}}, \"7\": {\"class_type\": \"CLIPVisionLoader\", \"inputs\": {\"clip_name\": \"clip_vision_h.safetensors\"}}, \"8\": {\"class_type\": \"LoadImage\", \"inputs\": {\"image\": \"\"}}, \"9\": {\"class_type\": \"CLIPVisionEncode\", \"inputs\": {\"clip_vision\": [\"7\", 0], \"image\": [\"8\", 0]}}, \"10\": {\"class_type\": \"Wan22ImageToVideoLatent\", \"inputs\": {\"vae\": [\"6\", 0], \"width\": 1280, \"height\": 720, \"length\": 50, \"batch_size\": 1, \"start_image\": [\"8\", 0]}}, \"11\": {\"class_type\": \"KSampler\", \"inputs\": {\"seed\": 954868916863, \"steps\": 20, \"cfg\": 3.0, \"sampler_name\": \"euler\", \"scheduler\": \"normal\", \"denoise\": 1.0, \"model\": [\"1\", 0], \"positive\": [\"4\", 0], \"negative\": [\"5\", 0], \"latent_image\": [\"10\", 0]}}, \"12\": {\"class_type\": \"KSampler\", \"inputs\": {\"seed\": 954868916863, \"steps\": 20, \"cfg\": 3.0, \"sampler_name\": \"euler\", \"scheduler\": \"normal\", \"denoise\": 1.0, \"model\": [\"2\", 0], \"positive\": [\"4\", 0], \"negative\": [\"5\", 0], \"latent_image\": [\"11\", 0]}}, \"13\": {\"class_type\": \"VAEDecode\", \"inputs\": {\"samples\": [\"12\", 0], \"vae\": [\"6\", 0]}}, \"14\": {\"class_type\": \"CreateVideo\", \"inputs\": {\"images\": [\"13\", 0], \"fps\": 25.0}}, \"15\": {\"class_type\": \"SaveVideo\", \"inputs\": {\"filename_prefix\": \"drama\", \"video\": [\"14\", 0], \"format\": \"auto\", \"codec\": \"auto\"}}}, {\"create_time\": 1781840407403}, [\"15\"]], \"outputs\": {}, \"status\": {\"status_str\": \"error\", \"completed\": false, \"messages\": [[\"execution_start\", {\"prompt_id\": \"114ac47e-0e30-4824-976c-46819b2c19ab\", \"timestamp\": 1781840407405}], [\"execution_cached\", {\"nodes\": [\"1\", \"2\", \"3\", \"6\"], \"prompt_id\": \"114ac47e-0e30-4824-976c-46819b2c19ab\", \"timestamp\": 1781840407416}], [\"execution_error\", {\"prompt_id\": \"114ac47e-0e30-4824-976c-46819b2c19ab\", \"node_id\": \"8\", \"node_type\": \"LoadImage\", \"executed\": [], \"exception_message\": \"[Errno 21] Is a directory: '/root/autodl-tmp/ComfyUI/input/'\\n\", \"exception_type\": \"av.error.IsADirectoryError\", \"traceback\": [\"  File \\\"/root/autodl-tmp/ComfyUI/execution.py\\\", line 542, in execute\\n    output_data, output_ui, has_subgraph, has_pending_tasks = await get_output_data(prompt_id, unique_id, obj, input_data_all, execution_block_cb=execution_block_cb, pre_execute_cb=pre_execute_cb, v3_data=v3_data)\\n\", \"  File \\\"/root/autodl-tmp/ComfyUI/execution.py\\\", line 341, in get_output_data\\n    return_values = await _async_map_node_over_list(prompt_id, unique_id, obj, input_data_all, obj.FUNCTION, allow_interrupt=True, execution_block_cb=execution_block_cb, pre_execute_cb=pre_execute_cb, v3_data=v3_data)\\n\", \"  File \\\"/root/autodl-tmp/ComfyUI/execution.py\\\", line 315, in _async_map_node_over_list\\n    await process_inputs(input_dict, i)\\n\", \"  File \\\"/root/autodl-tmp/ComfyUI/execution.py\\\", line 303, in process_inputs\\n    result = f(**inputs)\\n\", \"  File \\\"/root/autodl-tmp/ComfyUI/nodes.py\\\", line 1718, in load_image\\n    components = InputImpl.VideoFromFile(image_path).get_components()\\n\", \"  File \\\"/root/autodl-tmp/ComfyUI/comfy_api/latest/_input_impl/video_types.py\\\", line 370, in get_components\\n    with av.open(self.__file, mode='r') as container:\\n\", \"  File \\\"av/container/core.py\\\", line 555, in av.container.core.open\\n\", \"  File \\\"av/container/core.py\\\", line 344, in av.container.core.Container.__cinit__\\n\", \"  File \\\"av/container/core.py\\\", line 369, in av.container.core.Container.err_check\\n\", \"  File \\\"av/error.py\\\", line 411, in av.error.err_check\\n\"], \"current_inputs\": {\"image\": [\"\"]}, \"current_outputs\": [\"3\", \"5\", \"8\", \"1\", \"11\", \"15\", \"12\", \"2\", \"7\", \"9\", \"13\", \"14\", \"4\", \"6\", \"10\"], \"timestamp\": 1781840407422}]]}, \"meta\": {}}}"}
2026-06-19T03:41:27.260Z [WARN] [ComfyUI poll] 任务完成但未找到视频文件 {"outputs":"{}","video_gen_id":15}
2026-06-19T03:41:37.268Z [INFO] [ComfyUI poll] 查询history {"url":"http://localhost:18188/history/114ac47e-0e30-4824-976c-46819b2c19ab","video_gen_id":15}
2026-06-19T03:41:37.269Z [INFO] [poll] 发起查询 {"video_gen_id":15,"round":9,"url":"http://localhost:18188/history/114ac47e-0e30-4824-976c-46819b2c19ab"}
2026-06-19T03:41:37.306Z [INFO] [poll] 查询 HTTP 结果 {"video_gen_id":15,"round":9,"http_status":200,"bytes":4429,"body":"{\"114ac47e-0e30-4824-976c-46819b2c19ab\": {\"prompt\": [4, \"114ac47e-0e30-4824-976c-46819b2c19ab\", {\"1\": {\"class_type\": \"UNETLoader\", \"inputs\": {\"unet_name\": \"wan_fp8_scaled/I2V/Wan2_2-I2V-A14B-HIGH_fp8_e4m3fn_scaled_KJ.safetensors\", \"weight_dtype\": \"default\"}}, \"2\": {\"class_type\": \"UNETLoader\", \"inputs\": {\"unet_name\": \"wan_fp8_scaled/I2V/Wan2_2-I2V-A14B-LOW_fp8_e4m3fn_scaled_KJ.safetensors\", \"weight_dtype\": \"default\"}}, \"3\": {\"class_type\": \"CLIPLoader\", \"inputs\": {\"clip_name\": \"umt5_xxl_fp8_e4m3fn_scaled.safetensors\", \"type\": \"wan\"}}, \"4\": {\"class_type\": \"CLIPTextEncode\", \"inputs\": {\"text\": \"a young woman smiling gently, cinematic lighting, soft breeze in hair\", \"clip\": [\"3\", 0]}}, \"5\": {\"class_type\": \"CLIPTextEncode\", \"inputs\": {\"text\": \"low quality, blurry, distorted, bad anatomy, watermark, text, logo, nsfw\", \"clip\": [\"3\", 0]}}, \"6\": {\"class_type\": \"VAELoader\", \"inputs\": {\"vae_name\": \"wan_2.1_vae.safetensors\"}}, \"7\": {\"class_type\": \"CLIPVisionLoader\", \"inputs\": {\"clip_name\": \"clip_vision_h.safetensors\"}}, \"8\": {\"class_type\": \"LoadImage\", \"inputs\": {\"image\": \"\"}}, \"9\": {\"class_type\": \"CLIPVisionEncode\", \"inputs\": {\"clip_vision\": [\"7\", 0], \"image\": [\"8\", 0]}}, \"10\": {\"class_type\": \"Wan22ImageToVideoLatent\", \"inputs\": {\"vae\": [\"6\", 0], \"width\": 1280, \"height\": 720, \"length\": 50, \"batch_size\": 1, \"start_image\": [\"8\", 0]}}, \"11\": {\"class_type\": \"KSampler\", \"inputs\": {\"seed\": 954868916863, \"steps\": 20, \"cfg\": 3.0, \"sampler_name\": \"euler\", \"scheduler\": \"normal\", \"denoise\": 1.0, \"model\": [\"1\", 0], \"positive\": [\"4\", 0], \"negative\": [\"5\", 0], \"latent_image\": [\"10\", 0]}}, \"12\": {\"class_type\": \"KSampler\", \"inputs\": {\"seed\": 954868916863, \"steps\": 20, \"cfg\": 3.0, \"sampler_name\": \"euler\", \"scheduler\": \"normal\", \"denoise\": 1.0, \"model\": [\"2\", 0], \"positive\": [\"4\", 0], \"negative\": [\"5\", 0], \"latent_image\": [\"11\", 0]}}, \"13\": {\"class_type\": \"VAEDecode\", \"inputs\": {\"samples\": [\"12\", 0], \"vae\": [\"6\", 0]}}, \"14\": {\"class_type\": \"CreateVideo\", \"inputs\": {\"images\": [\"13\", 0], \"fps\": 25.0}}, \"15\": {\"class_type\": \"SaveVideo\", \"inputs\": {\"filename_prefix\": \"drama\", \"video\": [\"14\", 0], \"format\": \"auto\", \"codec\": \"auto\"}}}, {\"create_time\": 1781840407403}, [\"15\"]], \"outputs\": {}, \"status\": {\"status_str\": \"error\", \"completed\": false, \"messages\": [[\"execution_start\", {\"prompt_id\": \"114ac47e-0e30-4824-976c-46819b2c19ab\", \"timestamp\": 1781840407405}], [\"execution_cached\", {\"nodes\": [\"1\", \"2\", \"3\", \"6\"], \"prompt_id\": \"114ac47e-0e30-4824-976c-46819b2c19ab\", \"timestamp\": 1781840407416}], [\"execution_error\", {\"prompt_id\": \"114ac47e-0e30-4824-976c-46819b2c19ab\", \"node_id\": \"8\", \"node_type\": \"LoadImage\", \"executed\": [], \"exception_message\": \"[Errno 21] Is a directory: '/root/autodl-tmp/ComfyUI/input/'\\n\", \"exception_type\": \"av.error.IsADirectoryError\", \"traceback\": [\"  File \\\"/root/autodl-tmp/ComfyUI/execution.py\\\", line 542, in execute\\n    output_data, output_ui, has_subgraph, has_pending_tasks = await get_output_data(prompt_id, unique_id, obj, input_data_all, execution_block_cb=execution_block_cb, pre_execute_cb=pre_execute_cb, v3_data=v3_data)\\n\", \"  File \\\"/root/autodl-tmp/ComfyUI/execution.py\\\", line 341, in get_output_data\\n    return_values = await _async_map_node_over_list(prompt_id, unique_id, obj, input_data_all, obj.FUNCTION, allow_interrupt=True, execution_block_cb=execution_block_cb, pre_execute_cb=pre_execute_cb, v3_data=v3_data)\\n\", \"  File \\\"/root/autodl-tmp/ComfyUI/execution.py\\\", line 315, in _async_map_node_over_list\\n    await process_inputs(input_dict, i)\\n\", \"  File \\\"/root/autodl-tmp/ComfyUI/execution.py\\\", line 303, in process_inputs\\n    result = f(**inputs)\\n\", \"  File \\\"/root/autodl-tmp/ComfyUI/nodes.py\\\", line 1718, in load_image\\n    components = InputImpl.VideoFromFile(image_path).get_components()\\n\", \"  File \\\"/root/autodl-tmp/ComfyUI/comfy_api/latest/_input_impl/video_types.py\\\", line 370, in get_components\\n    with av.open(self.__file, mode='r') as container:\\n\", \"  File \\\"av/container/core.py\\\", line 555, in av.container.core.open\\n\", \"  File \\\"av/container/core.py\\\", line 344, in av.container.core.Container.__cinit__\\n\", \"  File \\\"av/container/core.py\\\", line 369, in av.container.core.Container.err_check\\n\", \"  File \\\"av/error.py\\\", line 411, in av.error.err_check\\n\"], \"current_inputs\": {\"image\": [\"\"]}, \"current_outputs\": [\"3\", \"5\", \"8\", \"1\", \"11\", \"15\", \"12\", \"2\", \"7\", \"9\", \"13\", \"14\", \"4\", \"6\", \"10\"], \"timestamp\": 1781840407422}]]}, \"meta\": {}}}"}
2026-06-19T03:41:37.307Z [WARN] [ComfyUI poll] 任务完成但未找到视频文件 {"outputs":"{}","video_gen_id":15}
2026-06-19T03:41:47.315Z [INFO] [ComfyUI poll] 查询history {"url":"http://localhost:18188/history/114ac47e-0e30-4824-976c-46819b2c19ab","video_gen_id":15}
2026-06-19T03:41:47.316Z [INFO] [poll] 发起查询 {"video_gen_id":15,"round":10,"url":"http://localhost:18188/history/114ac47e-0e30-4824-976c-46819b2c19ab"}
2026-06-19T03:41:47.351Z [INFO] [poll] 查询 HTTP 结果 {"video_gen_id":15,"round":10,"http_status":200,"bytes":4429,"body":"{\"114ac47e-0e30-4824-976c-46819b2c19ab\": {\"prompt\": [4, \"114ac47e-0e30-4824-976c-46819b2c19ab\", {\"1\": {\"class_type\": \"UNETLoader\", \"inputs\": {\"unet_name\": \"wan_fp8_scaled/I2V/Wan2_2-I2V-A14B-HIGH_fp8_e4m3fn_scaled_KJ.safetensors\", \"weight_dtype\": \"default\"}}, \"2\": {\"class_type\": \"UNETLoader\", \"inputs\": {\"unet_name\": \"wan_fp8_scaled/I2V/Wan2_2-I2V-A14B-LOW_fp8_e4m3fn_scaled_KJ.safetensors\", \"weight_dtype\": \"default\"}}, \"3\": {\"class_type\": \"CLIPLoader\", \"inputs\": {\"clip_name\": \"umt5_xxl_fp8_e4m3fn_scaled.safetensors\", \"type\": \"wan\"}}, \"4\": {\"class_type\": \"CLIPTextEncode\", \"inputs\": {\"text\": \"a young woman smiling gently, cinematic lighting, soft breeze in hair\", \"clip\": [\"3\", 0]}}, \"5\": {\"class_type\": \"CLIPTextEncode\", \"inputs\": {\"text\": \"low quality, blurry, distorted, bad anatomy, watermark, text, logo, nsfw\", \"clip\": [\"3\", 0]}}, \"6\": {\"class_type\": \"VAELoader\", \"inputs\": {\"vae_name\": \"wan_2.1_vae.safetensors\"}}, \"7\": {\"class_type\": \"CLIPVisionLoader\", \"inputs\": {\"clip_name\": \"clip_vision_h.safetensors\"}}, \"8\": {\"class_type\": \"LoadImage\", \"inputs\": {\"image\": \"\"}}, \"9\": {\"class_type\": \"CLIPVisionEncode\", \"inputs\": {\"clip_vision\": [\"7\", 0], \"image\": [\"8\", 0]}}, \"10\": {\"class_type\": \"Wan22ImageToVideoLatent\", \"inputs\": {\"vae\": [\"6\", 0], \"width\": 1280, \"height\": 720, \"length\": 50, \"batch_size\": 1, \"start_image\": [\"8\", 0]}}, \"11\": {\"class_type\": \"KSampler\", \"inputs\": {\"seed\": 954868916863, \"steps\": 20, \"cfg\": 3.0, \"sampler_name\": \"euler\", \"scheduler\": \"normal\", \"denoise\": 1.0, \"model\": [\"1\", 0], \"positive\": [\"4\", 0], \"negative\": [\"5\", 0], \"latent_image\": [\"10\", 0]}}, \"12\": {\"class_type\": \"KSampler\", \"inputs\": {\"seed\": 954868916863, \"steps\": 20, \"cfg\": 3.0, \"sampler_name\": \"euler\", \"scheduler\": \"normal\", \"denoise\": 1.0, \"model\": [\"2\", 0], \"positive\": [\"4\", 0], \"negative\": [\"5\", 0], \"latent_image\": [\"11\", 0]}}, \"13\": {\"class_type\": \"VAEDecode\", \"inputs\": {\"samples\": [\"12\", 0], \"vae\": [\"6\", 0]}}, \"14\": {\"class_type\": \"CreateVideo\", \"inputs\": {\"images\": [\"13\", 0], \"fps\": 25.0}}, \"15\": {\"class_type\": \"SaveVideo\", \"inputs\": {\"filename_prefix\": \"drama\", \"video\": [\"14\", 0], \"format\": \"auto\", \"codec\": \"auto\"}}}, {\"create_time\": 1781840407403}, [\"15\"]], \"outputs\": {}, \"status\": {\"status_str\": \"error\", \"completed\": false, \"messages\": [[\"execution_start\", {\"prompt_id\": \"114ac47e-0e30-4824-976c-46819b2c19ab\", \"timestamp\": 1781840407405}], [\"execution_cached\", {\"nodes\": [\"1\", \"2\", \"3\", \"6\"], \"prompt_id\": \"114ac47e-0e30-4824-976c-46819b2c19ab\", \"timestamp\": 1781840407416}], [\"execution_error\", {\"prompt_id\": \"114ac47e-0e30-4824-976c-46819b2c19ab\", \"node_id\": \"8\", \"node_type\": \"LoadImage\", \"executed\": [], \"exception_message\": \"[Errno 21] Is a directory: '/root/autodl-tmp/ComfyUI/input/'\\n\", \"exception_type\": \"av.error.IsADirectoryError\", \"traceback\": [\"  File \\\"/root/autodl-tmp/ComfyUI/execution.py\\\", line 542, in execute\\n    output_data, output_ui, has_subgraph, has_pending_tasks = await get_output_data(prompt_id, unique_id, obj, input_data_all, execution_block_cb=execution_block_cb, pre_execute_cb=pre_execute_cb, v3_data=v3_data)\\n\", \"  File \\\"/root/autodl-tmp/ComfyUI/execution.py\\\", line 341, in get_output_data\\n    return_values = await _async_map_node_over_list(prompt_id, unique_id, obj, input_data_all, obj.FUNCTION, allow_interrupt=True, execution_block_cb=execution_block_cb, pre_execute_cb=pre_execute_cb, v3_data=v3_data)\\n\", \"  File \\\"/root/autodl-tmp/ComfyUI/execution.py\\\", line 315, in _async_map_node_over_list\\n    await process_inputs(input_dict, i)\\n\", \"  File \\\"/root/autodl-tmp/ComfyUI/execution.py\\\", line 303, in process_inputs\\n    result = f(**inputs)\\n\", \"  File \\\"/root/autodl-tmp/ComfyUI/nodes.py\\\", line 1718, in load_image\\n    components = InputImpl.VideoFromFile(image_path).get_components()\\n\", \"  File \\\"/root/autodl-tmp/ComfyUI/comfy_api/latest/_input_impl/video_types.py\\\", line 370, in get_components\\n    with av.open(self.__file, mode='r') as container:\\n\", \"  File \\\"av/container/core.py\\\", line 555, in av.container.core.open\\n\", \"  File \\\"av/container/core.py\\\", line 344, in av.container.core.Container.__cinit__\\n\", \"  File \\\"av/container/core.py\\\", line 369, in av.container.core.Container.err_check\\n\", \"  File \\\"av/error.py\\\", line 411, in av.error.err_check\\n\"], \"current_inputs\": {\"image\": [\"\"]}, \"current_outputs\": [\"3\", \"5\", \"8\", \"1\", \"11\", \"15\", \"12\", \"2\", \"7\", \"9\", \"13\", \"14\", \"4\", \"6\", \"10\"], \"timestamp\": 1781840407422}]]}, \"meta\": {}}}"}
2026-06-19T03:41:47.352Z [WARN] [ComfyUI poll] 任务完成但未找到视频文件 {"outputs":"{}","video_gen_id":15}
2026-06-19T03:41:57.360Z [INFO] [ComfyUI poll] 查询history {"url":"http://localhost:18188/history/114ac47e-0e30-4824-976c-46819b2c19ab","video_gen_id":15}
2026-06-19T03:41:57.362Z [INFO] [poll] 发起查询 {"video_gen_id":15,"round":11,"url":"http://localhost:18188/history/114ac47e-0e30-4824-976c-46819b2c19ab"}
2026-06-19T03:41:57.398Z [INFO] [poll] 查询 HTTP 结果 {"video_gen_id":15,"round":11,"http_status":200,"bytes":4429,"body":"{\"114ac47e-0e30-4824-976c-46819b2c19ab\": {\"prompt\": [4, \"114ac47e-0e30-4824-976c-46819b2c19ab\", {\"1\": {\"class_type\": \"UNETLoader\", \"inputs\": {\"unet_name\": \"wan_fp8_scaled/I2V/Wan2_2-I2V-A14B-HIGH_fp8_e4m3fn_scaled_KJ.safetensors\", \"weight_dtype\": \"default\"}}, \"2\": {\"class_type\": \"UNETLoader\", \"inputs\": {\"unet_name\": \"wan_fp8_scaled/I2V/Wan2_2-I2V-A14B-LOW_fp8_e4m3fn_scaled_KJ.safetensors\", \"weight_dtype\": \"default\"}}, \"3\": {\"class_type\": \"CLIPLoader\", \"inputs\": {\"clip_name\": \"umt5_xxl_fp8_e4m3fn_scaled.safetensors\", \"type\": \"wan\"}}, \"4\": {\"class_type\": \"CLIPTextEncode\", \"inputs\": {\"text\": \"a young woman smiling gently, cinematic lighting, soft breeze in hair\", \"clip\": [\"3\", 0]}}, \"5\": {\"class_type\": \"CLIPTextEncode\", \"inputs\": {\"text\": \"low quality, blurry, distorted, bad anatomy, watermark, text, logo, nsfw\", \"clip\": [\"3\", 0]}}, \"6\": {\"class_type\": \"VAELoader\", \"inputs\": {\"vae_name\": \"wan_2.1_vae.safetensors\"}}, \"7\": {\"class_type\": \"CLIPVisionLoader\", \"inputs\": {\"clip_name\": \"clip_vision_h.safetensors\"}}, \"8\": {\"class_type\": \"LoadImage\", \"inputs\": {\"image\": \"\"}}, \"9\": {\"class_type\": \"CLIPVisionEncode\", \"inputs\": {\"clip_vision\": [\"7\", 0], \"image\": [\"8\", 0]}}, \"10\": {\"class_type\": \"Wan22ImageToVideoLatent\", \"inputs\": {\"vae\": [\"6\", 0], \"width\": 1280, \"height\": 720, \"length\": 50, \"batch_size\": 1, \"start_image\": [\"8\", 0]}}, \"11\": {\"class_type\": \"KSampler\", \"inputs\": {\"seed\": 954868916863, \"steps\": 20, \"cfg\": 3.0, \"sampler_name\": \"euler\", \"scheduler\": \"normal\", \"denoise\": 1.0, \"model\": [\"1\", 0], \"positive\": [\"4\", 0], \"negative\": [\"5\", 0], \"latent_image\": [\"10\", 0]}}, \"12\": {\"class_type\": \"KSampler\", \"inputs\": {\"seed\": 954868916863, \"steps\": 20, \"cfg\": 3.0, \"sampler_name\": \"euler\", \"scheduler\": \"normal\", \"denoise\": 1.0, \"model\": [\"2\", 0], \"positive\": [\"4\", 0], \"negative\": [\"5\", 0], \"latent_image\": [\"11\", 0]}}, \"13\": {\"class_type\": \"VAEDecode\", \"inputs\": {\"samples\": [\"12\", 0], \"vae\": [\"6\", 0]}}, \"14\": {\"class_type\": \"CreateVideo\", \"inputs\": {\"images\": [\"13\", 0], \"fps\": 25.0}}, \"15\": {\"class_type\": \"SaveVideo\", \"inputs\": {\"filename_prefix\": \"drama\", \"video\": [\"14\", 0], \"format\": \"auto\", \"codec\": \"auto\"}}}, {\"create_time\": 1781840407403}, [\"15\"]], \"outputs\": {}, \"status\": {\"status_str\": \"error\", \"completed\": false, \"messages\": [[\"execution_start\", {\"prompt_id\": \"114ac47e-0e30-4824-976c-46819b2c19ab\", \"timestamp\": 1781840407405}], [\"execution_cached\", {\"nodes\": [\"1\", \"2\", \"3\", \"6\"], \"prompt_id\": \"114ac47e-0e30-4824-976c-46819b2c19ab\", \"timestamp\": 1781840407416}], [\"execution_error\", {\"prompt_id\": \"114ac47e-0e30-4824-976c-46819b2c19ab\", \"node_id\": \"8\", \"node_type\": \"LoadImage\", \"executed\": [], \"exception_message\": \"[Errno 21] Is a directory: '/root/autodl-tmp/ComfyUI/input/'\\n\", \"exception_type\": \"av.error.IsADirectoryError\", \"traceback\": [\"  File \\\"/root/autodl-tmp/ComfyUI/execution.py\\\", line 542, in execute\\n    output_data, output_ui, has_subgraph, has_pending_tasks = await get_output_data(prompt_id, unique_id, obj, input_data_all, execution_block_cb=execution_block_cb, pre_execute_cb=pre_execute_cb, v3_data=v3_data)\\n\", \"  File \\\"/root/autodl-tmp/ComfyUI/execution.py\\\", line 341, in get_output_data\\n    return_values = await _async_map_node_over_list(prompt_id, unique_id, obj, input_data_all, obj.FUNCTION, allow_interrupt=True, execution_block_cb=execution_block_cb, pre_execute_cb=pre_execute_cb, v3_data=v3_data)\\n\", \"  File \\\"/root/autodl-tmp/ComfyUI/execution.py\\\", line 315, in _async_map_node_over_list\\n    await process_inputs(input_dict, i)\\n\", \"  File \\\"/root/autodl-tmp/ComfyUI/execution.py\\\", line 303, in process_inputs\\n    result = f(**inputs)\\n\", \"  File \\\"/root/autodl-tmp/ComfyUI/nodes.py\\\", line 1718, in load_image\\n    components = InputImpl.VideoFromFile(image_path).get_components()\\n\", \"  File \\\"/root/autodl-tmp/ComfyUI/comfy_api/latest/_input_impl/video_types.py\\\", line 370, in get_components\\n    with av.open(self.__file, mode='r') as container:\\n\", \"  File \\\"av/container/core.py\\\", line 555, in av.container.core.open\\n\", \"  File \\\"av/container/core.py\\\", line 344, in av.container.core.Container.__cinit__\\n\", \"  File \\\"av/container/core.py\\\", line 369, in av.container.core.Container.err_check\\n\", \"  File \\\"av/error.py\\\", line 411, in av.error.err_check\\n\"], \"current_inputs\": {\"image\": [\"\"]}, \"current_outputs\": [\"3\", \"5\", \"8\", \"1\", \"11\", \"15\", \"12\", \"2\", \"7\", \"9\", \"13\", \"14\", \"4\", \"6\", \"10\"], \"timestamp\": 1781840407422}]]}, \"meta\": {}}}"}
2026-06-19T03:41:57.398Z [WARN] [ComfyUI poll] 任务完成但未找到视频文件 {"outputs":"{}","video_gen_id":15}
2026-06-19T03:42:07.423Z [INFO] [ComfyUI poll] 查询history {"url":"http://localhost:18188/history/114ac47e-0e30-4824-976c-46819b2c19ab","video_gen_id":15}
2026-06-19T03:42:07.424Z [INFO] [poll] 发起查询 {"video_gen_id":15,"round":12,"url":"http://localhost:18188/history/114ac47e-0e30-4824-976c-46819b2c19ab"}
2026-06-19T03:42:07.462Z [INFO] [poll] 查询 HTTP 结果 {"video_gen_id":15,"round":12,"http_status":200,"bytes":4429,"body":"{\"114ac47e-0e30-4824-976c-46819b2c19ab\": {\"prompt\": [4, \"114ac47e-0e30-4824-976c-46819b2c19ab\", {\"1\": {\"class_type\": \"UNETLoader\", \"inputs\": {\"unet_name\": \"wan_fp8_scaled/I2V/Wan2_2-I2V-A14B-HIGH_fp8_e4m3fn_scaled_KJ.safetensors\", \"weight_dtype\": \"default\"}}, \"2\": {\"class_type\": \"UNETLoader\", \"inputs\": {\"unet_name\": \"wan_fp8_scaled/I2V/Wan2_2-I2V-A14B-LOW_fp8_e4m3fn_scaled_KJ.safetensors\", \"weight_dtype\": \"default\"}}, \"3\": {\"class_type\": \"CLIPLoader\", \"inputs\": {\"clip_name\": \"umt5_xxl_fp8_e4m3fn_scaled.safetensors\", \"type\": \"wan\"}}, \"4\": {\"class_type\": \"CLIPTextEncode\", \"inputs\": {\"text\": \"a young woman smiling gently, cinematic lighting, soft breeze in hair\", \"clip\": [\"3\", 0]}}, \"5\": {\"class_type\": \"CLIPTextEncode\", \"inputs\": {\"text\": \"low quality, blurry, distorted, bad anatomy, watermark, text, logo, nsfw\", \"clip\": [\"3\", 0]}}, \"6\": {\"class_type\": \"VAELoader\", \"inputs\": {\"vae_name\": \"wan_2.1_vae.safetensors\"}}, \"7\": {\"class_type\": \"CLIPVisionLoader\", \"inputs\": {\"clip_name\": \"clip_vision_h.safetensors\"}}, \"8\": {\"class_type\": \"LoadImage\", \"inputs\": {\"image\": \"\"}}, \"9\": {\"class_type\": \"CLIPVisionEncode\", \"inputs\": {\"clip_vision\": [\"7\", 0], \"image\": [\"8\", 0]}}, \"10\": {\"class_type\": \"Wan22ImageToVideoLatent\", \"inputs\": {\"vae\": [\"6\", 0], \"width\": 1280, \"height\": 720, \"length\": 50, \"batch_size\": 1, \"start_image\": [\"8\", 0]}}, \"11\": {\"class_type\": \"KSampler\", \"inputs\": {\"seed\": 954868916863, \"steps\": 20, \"cfg\": 3.0, \"sampler_name\": \"euler\", \"scheduler\": \"normal\", \"denoise\": 1.0, \"model\": [\"1\", 0], \"positive\": [\"4\", 0], \"negative\": [\"5\", 0], \"latent_image\": [\"10\", 0]}}, \"12\": {\"class_type\": \"KSampler\", \"inputs\": {\"seed\": 954868916863, \"steps\": 20, \"cfg\": 3.0, \"sampler_name\": \"euler\", \"scheduler\": \"normal\", \"denoise\": 1.0, \"model\": [\"2\", 0], \"positive\": [\"4\", 0], \"negative\": [\"5\", 0], \"latent_image\": [\"11\", 0]}}, \"13\": {\"class_type\": \"VAEDecode\", \"inputs\": {\"samples\": [\"12\", 0], \"vae\": [\"6\", 0]}}, \"14\": {\"class_type\": \"CreateVideo\", \"inputs\": {\"images\": [\"13\", 0], \"fps\": 25.0}}, \"15\": {\"class_type\": \"SaveVideo\", \"inputs\": {\"filename_prefix\": \"drama\", \"video\": [\"14\", 0], \"format\": \"auto\", \"codec\": \"auto\"}}}, {\"create_time\": 1781840407403}, [\"15\"]], \"outputs\": {}, \"status\": {\"status_str\": \"error\", \"completed\": false, \"messages\": [[\"execution_start\", {\"prompt_id\": \"114ac47e-0e30-4824-976c-46819b2c19ab\", \"timestamp\": 1781840407405}], [\"execution_cached\", {\"nodes\": [\"1\", \"2\", \"3\", \"6\"], \"prompt_id\": \"114ac47e-0e30-4824-976c-46819b2c19ab\", \"timestamp\": 1781840407416}], [\"execution_error\", {\"prompt_id\": \"114ac47e-0e30-4824-976c-46819b2c19ab\", \"node_id\": \"8\", \"node_type\": \"LoadImage\", \"executed\": [], \"exception_message\": \"[Errno 21] Is a directory: '/root/autodl-tmp/ComfyUI/input/'\\n\", \"exception_type\": \"av.error.IsADirectoryError\", \"traceback\": [\"  File \\\"/root/autodl-tmp/ComfyUI/execution.py\\\", line 542, in execute\\n    output_data, output_ui, has_subgraph, has_pending_tasks = await get_output_data(prompt_id, unique_id, obj, input_data_all, execution_block_cb=execution_block_cb, pre_execute_cb=pre_execute_cb, v3_data=v3_data)\\n\", \"  File \\\"/root/autodl-tmp/ComfyUI/execution.py\\\", line 341, in get_output_data\\n    return_values = await _async_map_node_over_list(prompt_id, unique_id, obj, input_data_all, obj.FUNCTION, allow_interrupt=True, execution_block_cb=execution_block_cb, pre_execute_cb=pre_execute_cb, v3_data=v3_data)\\n\", \"  File \\\"/root/autodl-tmp/ComfyUI/execution.py\\\", line 315, in _async_map_node_over_list\\n    await process_inputs(input_dict, i)\\n\", \"  File \\\"/root/autodl-tmp/ComfyUI/execution.py\\\", line 303, in process_inputs\\n    result = f(**inputs)\\n\", \"  File \\\"/root/autodl-tmp/ComfyUI/nodes.py\\\", line 1718, in load_image\\n    components = InputImpl.VideoFromFile(image_path).get_components()\\n\", \"  File \\\"/root/autodl-tmp/ComfyUI/comfy_api/latest/_input_impl/video_types.py\\\", line 370, in get_components\\n    with av.open(self.__file, mode='r') as container:\\n\", \"  File \\\"av/container/core.py\\\", line 555, in av.container.core.open\\n\", \"  File \\\"av/container/core.py\\\", line 344, in av.container.core.Container.__cinit__\\n\", \"  File \\\"av/container/core.py\\\", line 369, in av.container.core.Container.err_check\\n\", \"  File \\\"av/error.py\\\", line 411, in av.error.err_check\\n\"], \"current_inputs\": {\"image\": [\"\"]}, \"current_outputs\": [\"3\", \"5\", \"8\", \"1\", \"11\", \"15\", \"12\", \"2\", \"7\", \"9\", \"13\", \"14\", \"4\", \"6\", \"10\"], \"timestamp\": 1781840407422}]]}, \"meta\": {}}}"}
2026-06-19T03:42:07.463Z [WARN] [ComfyUI poll] 任务完成但未找到视频文件 {"outputs":"{}","video_gen_id":15}
2026-06-19T03:42:17.471Z [INFO] [ComfyUI poll] 查询history {"url":"http://localhost:18188/history/114ac47e-0e30-4824-976c-46819b2c19ab","video_gen_id":15}
2026-06-19T03:42:17.472Z [INFO] [poll] 发起查询 {"video_gen_id":15,"round":13,"url":"http://localhost:18188/history/114ac47e-0e30-4824-976c-46819b2c19ab"}
2026-06-19T03:42:17.506Z [INFO] [poll] 查询 HTTP 结果 {"video_gen_id":15,"round":13,"http_status":200,"bytes":4429,"body":"{\"114ac47e-0e30-4824-976c-46819b2c19ab\": {\"prompt\": [4, \"114ac47e-0e30-4824-976c-46819b2c19ab\", {\"1\": {\"class_type\": \"UNETLoader\", \"inputs\": {\"unet_name\": \"wan_fp8_scaled/I2V/Wan2_2-I2V-A14B-HIGH_fp8_e4m3fn_scaled_KJ.safetensors\", \"weight_dtype\": \"default\"}}, \"2\": {\"class_type\": \"UNETLoader\", \"inputs\": {\"unet_name\": \"wan_fp8_scaled/I2V/Wan2_2-I2V-A14B-LOW_fp8_e4m3fn_scaled_KJ.safetensors\", \"weight_dtype\": \"default\"}}, \"3\": {\"class_type\": \"CLIPLoader\", \"inputs\": {\"clip_name\": \"umt5_xxl_fp8_e4m3fn_scaled.safetensors\", \"type\": \"wan\"}}, \"4\": {\"class_type\": \"CLIPTextEncode\", \"inputs\": {\"text\": \"a young woman smiling gently, cinematic lighting, soft breeze in hair\", \"clip\": [\"3\", 0]}}, \"5\": {\"class_type\": \"CLIPTextEncode\", \"inputs\": {\"text\": \"low quality, blurry, distorted, bad anatomy, watermark, text, logo, nsfw\", \"clip\": [\"3\", 0]}}, \"6\": {\"class_type\": \"VAELoader\", \"inputs\": {\"vae_name\": \"wan_2.1_vae.safetensors\"}}, \"7\": {\"class_type\": \"CLIPVisionLoader\", \"inputs\": {\"clip_name\": \"clip_vision_h.safetensors\"}}, \"8\": {\"class_type\": \"LoadImage\", \"inputs\": {\"image\": \"\"}}, \"9\": {\"class_type\": \"CLIPVisionEncode\", \"inputs\": {\"clip_vision\": [\"7\", 0], \"image\": [\"8\", 0]}}, \"10\": {\"class_type\": \"Wan22ImageToVideoLatent\", \"inputs\": {\"vae\": [\"6\", 0], \"width\": 1280, \"height\": 720, \"length\": 50, \"batch_size\": 1, \"start_image\": [\"8\", 0]}}, \"11\": {\"class_type\": \"KSampler\", \"inputs\": {\"seed\": 954868916863, \"steps\": 20, \"cfg\": 3.0, \"sampler_name\": \"euler\", \"scheduler\": \"normal\", \"denoise\": 1.0, \"model\": [\"1\", 0], \"positive\": [\"4\", 0], \"negative\": [\"5\", 0], \"latent_image\": [\"10\", 0]}}, \"12\": {\"class_type\": \"KSampler\", \"inputs\": {\"seed\": 954868916863, \"steps\": 20, \"cfg\": 3.0, \"sampler_name\": \"euler\", \"scheduler\": \"normal\", \"denoise\": 1.0, \"model\": [\"2\", 0], \"positive\": [\"4\", 0], \"negative\": [\"5\", 0], \"latent_image\": [\"11\", 0]}}, \"13\": {\"class_type\": \"VAEDecode\", \"inputs\": {\"samples\": [\"12\", 0], \"vae\": [\"6\", 0]}}, \"14\": {\"class_type\": \"CreateVideo\", \"inputs\": {\"images\": [\"13\", 0], \"fps\": 25.0}}, \"15\": {\"class_type\": \"SaveVideo\", \"inputs\": {\"filename_prefix\": \"drama\", \"video\": [\"14\", 0], \"format\": \"auto\", \"codec\": \"auto\"}}}, {\"create_time\": 1781840407403}, [\"15\"]], \"outputs\": {}, \"status\": {\"status_str\": \"error\", \"completed\": false, \"messages\": [[\"execution_start\", {\"prompt_id\": \"114ac47e-0e30-4824-976c-46819b2c19ab\", \"timestamp\": 1781840407405}], [\"execution_cached\", {\"nodes\": [\"1\", \"2\", \"3\", \"6\"], \"prompt_id\": \"114ac47e-0e30-4824-976c-46819b2c19ab\", \"timestamp\": 1781840407416}], [\"execution_error\", {\"prompt_id\": \"114ac47e-0e30-4824-976c-46819b2c19ab\", \"node_id\": \"8\", \"node_type\": \"LoadImage\", \"executed\": [], \"exception_message\": \"[Errno 21] Is a directory: '/root/autodl-tmp/ComfyUI/input/'\\n\", \"exception_type\": \"av.error.IsADirectoryError\", \"traceback\": [\"  File \\\"/root/autodl-tmp/ComfyUI/execution.py\\\", line 542, in execute\\n    output_data, output_ui, has_subgraph, has_pending_tasks = await get_output_data(prompt_id, unique_id, obj, input_data_all, execution_block_cb=execution_block_cb, pre_execute_cb=pre_execute_cb, v3_data=v3_data)\\n\", \"  File \\\"/root/autodl-tmp/ComfyUI/execution.py\\\", line 341, in get_output_data\\n    return_values = await _async_map_node_over_list(prompt_id, unique_id, obj, input_data_all, obj.FUNCTION, allow_interrupt=True, execution_block_cb=execution_block_cb, pre_execute_cb=pre_execute_cb, v3_data=v3_data)\\n\", \"  File \\\"/root/autodl-tmp/ComfyUI/execution.py\\\", line 315, in _async_map_node_over_list\\n    await process_inputs(input_dict, i)\\n\", \"  File \\\"/root/autodl-tmp/ComfyUI/execution.py\\\", line 303, in process_inputs\\n    result = f(**inputs)\\n\", \"  File \\\"/root/autodl-tmp/ComfyUI/nodes.py\\\", line 1718, in load_image\\n    components = InputImpl.VideoFromFile(image_path).get_components()\\n\", \"  File \\\"/root/autodl-tmp/ComfyUI/comfy_api/latest/_input_impl/video_types.py\\\", line 370, in get_components\\n    with av.open(self.__file, mode='r') as container:\\n\", \"  File \\\"av/container/core.py\\\", line 555, in av.container.core.open\\n\", \"  File \\\"av/container/core.py\\\", line 344, in av.container.core.Container.__cinit__\\n\", \"  File \\\"av/container/core.py\\\", line 369, in av.container.core.Container.err_check\\n\", \"  File \\\"av/error.py\\\", line 411, in av.error.err_check\\n\"], \"current_inputs\": {\"image\": [\"\"]}, \"current_outputs\": [\"3\", \"5\", \"8\", \"1\", \"11\", \"15\", \"12\", \"2\", \"7\", \"9\", \"13\", \"14\", \"4\", \"6\", \"10\"], \"timestamp\": 1781840407422}]]}, \"meta\": {}}}"}
2026-06-19T03:42:17.507Z [WARN] [ComfyUI poll] 任务完成但未找到视频文件 {"outputs":"{}","video_gen_id":15}
2026-06-19T03:42:27.517Z [INFO] [ComfyUI poll] 查询history {"url":"http://localhost:18188/history/114ac47e-0e30-4824-976c-46819b2c19ab","video_gen_id":15}
2026-06-19T03:42:27.518Z [INFO] [poll] 发起查询 {"video_gen_id":15,"round":14,"url":"http://localhost:18188/history/114ac47e-0e30-4824-976c-46819b2c19ab"}
2026-06-19T03:42:27.554Z [INFO] [poll] 查询 HTTP 结果 {"video_gen_id":15,"round":14,"http_status":200,"bytes":4429,"body":"{\"114ac47e-0e30-4824-976c-46819b2c19ab\": {\"prompt\": [4, \"114ac47e-0e30-4824-976c-46819b2c19ab\", {\"1\": {\"class_type\": \"UNETLoader\", \"inputs\": {\"unet_name\": \"wan_fp8_scaled/I2V/Wan2_2-I2V-A14B-HIGH_fp8_e4m3fn_scaled_KJ.safetensors\", \"weight_dtype\": \"default\"}}, \"2\": {\"class_type\": \"UNETLoader\", \"inputs\": {\"unet_name\": \"wan_fp8_scaled/I2V/Wan2_2-I2V-A14B-LOW_fp8_e4m3fn_scaled_KJ.safetensors\", \"weight_dtype\": \"default\"}}, \"3\": {\"class_type\": \"CLIPLoader\", \"inputs\": {\"clip_name\": \"umt5_xxl_fp8_e4m3fn_scaled.safetensors\", \"type\": \"wan\"}}, \"4\": {\"class_type\": \"CLIPTextEncode\", \"inputs\": {\"text\": \"a young woman smiling gently, cinematic lighting, soft breeze in hair\", \"clip\": [\"3\", 0]}}, \"5\": {\"class_type\": \"CLIPTextEncode\", \"inputs\": {\"text\": \"low quality, blurry, distorted, bad anatomy, watermark, text, logo, nsfw\", \"clip\": [\"3\", 0]}}, \"6\": {\"class_type\": \"VAELoader\", \"inputs\": {\"vae_name\": \"wan_2.1_vae.safetensors\"}}, \"7\": {\"class_type\": \"CLIPVisionLoader\", \"inputs\": {\"clip_name\": \"clip_vision_h.safetensors\"}}, \"8\": {\"class_type\": \"LoadImage\", \"inputs\": {\"image\": \"\"}}, \"9\": {\"class_type\": \"CLIPVisionEncode\", \"inputs\": {\"clip_vision\": [\"7\", 0], \"image\": [\"8\", 0]}}, \"10\": {\"class_type\": \"Wan22ImageToVideoLatent\", \"inputs\": {\"vae\": [\"6\", 0], \"width\": 1280, \"height\": 720, \"length\": 50, \"batch_size\": 1, \"start_image\": [\"8\", 0]}}, \"11\": {\"class_type\": \"KSampler\", \"inputs\": {\"seed\": 954868916863, \"steps\": 20, \"cfg\": 3.0, \"sampler_name\": \"euler\", \"scheduler\": \"normal\", \"denoise\": 1.0, \"model\": [\"1\", 0], \"positive\": [\"4\", 0], \"negative\": [\"5\", 0], \"latent_image\": [\"10\", 0]}}, \"12\": {\"class_type\": \"KSampler\", \"inputs\": {\"seed\": 954868916863, \"steps\": 20, \"cfg\": 3.0, \"sampler_name\": \"euler\", \"scheduler\": \"normal\", \"denoise\": 1.0, \"model\": [\"2\", 0], \"positive\": [\"4\", 0], \"negative\": [\"5\", 0], \"latent_image\": [\"11\", 0]}}, \"13\": {\"class_type\": \"VAEDecode\", \"inputs\": {\"samples\": [\"12\", 0], \"vae\": [\"6\", 0]}}, \"14\": {\"class_type\": \"CreateVideo\", \"inputs\": {\"images\": [\"13\", 0], \"fps\": 25.0}}, \"15\": {\"class_type\": \"SaveVideo\", \"inputs\": {\"filename_prefix\": \"drama\", \"video\": [\"14\", 0], \"format\": \"auto\", \"codec\": \"auto\"}}}, {\"create_time\": 1781840407403}, [\"15\"]], \"outputs\": {}, \"status\": {\"status_str\": \"error\", \"completed\": false, \"messages\": [[\"execution_start\", {\"prompt_id\": \"114ac47e-0e30-4824-976c-46819b2c19ab\", \"timestamp\": 1781840407405}], [\"execution_cached\", {\"nodes\": [\"1\", \"2\", \"3\", \"6\"], \"prompt_id\": \"114ac47e-0e30-4824-976c-46819b2c19ab\", \"timestamp\": 1781840407416}], [\"execution_error\", {\"prompt_id\": \"114ac47e-0e30-4824-976c-46819b2c19ab\", \"node_id\": \"8\", \"node_type\": \"LoadImage\", \"executed\": [], \"exception_message\": \"[Errno 21] Is a directory: '/root/autodl-tmp/ComfyUI/input/'\\n\", \"exception_type\": \"av.error.IsADirectoryError\", \"traceback\": [\"  File \\\"/root/autodl-tmp/ComfyUI/execution.py\\\", line 542, in execute\\n    output_data, output_ui, has_subgraph, has_pending_tasks = await get_output_data(prompt_id, unique_id, obj, input_data_all, execution_block_cb=execution_block_cb, pre_execute_cb=pre_execute_cb, v3_data=v3_data)\\n\", \"  File \\\"/root/autodl-tmp/ComfyUI/execution.py\\\", line 341, in get_output_data\\n    return_values = await _async_map_node_over_list(prompt_id, unique_id, obj, input_data_all, obj.FUNCTION, allow_interrupt=True, execution_block_cb=execution_block_cb, pre_execute_cb=pre_execute_cb, v3_data=v3_data)\\n\", \"  File \\\"/root/autodl-tmp/ComfyUI/execution.py\\\", line 315, in _async_map_node_over_list\\n    await process_inputs(input_dict, i)\\n\", \"  File \\\"/root/autodl-tmp/ComfyUI/execution.py\\\", line 303, in process_inputs\\n    result = f(**inputs)\\n\", \"  File \\\"/root/autodl-tmp/ComfyUI/nodes.py\\\", line 1718, in load_image\\n    components = InputImpl.VideoFromFile(image_path).get_components()\\n\", \"  File \\\"/root/autodl-tmp/ComfyUI/comfy_api/latest/_input_impl/video_types.py\\\", line 370, in get_components\\n    with av.open(self.__file, mode='r') as container:\\n\", \"  File \\\"av/container/core.py\\\", line 555, in av.container.core.open\\n\", \"  File \\\"av/container/core.py\\\", line 344, in av.container.core.Container.__cinit__\\n\", \"  File \\\"av/container/core.py\\\", line 369, in av.container.core.Container.err_check\\n\", \"  File \\\"av/error.py\\\", line 411, in av.error.err_check\\n\"], \"current_inputs\": {\"image\": [\"\"]}, \"current_outputs\": [\"3\", \"5\", \"8\", \"1\", \"11\", \"15\", \"12\", \"2\", \"7\", \"9\", \"13\", \"14\", \"4\", \"6\", \"10\"], \"timestamp\": 1781840407422}]]}, \"meta\": {}}}"}
2026-06-19T03:42:27.554Z [WARN] [ComfyUI poll] 任务完成但未找到视频文件 {"outputs":"{}","video_gen_id":15}
2026-06-19T03:42:37.563Z [INFO] [ComfyUI poll] 查询history {"url":"http://localhost:18188/history/114ac47e-0e30-4824-976c-46819b2c19ab","video_gen_id":15}
2026-06-19T03:42:37.564Z [INFO] [poll] 发起查询 {"video_gen_id":15,"round":15,"url":"http://localhost:18188/history/114ac47e-0e30-4824-976c-46819b2c19ab"}
2026-06-19T03:42:37.602Z [INFO] [poll] 查询 HTTP 结果 {"video_gen_id":15,"round":15,"http_status":200,"bytes":4429,"body":"{\"114ac47e-0e30-4824-976c-46819b2c19ab\": {\"prompt\": [4, \"114ac47e-0e30-4824-976c-46819b2c19ab\", {\"1\": {\"class_type\": \"UNETLoader\", \"inputs\": {\"unet_name\": \"wan_fp8_scaled/I2V/Wan2_2-I2V-A14B-HIGH_fp8_e4m3fn_scaled_KJ.safetensors\", \"weight_dtype\": \"default\"}}, \"2\": {\"class_type\": \"UNETLoader\", \"inputs\": {\"unet_name\": \"wan_fp8_scaled/I2V/Wan2_2-I2V-A14B-LOW_fp8_e4m3fn_scaled_KJ.safetensors\", \"weight_dtype\": \"default\"}}, \"3\": {\"class_type\": \"CLIPLoader\", \"inputs\": {\"clip_name\": \"umt5_xxl_fp8_e4m3fn_scaled.safetensors\", \"type\": \"wan\"}}, \"4\": {\"class_type\": \"CLIPTextEncode\", \"inputs\": {\"text\": \"a young woman smiling gently, cinematic lighting, soft breeze in hair\", \"clip\": [\"3\", 0]}}, \"5\": {\"class_type\": \"CLIPTextEncode\", \"inputs\": {\"text\": \"low quality, blurry, distorted, bad anatomy, watermark, text, logo, nsfw\", \"clip\": [\"3\", 0]}}, \"6\": {\"class_type\": \"VAELoader\", \"inputs\": {\"vae_name\": \"wan_2.1_vae.safetensors\"}}, \"7\": {\"class_type\": \"CLIPVisionLoader\", \"inputs\": {\"clip_name\": \"clip_vision_h.safetensors\"}}, \"8\": {\"class_type\": \"LoadImage\", \"inputs\": {\"image\": \"\"}}, \"9\": {\"class_type\": \"CLIPVisionEncode\", \"inputs\": {\"clip_vision\": [\"7\", 0], \"image\": [\"8\", 0]}}, \"10\": {\"class_type\": \"Wan22ImageToVideoLatent\", \"inputs\": {\"vae\": [\"6\", 0], \"width\": 1280, \"height\": 720, \"length\": 50, \"batch_size\": 1, \"start_image\": [\"8\", 0]}}, \"11\": {\"class_type\": \"KSampler\", \"inputs\": {\"seed\": 954868916863, \"steps\": 20, \"cfg\": 3.0, \"sampler_name\": \"euler\", \"scheduler\": \"normal\", \"denoise\": 1.0, \"model\": [\"1\", 0], \"positive\": [\"4\", 0], \"negative\": [\"5\", 0], \"latent_image\": [\"10\", 0]}}, \"12\": {\"class_type\": \"KSampler\", \"inputs\": {\"seed\": 954868916863, \"steps\": 20, \"cfg\": 3.0, \"sampler_name\": \"euler\", \"scheduler\": \"normal\", \"denoise\": 1.0, \"model\": [\"2\", 0], \"positive\": [\"4\", 0], \"negative\": [\"5\", 0], \"latent_image\": [\"11\", 0]}}, \"13\": {\"class_type\": \"VAEDecode\", \"inputs\": {\"samples\": [\"12\", 0], \"vae\": [\"6\", 0]}}, \"14\": {\"class_type\": \"CreateVideo\", \"inputs\": {\"images\": [\"13\", 0], \"fps\": 25.0}}, \"15\": {\"class_type\": \"SaveVideo\", \"inputs\": {\"filename_prefix\": \"drama\", \"video\": [\"14\", 0], \"format\": \"auto\", \"codec\": \"auto\"}}}, {\"create_time\": 1781840407403}, [\"15\"]], \"outputs\": {}, \"status\": {\"status_str\": \"error\", \"completed\": false, \"messages\": [[\"execution_start\", {\"prompt_id\": \"114ac47e-0e30-4824-976c-46819b2c19ab\", \"timestamp\": 1781840407405}], [\"execution_cached\", {\"nodes\": [\"1\", \"2\", \"3\", \"6\"], \"prompt_id\": \"114ac47e-0e30-4824-976c-46819b2c19ab\", \"timestamp\": 1781840407416}], [\"execution_error\", {\"prompt_id\": \"114ac47e-0e30-4824-976c-46819b2c19ab\", \"node_id\": \"8\", \"node_type\": \"LoadImage\", \"executed\": [], \"exception_message\": \"[Errno 21] Is a directory: '/root/autodl-tmp/ComfyUI/input/'\\n\", \"exception_type\": \"av.error.IsADirectoryError\", \"traceback\": [\"  File \\\"/root/autodl-tmp/ComfyUI/execution.py\\\", line 542, in execute\\n    output_data, output_ui, has_subgraph, has_pending_tasks = await get_output_data(prompt_id, unique_id, obj, input_data_all, execution_block_cb=execution_block_cb, pre_execute_cb=pre_execute_cb, v3_data=v3_data)\\n\", \"  File \\\"/root/autodl-tmp/ComfyUI/execution.py\\\", line 341, in get_output_data\\n    return_values = await _async_map_node_over_list(prompt_id, unique_id, obj, input_data_all, obj.FUNCTION, allow_interrupt=True, execution_block_cb=execution_block_cb, pre_execute_cb=pre_execute_cb, v3_data=v3_data)\\n\", \"  File \\\"/root/autodl-tmp/ComfyUI/execution.py\\\", line 315, in _async_map_node_over_list\\n    await process_inputs(input_dict, i)\\n\", \"  File \\\"/root/autodl-tmp/ComfyUI/execution.py\\\", line 303, in process_inputs\\n    result = f(**inputs)\\n\", \"  File \\\"/root/autodl-tmp/ComfyUI/nodes.py\\\", line 1718, in load_image\\n    components = InputImpl.VideoFromFile(image_path).get_components()\\n\", \"  File \\\"/root/autodl-tmp/ComfyUI/comfy_api/latest/_input_impl/video_types.py\\\", line 370, in get_components\\n    with av.open(self.__file, mode='r') as container:\\n\", \"  File \\\"av/container/core.py\\\", line 555, in av.container.core.open\\n\", \"  File \\\"av/container/core.py\\\", line 344, in av.container.core.Container.__cinit__\\n\", \"  File \\\"av/container/core.py\\\", line 369, in av.container.core.Container.err_check\\n\", \"  File \\\"av/error.py\\\", line 411, in av.error.err_check\\n\"], \"current_inputs\": {\"image\": [\"\"]}, \"current_outputs\": [\"3\", \"5\", \"8\", \"1\", \"11\", \"15\", \"12\", \"2\", \"7\", \"9\", \"13\", \"14\", \"4\", \"6\", \"10\"], \"timestamp\": 1781840407422}]]}, \"meta\": {}}}"}
2026-06-19T03:42:37.602Z [WARN] [ComfyUI poll] 任务完成但未找到视频文件 {"outputs":"{}","video_gen_id":15}
2026-06-19T03:42:47.611Z [INFO] [ComfyUI poll] 查询history {"url":"http://localhost:18188/history/114ac47e-0e30-4824-976c-46819b2c19ab","video_gen_id":15}
2026-06-19T03:42:47.612Z [INFO] [poll] 发起查询 {"video_gen_id":15,"round":16,"url":"http://localhost:18188/history/114ac47e-0e30-4824-976c-46819b2c19ab"}
2026-06-19T03:42:47.650Z [INFO] [poll] 查询 HTTP 结果 {"video_gen_id":15,"round":16,"http_status":200,"bytes":4429,"body":"{\"114ac47e-0e30-4824-976c-46819b2c19ab\": {\"prompt\": [4, \"114ac47e-0e30-4824-976c-46819b2c19ab\", {\"1\": {\"class_type\": \"UNETLoader\", \"inputs\": {\"unet_name\": \"wan_fp8_scaled/I2V/Wan2_2-I2V-A14B-HIGH_fp8_e4m3fn_scaled_KJ.safetensors\", \"weight_dtype\": \"default\"}}, \"2\": {\"class_type\": \"UNETLoader\", \"inputs\": {\"unet_name\": \"wan_fp8_scaled/I2V/Wan2_2-I2V-A14B-LOW_fp8_e4m3fn_scaled_KJ.safetensors\", \"weight_dtype\": \"default\"}}, \"3\": {\"class_type\": \"CLIPLoader\", \"inputs\": {\"clip_name\": \"umt5_xxl_fp8_e4m3fn_scaled.safetensors\", \"type\": \"wan\"}}, \"4\": {\"class_type\": \"CLIPTextEncode\", \"inputs\": {\"text\": \"a young woman smiling gently, cinematic lighting, soft breeze in hair\", \"clip\": [\"3\", 0]}}, \"5\": {\"class_type\": \"CLIPTextEncode\", \"inputs\": {\"text\": \"low quality, blurry, distorted, bad anatomy, watermark, text, logo, nsfw\", \"clip\": [\"3\", 0]}}, \"6\": {\"class_type\": \"VAELoader\", \"inputs\": {\"vae_name\": \"wan_2.1_vae.safetensors\"}}, \"7\": {\"class_type\": \"CLIPVisionLoader\", \"inputs\": {\"clip_name\": \"clip_vision_h.safetensors\"}}, \"8\": {\"class_type\": \"LoadImage\", \"inputs\": {\"image\": \"\"}}, \"9\": {\"class_type\": \"CLIPVisionEncode\", \"inputs\": {\"clip_vision\": [\"7\", 0], \"image\": [\"8\", 0]}}, \"10\": {\"class_type\": \"Wan22ImageToVideoLatent\", \"inputs\": {\"vae\": [\"6\", 0], \"width\": 1280, \"height\": 720, \"length\": 50, \"batch_size\": 1, \"start_image\": [\"8\", 0]}}, \"11\": {\"class_type\": \"KSampler\", \"inputs\": {\"seed\": 954868916863, \"steps\": 20, \"cfg\": 3.0, \"sampler_name\": \"euler\", \"scheduler\": \"normal\", \"denoise\": 1.0, \"model\": [\"1\", 0], \"positive\": [\"4\", 0], \"negative\": [\"5\", 0], \"latent_image\": [\"10\", 0]}}, \"12\": {\"class_type\": \"KSampler\", \"inputs\": {\"seed\": 954868916863, \"steps\": 20, \"cfg\": 3.0, \"sampler_name\": \"euler\", \"scheduler\": \"normal\", \"denoise\": 1.0, \"model\": [\"2\", 0], \"positive\": [\"4\", 0], \"negative\": [\"5\", 0], \"latent_image\": [\"11\", 0]}}, \"13\": {\"class_type\": \"VAEDecode\", \"inputs\": {\"samples\": [\"12\", 0], \"vae\": [\"6\", 0]}}, \"14\": {\"class_type\": \"CreateVideo\", \"inputs\": {\"images\": [\"13\", 0], \"fps\": 25.0}}, \"15\": {\"class_type\": \"SaveVideo\", \"inputs\": {\"filename_prefix\": \"drama\", \"video\": [\"14\", 0], \"format\": \"auto\", \"codec\": \"auto\"}}}, {\"create_time\": 1781840407403}, [\"15\"]], \"outputs\": {}, \"status\": {\"status_str\": \"error\", \"completed\": false, \"messages\": [[\"execution_start\", {\"prompt_id\": \"114ac47e-0e30-4824-976c-46819b2c19ab\", \"timestamp\": 1781840407405}], [\"execution_cached\", {\"nodes\": [\"1\", \"2\", \"3\", \"6\"], \"prompt_id\": \"114ac47e-0e30-4824-976c-46819b2c19ab\", \"timestamp\": 1781840407416}], [\"execution_error\", {\"prompt_id\": \"114ac47e-0e30-4824-976c-46819b2c19ab\", \"node_id\": \"8\", \"node_type\": \"LoadImage\", \"executed\": [], \"exception_message\": \"[Errno 21] Is a directory: '/root/autodl-tmp/ComfyUI/input/'\\n\", \"exception_type\": \"av.error.IsADirectoryError\", \"traceback\": [\"  File \\\"/root/autodl-tmp/ComfyUI/execution.py\\\", line 542, in execute\\n    output_data, output_ui, has_subgraph, has_pending_tasks = await get_output_data(prompt_id, unique_id, obj, input_data_all, execution_block_cb=execution_block_cb, pre_execute_cb=pre_execute_cb, v3_data=v3_data)\\n\", \"  File \\\"/root/autodl-tmp/ComfyUI/execution.py\\\", line 341, in get_output_data\\n    return_values = await _async_map_node_over_list(prompt_id, unique_id, obj, input_data_all, obj.FUNCTION, allow_interrupt=True, execution_block_cb=execution_block_cb, pre_execute_cb=pre_execute_cb, v3_data=v3_data)\\n\", \"  File \\\"/root/autodl-tmp/ComfyUI/execution.py\\\", line 315, in _async_map_node_over_list\\n    await process_inputs(input_dict, i)\\n\", \"  File \\\"/root/autodl-tmp/ComfyUI/execution.py\\\", line 303, in process_inputs\\n    result = f(**inputs)\\n\", \"  File \\\"/root/autodl-tmp/ComfyUI/nodes.py\\\", line 1718, in load_image\\n    components = InputImpl.VideoFromFile(image_path).get_components()\\n\", \"  File \\\"/root/autodl-tmp/ComfyUI/comfy_api/latest/_input_impl/video_types.py\\\", line 370, in get_components\\n    with av.open(self.__file, mode='r') as container:\\n\", \"  File \\\"av/container/core.py\\\", line 555, in av.container.core.open\\n\", \"  File \\\"av/container/core.py\\\", line 344, in av.container.core.Container.__cinit__\\n\", \"  File \\\"av/container/core.py\\\", line 369, in av.container.core.Container.err_check\\n\", \"  File \\\"av/error.py\\\", line 411, in av.error.err_check\\n\"], \"current_inputs\": {\"image\": [\"\"]}, \"current_outputs\": [\"3\", \"5\", \"8\", \"1\", \"11\", \"15\", \"12\", \"2\", \"7\", \"9\", \"13\", \"14\", \"4\", \"6\", \"10\"], \"timestamp\": 1781840407422}]]}, \"meta\": {}}}"}
2026-06-19T03:42:47.650Z [WARN] [ComfyUI poll] 任务完成但未找到视频文件 {"outputs":"{}","video_gen_id":15}
2026-06-19T03:42:57.659Z [INFO] [ComfyUI poll] 查询history {"url":"http://localhost:18188/history/114ac47e-0e30-4824-976c-46819b2c19ab","video_gen_id":15}
2026-06-19T03:42:57.659Z [INFO] [poll] 发起查询 {"video_gen_id":15,"round":17,"url":"http://localhost:18188/history/114ac47e-0e30-4824-976c-46819b2c19ab"}
2026-06-19T03:42:57.696Z [INFO] [poll] 查询 HTTP 结果 {"video_gen_id":15,"round":17,"http_status":200,"bytes":4429,"body":"{\"114ac47e-0e30-4824-976c-46819b2c19ab\": {\"prompt\": [4, \"114ac47e-0e30-4824-976c-46819b2c19ab\", {\"1\": {\"class_type\": \"UNETLoader\", \"inputs\": {\"unet_name\": \"wan_fp8_scaled/I2V/Wan2_2-I2V-A14B-HIGH_fp8_e4m3fn_scaled_KJ.safetensors\", \"weight_dtype\": \"default\"}}, \"2\": {\"class_type\": \"UNETLoader\", \"inputs\": {\"unet_name\": \"wan_fp8_scaled/I2V/Wan2_2-I2V-A14B-LOW_fp8_e4m3fn_scaled_KJ.safetensors\", \"weight_dtype\": \"default\"}}, \"3\": {\"class_type\": \"CLIPLoader\", \"inputs\": {\"clip_name\": \"umt5_xxl_fp8_e4m3fn_scaled.safetensors\", \"type\": \"wan\"}}, \"4\": {\"class_type\": \"CLIPTextEncode\", \"inputs\": {\"text\": \"a young woman smiling gently, cinematic lighting, soft breeze in hair\", \"clip\": [\"3\", 0]}}, \"5\": {\"class_type\": \"CLIPTextEncode\", \"inputs\": {\"text\": \"low quality, blurry, distorted, bad anatomy, watermark, text, logo, nsfw\", \"clip\": [\"3\", 0]}}, \"6\": {\"class_type\": \"VAELoader\", \"inputs\": {\"vae_name\": \"wan_2.1_vae.safetensors\"}}, \"7\": {\"class_type\": \"CLIPVisionLoader\", \"inputs\": {\"clip_name\": \"clip_vision_h.safetensors\"}}, \"8\": {\"class_type\": \"LoadImage\", \"inputs\": {\"image\": \"\"}}, \"9\": {\"class_type\": \"CLIPVisionEncode\", \"inputs\": {\"clip_vision\": [\"7\", 0], \"image\": [\"8\", 0]}}, \"10\": {\"class_type\": \"Wan22ImageToVideoLatent\", \"inputs\": {\"vae\": [\"6\", 0], \"width\": 1280, \"height\": 720, \"length\": 50, \"batch_size\": 1, \"start_image\": [\"8\", 0]}}, \"11\": {\"class_type\": \"KSampler\", \"inputs\": {\"seed\": 954868916863, \"steps\": 20, \"cfg\": 3.0, \"sampler_name\": \"euler\", \"scheduler\": \"normal\", \"denoise\": 1.0, \"model\": [\"1\", 0], \"positive\": [\"4\", 0], \"negative\": [\"5\", 0], \"latent_image\": [\"10\", 0]}}, \"12\": {\"class_type\": \"KSampler\", \"inputs\": {\"seed\": 954868916863, \"steps\": 20, \"cfg\": 3.0, \"sampler_name\": \"euler\", \"scheduler\": \"normal\", \"denoise\": 1.0, \"model\": [\"2\", 0], \"positive\": [\"4\", 0], \"negative\": [\"5\", 0], \"latent_image\": [\"11\", 0]}}, \"13\": {\"class_type\": \"VAEDecode\", \"inputs\": {\"samples\": [\"12\", 0], \"vae\": [\"6\", 0]}}, \"14\": {\"class_type\": \"CreateVideo\", \"inputs\": {\"images\": [\"13\", 0], \"fps\": 25.0}}, \"15\": {\"class_type\": \"SaveVideo\", \"inputs\": {\"filename_prefix\": \"drama\", \"video\": [\"14\", 0], \"format\": \"auto\", \"codec\": \"auto\"}}}, {\"create_time\": 1781840407403}, [\"15\"]], \"outputs\": {}, \"status\": {\"status_str\": \"error\", \"completed\": false, \"messages\": [[\"execution_start\", {\"prompt_id\": \"114ac47e-0e30-4824-976c-46819b2c19ab\", \"timestamp\": 1781840407405}], [\"execution_cached\", {\"nodes\": [\"1\", \"2\", \"3\", \"6\"], \"prompt_id\": \"114ac47e-0e30-4824-976c-46819b2c19ab\", \"timestamp\": 1781840407416}], [\"execution_error\", {\"prompt_id\": \"114ac47e-0e30-4824-976c-46819b2c19ab\", \"node_id\": \"8\", \"node_type\": \"LoadImage\", \"executed\": [], \"exception_message\": \"[Errno 21] Is a directory: '/root/autodl-tmp/ComfyUI/input/'\\n\", \"exception_type\": \"av.error.IsADirectoryError\", \"traceback\": [\"  File \\\"/root/autodl-tmp/ComfyUI/execution.py\\\", line 542, in execute\\n    output_data, output_ui, has_subgraph, has_pending_tasks = await get_output_data(prompt_id, unique_id, obj, input_data_all, execution_block_cb=execution_block_cb, pre_execute_cb=pre_execute_cb, v3_data=v3_data)\\n\", \"  File \\\"/root/autodl-tmp/ComfyUI/execution.py\\\", line 341, in get_output_data\\n    return_values = await _async_map_node_over_list(prompt_id, unique_id, obj, input_data_all, obj.FUNCTION, allow_interrupt=True, execution_block_cb=execution_block_cb, pre_execute_cb=pre_execute_cb, v3_data=v3_data)\\n\", \"  File \\\"/root/autodl-tmp/ComfyUI/execution.py\\\", line 315, in _async_map_node_over_list\\n    await process_inputs(input_dict, i)\\n\", \"  File \\\"/root/autodl-tmp/ComfyUI/execution.py\\\", line 303, in process_inputs\\n    result = f(**inputs)\\n\", \"  File \\\"/root/autodl-tmp/ComfyUI/nodes.py\\\", line 1718, in load_image\\n    components = InputImpl.VideoFromFile(image_path).get_components()\\n\", \"  File \\\"/root/autodl-tmp/ComfyUI/comfy_api/latest/_input_impl/video_types.py\\\", line 370, in get_components\\n    with av.open(self.__file, mode='r') as container:\\n\", \"  File \\\"av/container/core.py\\\", line 555, in av.container.core.open\\n\", \"  File \\\"av/container/core.py\\\", line 344, in av.container.core.Container.__cinit__\\n\", \"  File \\\"av/container/core.py\\\", line 369, in av.container.core.Container.err_check\\n\", \"  File \\\"av/error.py\\\", line 411, in av.error.err_check\\n\"], \"current_inputs\": {\"image\": [\"\"]}, \"current_outputs\": [\"3\", \"5\", \"8\", \"1\", \"11\", \"15\", \"12\", \"2\", \"7\", \"9\", \"13\", \"14\", \"4\", \"6\", \"10\"], \"timestamp\": 1781840407422}]]}, \"meta\": {}}}"}
2026-06-19T03:42:57.697Z [WARN] [ComfyUI poll] 任务完成但未找到视频文件 {"outputs":"{}","video_gen_id":15}
2026-06-19T03:43:07.705Z [INFO] [ComfyUI poll] 查询history {"url":"http://localhost:18188/history/114ac47e-0e30-4824-976c-46819b2c19ab","video_gen_id":15}
2026-06-19T03:43:07.706Z [INFO] [poll] 发起查询 {"video_gen_id":15,"round":18,"url":"http://localhost:18188/history/114ac47e-0e30-4824-976c-46819b2c19ab"}
2026-06-19T03:43:07.746Z [INFO] [poll] 查询 HTTP 结果 {"video_gen_id":15,"round":18,"http_status":200,"bytes":4429,"body":"{\"114ac47e-0e30-4824-976c-46819b2c19ab\": {\"prompt\": [4, \"114ac47e-0e30-4824-976c-46819b2c19ab\", {\"1\": {\"class_type\": \"UNETLoader\", \"inputs\": {\"unet_name\": \"wan_fp8_scaled/I2V/Wan2_2-I2V-A14B-HIGH_fp8_e4m3fn_scaled_KJ.safetensors\", \"weight_dtype\": \"default\"}}, \"2\": {\"class_type\": \"UNETLoader\", \"inputs\": {\"unet_name\": \"wan_fp8_scaled/I2V/Wan2_2-I2V-A14B-LOW_fp8_e4m3fn_scaled_KJ.safetensors\", \"weight_dtype\": \"default\"}}, \"3\": {\"class_type\": \"CLIPLoader\", \"inputs\": {\"clip_name\": \"umt5_xxl_fp8_e4m3fn_scaled.safetensors\", \"type\": \"wan\"}}, \"4\": {\"class_type\": \"CLIPTextEncode\", \"inputs\": {\"text\": \"a young woman smiling gently, cinematic lighting, soft breeze in hair\", \"clip\": [\"3\", 0]}}, \"5\": {\"class_type\": \"CLIPTextEncode\", \"inputs\": {\"text\": \"low quality, blurry, distorted, bad anatomy, watermark, text, logo, nsfw\", \"clip\": [\"3\", 0]}}, \"6\": {\"class_type\": \"VAELoader\", \"inputs\": {\"vae_name\": \"wan_2.1_vae.safetensors\"}}, \"7\": {\"class_type\": \"CLIPVisionLoader\", \"inputs\": {\"clip_name\": \"clip_vision_h.safetensors\"}}, \"8\": {\"class_type\": \"LoadImage\", \"inputs\": {\"image\": \"\"}}, \"9\": {\"class_type\": \"CLIPVisionEncode\", \"inputs\": {\"clip_vision\": [\"7\", 0], \"image\": [\"8\", 0]}}, \"10\": {\"class_type\": \"Wan22ImageToVideoLatent\", \"inputs\": {\"vae\": [\"6\", 0], \"width\": 1280, \"height\": 720, \"length\": 50, \"batch_size\": 1, \"start_image\": [\"8\", 0]}}, \"11\": {\"class_type\": \"KSampler\", \"inputs\": {\"seed\": 954868916863, \"steps\": 20, \"cfg\": 3.0, \"sampler_name\": \"euler\", \"scheduler\": \"normal\", \"denoise\": 1.0, \"model\": [\"1\", 0], \"positive\": [\"4\", 0], \"negative\": [\"5\", 0], \"latent_image\": [\"10\", 0]}}, \"12\": {\"class_type\": \"KSampler\", \"inputs\": {\"seed\": 954868916863, \"steps\": 20, \"cfg\": 3.0, \"sampler_name\": \"euler\", \"scheduler\": \"normal\", \"denoise\": 1.0, \"model\": [\"2\", 0], \"positive\": [\"4\", 0], \"negative\": [\"5\", 0], \"latent_image\": [\"11\", 0]}}, \"13\": {\"class_type\": \"VAEDecode\", \"inputs\": {\"samples\": [\"12\", 0], \"vae\": [\"6\", 0]}}, \"14\": {\"class_type\": \"CreateVideo\", \"inputs\": {\"images\": [\"13\", 0], \"fps\": 25.0}}, \"15\": {\"class_type\": \"SaveVideo\", \"inputs\": {\"filename_prefix\": \"drama\", \"video\": [\"14\", 0], \"format\": \"auto\", \"codec\": \"auto\"}}}, {\"create_time\": 1781840407403}, [\"15\"]], \"outputs\": {}, \"status\": {\"status_str\": \"error\", \"completed\": false, \"messages\": [[\"execution_start\", {\"prompt_id\": \"114ac47e-0e30-4824-976c-46819b2c19ab\", \"timestamp\": 1781840407405}], [\"execution_cached\", {\"nodes\": [\"1\", \"2\", \"3\", \"6\"], \"prompt_id\": \"114ac47e-0e30-4824-976c-46819b2c19ab\", \"timestamp\": 1781840407416}], [\"execution_error\", {\"prompt_id\": \"114ac47e-0e30-4824-976c-46819b2c19ab\", \"node_id\": \"8\", \"node_type\": \"LoadImage\", \"executed\": [], \"exception_message\": \"[Errno 21] Is a directory: '/root/autodl-tmp/ComfyUI/input/'\\n\", \"exception_type\": \"av.error.IsADirectoryError\", \"traceback\": [\"  File \\\"/root/autodl-tmp/ComfyUI/execution.py\\\", line 542, in execute\\n    output_data, output_ui, has_subgraph, has_pending_tasks = await get_output_data(prompt_id, unique_id, obj, input_data_all, execution_block_cb=execution_block_cb, pre_execute_cb=pre_execute_cb, v3_data=v3_data)\\n\", \"  File \\\"/root/autodl-tmp/ComfyUI/execution.py\\\", line 341, in get_output_data\\n    return_values = await _async_map_node_over_list(prompt_id, unique_id, obj, input_data_all, obj.FUNCTION, allow_interrupt=True, execution_block_cb=execution_block_cb, pre_execute_cb=pre_execute_cb, v3_data=v3_data)\\n\", \"  File \\\"/root/autodl-tmp/ComfyUI/execution.py\\\", line 315, in _async_map_node_over_list\\n    await process_inputs(input_dict, i)\\n\", \"  File \\\"/root/autodl-tmp/ComfyUI/execution.py\\\", line 303, in process_inputs\\n    result = f(**inputs)\\n\", \"  File \\\"/root/autodl-tmp/ComfyUI/nodes.py\\\", line 1718, in load_image\\n    components = InputImpl.VideoFromFile(image_path).get_components()\\n\", \"  File \\\"/root/autodl-tmp/ComfyUI/comfy_api/latest/_input_impl/video_types.py\\\", line 370, in get_components\\n    with av.open(self.__file, mode='r') as container:\\n\", \"  File \\\"av/container/core.py\\\", line 555, in av.container.core.open\\n\", \"  File \\\"av/container/core.py\\\", line 344, in av.container.core.Container.__cinit__\\n\", \"  File \\\"av/container/core.py\\\", line 369, in av.container.core.Container.err_check\\n\", \"  File \\\"av/error.py\\\", line 411, in av.error.err_check\\n\"], \"current_inputs\": {\"image\": [\"\"]}, \"current_outputs\": [\"3\", \"5\", \"8\", \"1\", \"11\", \"15\", \"12\", \"2\", \"7\", \"9\", \"13\", \"14\", \"4\", \"6\", \"10\"], \"timestamp\": 1781840407422}]]}, \"meta\": {}}}"}
2026-06-19T03:43:07.746Z [WARN] [ComfyUI poll] 任务完成但未找到视频文件 {"outputs":"{}","video_gen_id":15}
2026-06-19T03:43:17.751Z [INFO] [ComfyUI poll] 查询history {"url":"http://localhost:18188/history/114ac47e-0e30-4824-976c-46819b2c19ab","video_gen_id":15}
2026-06-19T03:43:17.756Z [INFO] [poll] 发起查询 {"video_gen_id":15,"round":19,"url":"http://localhost:18188/history/114ac47e-0e30-4824-976c-46819b2c19ab"}
2026-06-19T03:43:17.796Z [INFO] [poll] 查询 HTTP 结果 {"video_gen_id":15,"round":19,"http_status":200,"bytes":4429,"body":"{\"114ac47e-0e30-4824-976c-46819b2c19ab\": {\"prompt\": [4, \"114ac47e-0e30-4824-976c-46819b2c19ab\", {\"1\": {\"class_type\": \"UNETLoader\", \"inputs\": {\"unet_name\": \"wan_fp8_scaled/I2V/Wan2_2-I2V-A14B-HIGH_fp8_e4m3fn_scaled_KJ.safetensors\", \"weight_dtype\": \"default\"}}, \"2\": {\"class_type\": \"UNETLoader\", \"inputs\": {\"unet_name\": \"wan_fp8_scaled/I2V/Wan2_2-I2V-A14B-LOW_fp8_e4m3fn_scaled_KJ.safetensors\", \"weight_dtype\": \"default\"}}, \"3\": {\"class_type\": \"CLIPLoader\", \"inputs\": {\"clip_name\": \"umt5_xxl_fp8_e4m3fn_scaled.safetensors\", \"type\": \"wan\"}}, \"4\": {\"class_type\": \"CLIPTextEncode\", \"inputs\": {\"text\": \"a young woman smiling gently, cinematic lighting, soft breeze in hair\", \"clip\": [\"3\", 0]}}, \"5\": {\"class_type\": \"CLIPTextEncode\", \"inputs\": {\"text\": \"low quality, blurry, distorted, bad anatomy, watermark, text, logo, nsfw\", \"clip\": [\"3\", 0]}}, \"6\": {\"class_type\": \"VAELoader\", \"inputs\": {\"vae_name\": \"wan_2.1_vae.safetensors\"}}, \"7\": {\"class_type\": \"CLIPVisionLoader\", \"inputs\": {\"clip_name\": \"clip_vision_h.safetensors\"}}, \"8\": {\"class_type\": \"LoadImage\", \"inputs\": {\"image\": \"\"}}, \"9\": {\"class_type\": \"CLIPVisionEncode\", \"inputs\": {\"clip_vision\": [\"7\", 0], \"image\": [\"8\", 0]}}, \"10\": {\"class_type\": \"Wan22ImageToVideoLatent\", \"inputs\": {\"vae\": [\"6\", 0], \"width\": 1280, \"height\": 720, \"length\": 50, \"batch_size\": 1, \"start_image\": [\"8\", 0]}}, \"11\": {\"class_type\": \"KSampler\", \"inputs\": {\"seed\": 954868916863, \"steps\": 20, \"cfg\": 3.0, \"sampler_name\": \"euler\", \"scheduler\": \"normal\", \"denoise\": 1.0, \"model\": [\"1\", 0], \"positive\": [\"4\", 0], \"negative\": [\"5\", 0], \"latent_image\": [\"10\", 0]}}, \"12\": {\"class_type\": \"KSampler\", \"inputs\": {\"seed\": 954868916863, \"steps\": 20, \"cfg\": 3.0, \"sampler_name\": \"euler\", \"scheduler\": \"normal\", \"denoise\": 1.0, \"model\": [\"2\", 0], \"positive\": [\"4\", 0], \"negative\": [\"5\", 0], \"latent_image\": [\"11\", 0]}}, \"13\": {\"class_type\": \"VAEDecode\", \"inputs\": {\"samples\": [\"12\", 0], \"vae\": [\"6\", 0]}}, \"14\": {\"class_type\": \"CreateVideo\", \"inputs\": {\"images\": [\"13\", 0], \"fps\": 25.0}}, \"15\": {\"class_type\": \"SaveVideo\", \"inputs\": {\"filename_prefix\": \"drama\", \"video\": [\"14\", 0], \"format\": \"auto\", \"codec\": \"auto\"}}}, {\"create_time\": 1781840407403}, [\"15\"]], \"outputs\": {}, \"status\": {\"status_str\": \"error\", \"completed\": false, \"messages\": [[\"execution_start\", {\"prompt_id\": \"114ac47e-0e30-4824-976c-46819b2c19ab\", \"timestamp\": 1781840407405}], [\"execution_cached\", {\"nodes\": [\"1\", \"2\", \"3\", \"6\"], \"prompt_id\": \"114ac47e-0e30-4824-976c-46819b2c19ab\", \"timestamp\": 1781840407416}], [\"execution_error\", {\"prompt_id\": \"114ac47e-0e30-4824-976c-46819b2c19ab\", \"node_id\": \"8\", \"node_type\": \"LoadImage\", \"executed\": [], \"exception_message\": \"[Errno 21] Is a directory: '/root/autodl-tmp/ComfyUI/input/'\\n\", \"exception_type\": \"av.error.IsADirectoryError\", \"traceback\": [\"  File \\\"/root/autodl-tmp/ComfyUI/execution.py\\\", line 542, in execute\\n    output_data, output_ui, has_subgraph, has_pending_tasks = await get_output_data(prompt_id, unique_id, obj, input_data_all, execution_block_cb=execution_block_cb, pre_execute_cb=pre_execute_cb, v3_data=v3_data)\\n\", \"  File \\\"/root/autodl-tmp/ComfyUI/execution.py\\\", line 341, in get_output_data\\n    return_values = await _async_map_node_over_list(prompt_id, unique_id, obj, input_data_all, obj.FUNCTION, allow_interrupt=True, execution_block_cb=execution_block_cb, pre_execute_cb=pre_execute_cb, v3_data=v3_data)\\n\", \"  File \\\"/root/autodl-tmp/ComfyUI/execution.py\\\", line 315, in _async_map_node_over_list\\n    await process_inputs(input_dict, i)\\n\", \"  File \\\"/root/autodl-tmp/ComfyUI/execution.py\\\", line 303, in process_inputs\\n    result = f(**inputs)\\n\", \"  File \\\"/root/autodl-tmp/ComfyUI/nodes.py\\\", line 1718, in load_image\\n    components = InputImpl.VideoFromFile(image_path).get_components()\\n\", \"  File \\\"/root/autodl-tmp/ComfyUI/comfy_api/latest/_input_impl/video_types.py\\\", line 370, in get_components\\n    with av.open(self.__file, mode='r') as container:\\n\", \"  File \\\"av/container/core.py\\\", line 555, in av.container.core.open\\n\", \"  File \\\"av/container/core.py\\\", line 344, in av.container.core.Container.__cinit__\\n\", \"  File \\\"av/container/core.py\\\", line 369, in av.container.core.Container.err_check\\n\", \"  File \\\"av/error.py\\\", line 411, in av.error.err_check\\n\"], \"current_inputs\": {\"image\": [\"\"]}, \"current_outputs\": [\"3\", \"5\", \"8\", \"1\", \"11\", \"15\", \"12\", \"2\", \"7\", \"9\", \"13\", \"14\", \"4\", \"6\", \"10\"], \"timestamp\": 1781840407422}]]}, \"meta\": {}}}"}
2026-06-19T03:43:17.797Z [WARN] [ComfyUI poll] 任务完成但未找到视频文件 {"outputs":"{}","video_gen_id":15}
2026-06-19T03:43:27.798Z [INFO] [ComfyUI poll] 查询history {"url":"http://localhost:18188/history/114ac47e-0e30-4824-976c-46819b2c19ab","video_gen_id":15}
2026-06-19T03:43:27.799Z [INFO] [poll] 发起查询 {"video_gen_id":15,"round":20,"url":"http://localhost:18188/history/114ac47e-0e30-4824-976c-46819b2c19ab"}
2026-06-19T03:43:27.836Z [INFO] [poll] 查询 HTTP 结果 {"video_gen_id":15,"round":20,"http_status":200,"bytes":4429,"body":"{\"114ac47e-0e30-4824-976c-46819b2c19ab\": {\"prompt\": [4, \"114ac47e-0e30-4824-976c-46819b2c19ab\", {\"1\": {\"class_type\": \"UNETLoader\", \"inputs\": {\"unet_name\": \"wan_fp8_scaled/I2V/Wan2_2-I2V-A14B-HIGH_fp8_e4m3fn_scaled_KJ.safetensors\", \"weight_dtype\": \"default\"}}, \"2\": {\"class_type\": \"UNETLoader\", \"inputs\": {\"unet_name\": \"wan_fp8_scaled/I2V/Wan2_2-I2V-A14B-LOW_fp8_e4m3fn_scaled_KJ.safetensors\", \"weight_dtype\": \"default\"}}, \"3\": {\"class_type\": \"CLIPLoader\", \"inputs\": {\"clip_name\": \"umt5_xxl_fp8_e4m3fn_scaled.safetensors\", \"type\": \"wan\"}}, \"4\": {\"class_type\": \"CLIPTextEncode\", \"inputs\": {\"text\": \"a young woman smiling gently, cinematic lighting, soft breeze in hair\", \"clip\": [\"3\", 0]}}, \"5\": {\"class_type\": \"CLIPTextEncode\", \"inputs\": {\"text\": \"low quality, blurry, distorted, bad anatomy, watermark, text, logo, nsfw\", \"clip\": [\"3\", 0]}}, \"6\": {\"class_type\": \"VAELoader\", \"inputs\": {\"vae_name\": \"wan_2.1_vae.safetensors\"}}, \"7\": {\"class_type\": \"CLIPVisionLoader\", \"inputs\": {\"clip_name\": \"clip_vision_h.safetensors\"}}, \"8\": {\"class_type\": \"LoadImage\", \"inputs\": {\"image\": \"\"}}, \"9\": {\"class_type\": \"CLIPVisionEncode\", \"inputs\": {\"clip_vision\": [\"7\", 0], \"image\": [\"8\", 0]}}, \"10\": {\"class_type\": \"Wan22ImageToVideoLatent\", \"inputs\": {\"vae\": [\"6\", 0], \"width\": 1280, \"height\": 720, \"length\": 50, \"batch_size\": 1, \"start_image\": [\"8\", 0]}}, \"11\": {\"class_type\": \"KSampler\", \"inputs\": {\"seed\": 954868916863, \"steps\": 20, \"cfg\": 3.0, \"sampler_name\": \"euler\", \"scheduler\": \"normal\", \"denoise\": 1.0, \"model\": [\"1\", 0], \"positive\": [\"4\", 0], \"negative\": [\"5\", 0], \"latent_image\": [\"10\", 0]}}, \"12\": {\"class_type\": \"KSampler\", \"inputs\": {\"seed\": 954868916863, \"steps\": 20, \"cfg\": 3.0, \"sampler_name\": \"euler\", \"scheduler\": \"normal\", \"denoise\": 1.0, \"model\": [\"2\", 0], \"positive\": [\"4\", 0], \"negative\": [\"5\", 0], \"latent_image\": [\"11\", 0]}}, \"13\": {\"class_type\": \"VAEDecode\", \"inputs\": {\"samples\": [\"12\", 0], \"vae\": [\"6\", 0]}}, \"14\": {\"class_type\": \"CreateVideo\", \"inputs\": {\"images\": [\"13\", 0], \"fps\": 25.0}}, \"15\": {\"class_type\": \"SaveVideo\", \"inputs\": {\"filename_prefix\": \"drama\", \"video\": [\"14\", 0], \"format\": \"auto\", \"codec\": \"auto\"}}}, {\"create_time\": 1781840407403}, [\"15\"]], \"outputs\": {}, \"status\": {\"status_str\": \"error\", \"completed\": false, \"messages\": [[\"execution_start\", {\"prompt_id\": \"114ac47e-0e30-4824-976c-46819b2c19ab\", \"timestamp\": 1781840407405}], [\"execution_cached\", {\"nodes\": [\"1\", \"2\", \"3\", \"6\"], \"prompt_id\": \"114ac47e-0e30-4824-976c-46819b2c19ab\", \"timestamp\": 1781840407416}], [\"execution_error\", {\"prompt_id\": \"114ac47e-0e30-4824-976c-46819b2c19ab\", \"node_id\": \"8\", \"node_type\": \"LoadImage\", \"executed\": [], \"exception_message\": \"[Errno 21] Is a directory: '/root/autodl-tmp/ComfyUI/input/'\\n\", \"exception_type\": \"av.error.IsADirectoryError\", \"traceback\": [\"  File \\\"/root/autodl-tmp/ComfyUI/execution.py\\\", line 542, in execute\\n    output_data, output_ui, has_subgraph, has_pending_tasks = await get_output_data(prompt_id, unique_id, obj, input_data_all, execution_block_cb=execution_block_cb, pre_execute_cb=pre_execute_cb, v3_data=v3_data)\\n\", \"  File \\\"/root/autodl-tmp/ComfyUI/execution.py\\\", line 341, in get_output_data\\n    return_values = await _async_map_node_over_list(prompt_id, unique_id, obj, input_data_all, obj.FUNCTION, allow_interrupt=True, execution_block_cb=execution_block_cb, pre_execute_cb=pre_execute_cb, v3_data=v3_data)\\n\", \"  File \\\"/root/autodl-tmp/ComfyUI/execution.py\\\", line 315, in _async_map_node_over_list\\n    await process_inputs(input_dict, i)\\n\", \"  File \\\"/root/autodl-tmp/ComfyUI/execution.py\\\", line 303, in process_inputs\\n    result = f(**inputs)\\n\", \"  File \\\"/root/autodl-tmp/ComfyUI/nodes.py\\\", line 1718, in load_image\\n    components = InputImpl.VideoFromFile(image_path).get_components()\\n\", \"  File \\\"/root/autodl-tmp/ComfyUI/comfy_api/latest/_input_impl/video_types.py\\\", line 370, in get_components\\n    with av.open(self.__file, mode='r') as container:\\n\", \"  File \\\"av/container/core.py\\\", line 555, in av.container.core.open\\n\", \"  File \\\"av/container/core.py\\\", line 344, in av.container.core.Container.__cinit__\\n\", \"  File \\\"av/container/core.py\\\", line 369, in av.container.core.Container.err_check\\n\", \"  File \\\"av/error.py\\\", line 411, in av.error.err_check\\n\"], \"current_inputs\": {\"image\": [\"\"]}, \"current_outputs\": [\"3\", \"5\", \"8\", \"1\", \"11\", \"15\", \"12\", \"2\", \"7\", \"9\", \"13\", \"14\", \"4\", \"6\", \"10\"], \"timestamp\": 1781840407422}]]}, \"meta\": {}}}"}
2026-06-19T03:43:27.837Z [WARN] [ComfyUI poll] 任务完成但未找到视频文件 {"outputs":"{}","video_gen_id":15}
2026-06-19T03:43:37.838Z [INFO] [ComfyUI poll] 查询history {"url":"http://localhost:18188/history/114ac47e-0e30-4824-976c-46819b2c19ab","video_gen_id":15}
2026-06-19T03:43:37.839Z [INFO] [poll] 发起查询 {"video_gen_id":15,"round":21,"url":"http://localhost:18188/history/114ac47e-0e30-4824-976c-46819b2c19ab"}
2026-06-19T03:43:37.878Z [INFO] [poll] 查询 HTTP 结果 {"video_gen_id":15,"round":21,"http_status":200,"bytes":4429,"body":"{\"114ac47e-0e30-4824-976c-46819b2c19ab\": {\"prompt\": [4, \"114ac47e-0e30-4824-976c-46819b2c19ab\", {\"1\": {\"class_type\": \"UNETLoader\", \"inputs\": {\"unet_name\": \"wan_fp8_scaled/I2V/Wan2_2-I2V-A14B-HIGH_fp8_e4m3fn_scaled_KJ.safetensors\", \"weight_dtype\": \"default\"}}, \"2\": {\"class_type\": \"UNETLoader\", \"inputs\": {\"unet_name\": \"wan_fp8_scaled/I2V/Wan2_2-I2V-A14B-LOW_fp8_e4m3fn_scaled_KJ.safetensors\", \"weight_dtype\": \"default\"}}, \"3\": {\"class_type\": \"CLIPLoader\", \"inputs\": {\"clip_name\": \"umt5_xxl_fp8_e4m3fn_scaled.safetensors\", \"type\": \"wan\"}}, \"4\": {\"class_type\": \"CLIPTextEncode\", \"inputs\": {\"text\": \"a young woman smiling gently, cinematic lighting, soft breeze in hair\", \"clip\": [\"3\", 0]}}, \"5\": {\"class_type\": \"CLIPTextEncode\", \"inputs\": {\"text\": \"low quality, blurry, distorted, bad anatomy, watermark, text, logo, nsfw\", \"clip\": [\"3\", 0]}}, \"6\": {\"class_type\": \"VAELoader\", \"inputs\": {\"vae_name\": \"wan_2.1_vae.safetensors\"}}, \"7\": {\"class_type\": \"CLIPVisionLoader\", \"inputs\": {\"clip_name\": \"clip_vision_h.safetensors\"}}, \"8\": {\"class_type\": \"LoadImage\", \"inputs\": {\"image\": \"\"}}, \"9\": {\"class_type\": \"CLIPVisionEncode\", \"inputs\": {\"clip_vision\": [\"7\", 0], \"image\": [\"8\", 0]}}, \"10\": {\"class_type\": \"Wan22ImageToVideoLatent\", \"inputs\": {\"vae\": [\"6\", 0], \"width\": 1280, \"height\": 720, \"length\": 50, \"batch_size\": 1, \"start_image\": [\"8\", 0]}}, \"11\": {\"class_type\": \"KSampler\", \"inputs\": {\"seed\": 954868916863, \"steps\": 20, \"cfg\": 3.0, \"sampler_name\": \"euler\", \"scheduler\": \"normal\", \"denoise\": 1.0, \"model\": [\"1\", 0], \"positive\": [\"4\", 0], \"negative\": [\"5\", 0], \"latent_image\": [\"10\", 0]}}, \"12\": {\"class_type\": \"KSampler\", \"inputs\": {\"seed\": 954868916863, \"steps\": 20, \"cfg\": 3.0, \"sampler_name\": \"euler\", \"scheduler\": \"normal\", \"denoise\": 1.0, \"model\": [\"2\", 0], \"positive\": [\"4\", 0], \"negative\": [\"5\", 0], \"latent_image\": [\"11\", 0]}}, \"13\": {\"class_type\": \"VAEDecode\", \"inputs\": {\"samples\": [\"12\", 0], \"vae\": [\"6\", 0]}}, \"14\": {\"class_type\": \"CreateVideo\", \"inputs\": {\"images\": [\"13\", 0], \"fps\": 25.0}}, \"15\": {\"class_type\": \"SaveVideo\", \"inputs\": {\"filename_prefix\": \"drama\", \"video\": [\"14\", 0], \"format\": \"auto\", \"codec\": \"auto\"}}}, {\"create_time\": 1781840407403}, [\"15\"]], \"outputs\": {}, \"status\": {\"status_str\": \"error\", \"completed\": false, \"messages\": [[\"execution_start\", {\"prompt_id\": \"114ac47e-0e30-4824-976c-46819b2c19ab\", \"timestamp\": 1781840407405}], [\"execution_cached\", {\"nodes\": [\"1\", \"2\", \"3\", \"6\"], \"prompt_id\": \"114ac47e-0e30-4824-976c-46819b2c19ab\", \"timestamp\": 1781840407416}], [\"execution_error\", {\"prompt_id\": \"114ac47e-0e30-4824-976c-46819b2c19ab\", \"node_id\": \"8\", \"node_type\": \"LoadImage\", \"executed\": [], \"exception_message\": \"[Errno 21] Is a directory: '/root/autodl-tmp/ComfyUI/input/'\\n\", \"exception_type\": \"av.error.IsADirectoryError\", \"traceback\": [\"  File \\\"/root/autodl-tmp/ComfyUI/execution.py\\\", line 542, in execute\\n    output_data, output_ui, has_subgraph, has_pending_tasks = await get_output_data(prompt_id, unique_id, obj, input_data_all, execution_block_cb=execution_block_cb, pre_execute_cb=pre_execute_cb, v3_data=v3_data)\\n\", \"  File \\\"/root/autodl-tmp/ComfyUI/execution.py\\\", line 341, in get_output_data\\n    return_values = await _async_map_node_over_list(prompt_id, unique_id, obj, input_data_all, obj.FUNCTION, allow_interrupt=True, execution_block_cb=execution_block_cb, pre_execute_cb=pre_execute_cb, v3_data=v3_data)\\n\", \"  File \\\"/root/autodl-tmp/ComfyUI/execution.py\\\", line 315, in _async_map_node_over_list\\n    await process_inputs(input_dict, i)\\n\", \"  File \\\"/root/autodl-tmp/ComfyUI/execution.py\\\", line 303, in process_inputs\\n    result = f(**inputs)\\n\", \"  File \\\"/root/autodl-tmp/ComfyUI/nodes.py\\\", line 1718, in load_image\\n    components = InputImpl.VideoFromFile(image_path).get_components()\\n\", \"  File \\\"/root/autodl-tmp/ComfyUI/comfy_api/latest/_input_impl/video_types.py\\\", line 370, in get_components\\n    with av.open(self.__file, mode='r') as container:\\n\", \"  File \\\"av/container/core.py\\\", line 555, in av.container.core.open\\n\", \"  File \\\"av/container/core.py\\\", line 344, in av.container.core.Container.__cinit__\\n\", \"  File \\\"av/container/core.py\\\", line 369, in av.container.core.Container.err_check\\n\", \"  File \\\"av/error.py\\\", line 411, in av.error.err_check\\n\"], \"current_inputs\": {\"image\": [\"\"]}, \"current_outputs\": [\"3\", \"5\", \"8\", \"1\", \"11\", \"15\", \"12\", \"2\", \"7\", \"9\", \"13\", \"14\", \"4\", \"6\", \"10\"], \"timestamp\": 1781840407422}]]}, \"meta\": {}}}"}
2026-06-19T03:43:37.879Z [WARN] [ComfyUI poll] 任务完成但未找到视频文件 {"outputs":"{}","video_gen_id":15}
2026-06-19T03:43:47.888Z [INFO] [ComfyUI poll] 查询history {"url":"http://localhost:18188/history/114ac47e-0e30-4824-976c-46819b2c19ab","video_gen_id":15}
2026-06-19T03:43:47.889Z [INFO] [poll] 发起查询 {"video_gen_id":15,"round":22,"url":"http://localhost:18188/history/114ac47e-0e30-4824-976c-46819b2c19ab"}
2026-06-19T03:43:47.927Z [INFO] [poll] 查询 HTTP 结果 {"video_gen_id":15,"round":22,"http_status":200,"bytes":4429,"body":"{\"114ac47e-0e30-4824-976c-46819b2c19ab\": {\"prompt\": [4, \"114ac47e-0e30-4824-976c-46819b2c19ab\", {\"1\": {\"class_type\": \"UNETLoader\", \"inputs\": {\"unet_name\": \"wan_fp8_scaled/I2V/Wan2_2-I2V-A14B-HIGH_fp8_e4m3fn_scaled_KJ.safetensors\", \"weight_dtype\": \"default\"}}, \"2\": {\"class_type\": \"UNETLoader\", \"inputs\": {\"unet_name\": \"wan_fp8_scaled/I2V/Wan2_2-I2V-A14B-LOW_fp8_e4m3fn_scaled_KJ.safetensors\", \"weight_dtype\": \"default\"}}, \"3\": {\"class_type\": \"CLIPLoader\", \"inputs\": {\"clip_name\": \"umt5_xxl_fp8_e4m3fn_scaled.safetensors\", \"type\": \"wan\"}}, \"4\": {\"class_type\": \"CLIPTextEncode\", \"inputs\": {\"text\": \"a young woman smiling gently, cinematic lighting, soft breeze in hair\", \"clip\": [\"3\", 0]}}, \"5\": {\"class_type\": \"CLIPTextEncode\", \"inputs\": {\"text\": \"low quality, blurry, distorted, bad anatomy, watermark, text, logo, nsfw\", \"clip\": [\"3\", 0]}}, \"6\": {\"class_type\": \"VAELoader\", \"inputs\": {\"vae_name\": \"wan_2.1_vae.safetensors\"}}, \"7\": {\"class_type\": \"CLIPVisionLoader\", \"inputs\": {\"clip_name\": \"clip_vision_h.safetensors\"}}, \"8\": {\"class_type\": \"LoadImage\", \"inputs\": {\"image\": \"\"}}, \"9\": {\"class_type\": \"CLIPVisionEncode\", \"inputs\": {\"clip_vision\": [\"7\", 0], \"image\": [\"8\", 0]}}, \"10\": {\"class_type\": \"Wan22ImageToVideoLatent\", \"inputs\": {\"vae\": [\"6\", 0], \"width\": 1280, \"height\": 720, \"length\": 50, \"batch_size\": 1, \"start_image\": [\"8\", 0]}}, \"11\": {\"class_type\": \"KSampler\", \"inputs\": {\"seed\": 954868916863, \"steps\": 20, \"cfg\": 3.0, \"sampler_name\": \"euler\", \"scheduler\": \"normal\", \"denoise\": 1.0, \"model\": [\"1\", 0], \"positive\": [\"4\", 0], \"negative\": [\"5\", 0], \"latent_image\": [\"10\", 0]}}, \"12\": {\"class_type\": \"KSampler\", \"inputs\": {\"seed\": 954868916863, \"steps\": 20, \"cfg\": 3.0, \"sampler_name\": \"euler\", \"scheduler\": \"normal\", \"denoise\": 1.0, \"model\": [\"2\", 0], \"positive\": [\"4\", 0], \"negative\": [\"5\", 0], \"latent_image\": [\"11\", 0]}}, \"13\": {\"class_type\": \"VAEDecode\", \"inputs\": {\"samples\": [\"12\", 0], \"vae\": [\"6\", 0]}}, \"14\": {\"class_type\": \"CreateVideo\", \"inputs\": {\"images\": [\"13\", 0], \"fps\": 25.0}}, \"15\": {\"class_type\": \"SaveVideo\", \"inputs\": {\"filename_prefix\": \"drama\", \"video\": [\"14\", 0], \"format\": \"auto\", \"codec\": \"auto\"}}}, {\"create_time\": 1781840407403}, [\"15\"]], \"outputs\": {}, \"status\": {\"status_str\": \"error\", \"completed\": false, \"messages\": [[\"execution_start\", {\"prompt_id\": \"114ac47e-0e30-4824-976c-46819b2c19ab\", \"timestamp\": 1781840407405}], [\"execution_cached\", {\"nodes\": [\"1\", \"2\", \"3\", \"6\"], \"prompt_id\": \"114ac47e-0e30-4824-976c-46819b2c19ab\", \"timestamp\": 1781840407416}], [\"execution_error\", {\"prompt_id\": \"114ac47e-0e30-4824-976c-46819b2c19ab\", \"node_id\": \"8\", \"node_type\": \"LoadImage\", \"executed\": [], \"exception_message\": \"[Errno 21] Is a directory: '/root/autodl-tmp/ComfyUI/input/'\\n\", \"exception_type\": \"av.error.IsADirectoryError\", \"traceback\": [\"  File \\\"/root/autodl-tmp/ComfyUI/execution.py\\\", line 542, in execute\\n    output_data, output_ui, has_subgraph, has_pending_tasks = await get_output_data(prompt_id, unique_id, obj, input_data_all, execution_block_cb=execution_block_cb, pre_execute_cb=pre_execute_cb, v3_data=v3_data)\\n\", \"  File \\\"/root/autodl-tmp/ComfyUI/execution.py\\\", line 341, in get_output_data\\n    return_values = await _async_map_node_over_list(prompt_id, unique_id, obj, input_data_all, obj.FUNCTION, allow_interrupt=True, execution_block_cb=execution_block_cb, pre_execute_cb=pre_execute_cb, v3_data=v3_data)\\n\", \"  File \\\"/root/autodl-tmp/ComfyUI/execution.py\\\", line 315, in _async_map_node_over_list\\n    await process_inputs(input_dict, i)\\n\", \"  File \\\"/root/autodl-tmp/ComfyUI/execution.py\\\", line 303, in process_inputs\\n    result = f(**inputs)\\n\", \"  File \\\"/root/autodl-tmp/ComfyUI/nodes.py\\\", line 1718, in load_image\\n    components = InputImpl.VideoFromFile(image_path).get_components()\\n\", \"  File \\\"/root/autodl-tmp/ComfyUI/comfy_api/latest/_input_impl/video_types.py\\\", line 370, in get_components\\n    with av.open(self.__file, mode='r') as container:\\n\", \"  File \\\"av/container/core.py\\\", line 555, in av.container.core.open\\n\", \"  File \\\"av/container/core.py\\\", line 344, in av.container.core.Container.__cinit__\\n\", \"  File \\\"av/container/core.py\\\", line 369, in av.container.core.Container.err_check\\n\", \"  File \\\"av/error.py\\\", line 411, in av.error.err_check\\n\"], \"current_inputs\": {\"image\": [\"\"]}, \"current_outputs\": [\"3\", \"5\", \"8\", \"1\", \"11\", \"15\", \"12\", \"2\", \"7\", \"9\", \"13\", \"14\", \"4\", \"6\", \"10\"], \"timestamp\": 1781840407422}]]}, \"meta\": {}}}"}
2026-06-19T03:43:47.928Z [WARN] [ComfyUI poll] 任务完成但未找到视频文件 {"outputs":"{}","video_gen_id":15}
2026-06-19T03:43:57.938Z [INFO] [ComfyUI poll] 查询history {"url":"http://localhost:18188/history/114ac47e-0e30-4824-976c-46819b2c19ab","video_gen_id":15}
2026-06-19T03:43:57.939Z [INFO] [poll] 发起查询 {"video_gen_id":15,"round":23,"url":"http://localhost:18188/history/114ac47e-0e30-4824-976c-46819b2c19ab"}
2026-06-19T03:43:57.976Z [INFO] [poll] 查询 HTTP 结果 {"video_gen_id":15,"round":23,"http_status":200,"bytes":4429,"body":"{\"114ac47e-0e30-4824-976c-46819b2c19ab\": {\"prompt\": [4, \"114ac47e-0e30-4824-976c-46819b2c19ab\", {\"1\": {\"class_type\": \"UNETLoader\", \"inputs\": {\"unet_name\": \"wan_fp8_scaled/I2V/Wan2_2-I2V-A14B-HIGH_fp8_e4m3fn_scaled_KJ.safetensors\", \"weight_dtype\": \"default\"}}, \"2\": {\"class_type\": \"UNETLoader\", \"inputs\": {\"unet_name\": \"wan_fp8_scaled/I2V/Wan2_2-I2V-A14B-LOW_fp8_e4m3fn_scaled_KJ.safetensors\", \"weight_dtype\": \"default\"}}, \"3\": {\"class_type\": \"CLIPLoader\", \"inputs\": {\"clip_name\": \"umt5_xxl_fp8_e4m3fn_scaled.safetensors\", \"type\": \"wan\"}}, \"4\": {\"class_type\": \"CLIPTextEncode\", \"inputs\": {\"text\": \"a young woman smiling gently, cinematic lighting, soft breeze in hair\", \"clip\": [\"3\", 0]}}, \"5\": {\"class_type\": \"CLIPTextEncode\", \"inputs\": {\"text\": \"low quality, blurry, distorted, bad anatomy, watermark, text, logo, nsfw\", \"clip\": [\"3\", 0]}}, \"6\": {\"class_type\": \"VAELoader\", \"inputs\": {\"vae_name\": \"wan_2.1_vae.safetensors\"}}, \"7\": {\"class_type\": \"CLIPVisionLoader\", \"inputs\": {\"clip_name\": \"clip_vision_h.safetensors\"}}, \"8\": {\"class_type\": \"LoadImage\", \"inputs\": {\"image\": \"\"}}, \"9\": {\"class_type\": \"CLIPVisionEncode\", \"inputs\": {\"clip_vision\": [\"7\", 0], \"image\": [\"8\", 0]}}, \"10\": {\"class_type\": \"Wan22ImageToVideoLatent\", \"inputs\": {\"vae\": [\"6\", 0], \"width\": 1280, \"height\": 720, \"length\": 50, \"batch_size\": 1, \"start_image\": [\"8\", 0]}}, \"11\": {\"class_type\": \"KSampler\", \"inputs\": {\"seed\": 954868916863, \"steps\": 20, \"cfg\": 3.0, \"sampler_name\": \"euler\", \"scheduler\": \"normal\", \"denoise\": 1.0, \"model\": [\"1\", 0], \"positive\": [\"4\", 0], \"negative\": [\"5\", 0], \"latent_image\": [\"10\", 0]}}, \"12\": {\"class_type\": \"KSampler\", \"inputs\": {\"seed\": 954868916863, \"steps\": 20, \"cfg\": 3.0, \"sampler_name\": \"euler\", \"scheduler\": \"normal\", \"denoise\": 1.0, \"model\": [\"2\", 0], \"positive\": [\"4\", 0], \"negative\": [\"5\", 0], \"latent_image\": [\"11\", 0]}}, \"13\": {\"class_type\": \"VAEDecode\", \"inputs\": {\"samples\": [\"12\", 0], \"vae\": [\"6\", 0]}}, \"14\": {\"class_type\": \"CreateVideo\", \"inputs\": {\"images\": [\"13\", 0], \"fps\": 25.0}}, \"15\": {\"class_type\": \"SaveVideo\", \"inputs\": {\"filename_prefix\": \"drama\", \"video\": [\"14\", 0], \"format\": \"auto\", \"codec\": \"auto\"}}}, {\"create_time\": 1781840407403}, [\"15\"]], \"outputs\": {}, \"status\": {\"status_str\": \"error\", \"completed\": false, \"messages\": [[\"execution_start\", {\"prompt_id\": \"114ac47e-0e30-4824-976c-46819b2c19ab\", \"timestamp\": 1781840407405}], [\"execution_cached\", {\"nodes\": [\"1\", \"2\", \"3\", \"6\"], \"prompt_id\": \"114ac47e-0e30-4824-976c-46819b2c19ab\", \"timestamp\": 1781840407416}], [\"execution_error\", {\"prompt_id\": \"114ac47e-0e30-4824-976c-46819b2c19ab\", \"node_id\": \"8\", \"node_type\": \"LoadImage\", \"executed\": [], \"exception_message\": \"[Errno 21] Is a directory: '/root/autodl-tmp/ComfyUI/input/'\\n\", \"exception_type\": \"av.error.IsADirectoryError\", \"traceback\": [\"  File \\\"/root/autodl-tmp/ComfyUI/execution.py\\\", line 542, in execute\\n    output_data, output_ui, has_subgraph, has_pending_tasks = await get_output_data(prompt_id, unique_id, obj, input_data_all, execution_block_cb=execution_block_cb, pre_execute_cb=pre_execute_cb, v3_data=v3_data)\\n\", \"  File \\\"/root/autodl-tmp/ComfyUI/execution.py\\\", line 341, in get_output_data\\n    return_values = await _async_map_node_over_list(prompt_id, unique_id, obj, input_data_all, obj.FUNCTION, allow_interrupt=True, execution_block_cb=execution_block_cb, pre_execute_cb=pre_execute_cb, v3_data=v3_data)\\n\", \"  File \\\"/root/autodl-tmp/ComfyUI/execution.py\\\", line 315, in _async_map_node_over_list\\n    await process_inputs(input_dict, i)\\n\", \"  File \\\"/root/autodl-tmp/ComfyUI/execution.py\\\", line 303, in process_inputs\\n    result = f(**inputs)\\n\", \"  File \\\"/root/autodl-tmp/ComfyUI/nodes.py\\\", line 1718, in load_image\\n    components = InputImpl.VideoFromFile(image_path).get_components()\\n\", \"  File \\\"/root/autodl-tmp/ComfyUI/comfy_api/latest/_input_impl/video_types.py\\\", line 370, in get_components\\n    with av.open(self.__file, mode='r') as container:\\n\", \"  File \\\"av/container/core.py\\\", line 555, in av.container.core.open\\n\", \"  File \\\"av/container/core.py\\\", line 344, in av.container.core.Container.__cinit__\\n\", \"  File \\\"av/container/core.py\\\", line 369, in av.container.core.Container.err_check\\n\", \"  File \\\"av/error.py\\\", line 411, in av.error.err_check\\n\"], \"current_inputs\": {\"image\": [\"\"]}, \"current_outputs\": [\"3\", \"5\", \"8\", \"1\", \"11\", \"15\", \"12\", \"2\", \"7\", \"9\", \"13\", \"14\", \"4\", \"6\", \"10\"], \"timestamp\": 1781840407422}]]}, \"meta\": {}}}"}
2026-06-19T03:43:57.976Z [WARN] [ComfyUI poll] 任务完成但未找到视频文件 {"outputs":"{}","video_gen_id":15}
2026-06-19T03:44:07.987Z [INFO] [ComfyUI poll] 查询history {"url":"http://localhost:18188/history/114ac47e-0e30-4824-976c-46819b2c19ab","video_gen_id":15}
2026-06-19T03:44:07.993Z [INFO] [poll] 发起查询 {"video_gen_id":15,"round":24,"url":"http://localhost:18188/history/114ac47e-0e30-4824-976c-46819b2c19ab"}
2026-06-19T03:44:08.029Z [INFO] [poll] 查询 HTTP 结果 {"video_gen_id":15,"round":24,"http_status":200,"bytes":4429,"body":"{\"114ac47e-0e30-4824-976c-46819b2c19ab\": {\"prompt\": [4, \"114ac47e-0e30-4824-976c-46819b2c19ab\", {\"1\": {\"class_type\": \"UNETLoader\", \"inputs\": {\"unet_name\": \"wan_fp8_scaled/I2V/Wan2_2-I2V-A14B-HIGH_fp8_e4m3fn_scaled_KJ.safetensors\", \"weight_dtype\": \"default\"}}, \"2\": {\"class_type\": \"UNETLoader\", \"inputs\": {\"unet_name\": \"wan_fp8_scaled/I2V/Wan2_2-I2V-A14B-LOW_fp8_e4m3fn_scaled_KJ.safetensors\", \"weight_dtype\": \"default\"}}, \"3\": {\"class_type\": \"CLIPLoader\", \"inputs\": {\"clip_name\": \"umt5_xxl_fp8_e4m3fn_scaled.safetensors\", \"type\": \"wan\"}}, \"4\": {\"class_type\": \"CLIPTextEncode\", \"inputs\": {\"text\": \"a young woman smiling gently, cinematic lighting, soft breeze in hair\", \"clip\": [\"3\", 0]}}, \"5\": {\"class_type\": \"CLIPTextEncode\", \"inputs\": {\"text\": \"low quality, blurry, distorted, bad anatomy, watermark, text, logo, nsfw\", \"clip\": [\"3\", 0]}}, \"6\": {\"class_type\": \"VAELoader\", \"inputs\": {\"vae_name\": \"wan_2.1_vae.safetensors\"}}, \"7\": {\"class_type\": \"CLIPVisionLoader\", \"inputs\": {\"clip_name\": \"clip_vision_h.safetensors\"}}, \"8\": {\"class_type\": \"LoadImage\", \"inputs\": {\"image\": \"\"}}, \"9\": {\"class_type\": \"CLIPVisionEncode\", \"inputs\": {\"clip_vision\": [\"7\", 0], \"image\": [\"8\", 0]}}, \"10\": {\"class_type\": \"Wan22ImageToVideoLatent\", \"inputs\": {\"vae\": [\"6\", 0], \"width\": 1280, \"height\": 720, \"length\": 50, \"batch_size\": 1, \"start_image\": [\"8\", 0]}}, \"11\": {\"class_type\": \"KSampler\", \"inputs\": {\"seed\": 954868916863, \"steps\": 20, \"cfg\": 3.0, \"sampler_name\": \"euler\", \"scheduler\": \"normal\", \"denoise\": 1.0, \"model\": [\"1\", 0], \"positive\": [\"4\", 0], \"negative\": [\"5\", 0], \"latent_image\": [\"10\", 0]}}, \"12\": {\"class_type\": \"KSampler\", \"inputs\": {\"seed\": 954868916863, \"steps\": 20, \"cfg\": 3.0, \"sampler_name\": \"euler\", \"scheduler\": \"normal\", \"denoise\": 1.0, \"model\": [\"2\", 0], \"positive\": [\"4\", 0], \"negative\": [\"5\", 0], \"latent_image\": [\"11\", 0]}}, \"13\": {\"class_type\": \"VAEDecode\", \"inputs\": {\"samples\": [\"12\", 0], \"vae\": [\"6\", 0]}}, \"14\": {\"class_type\": \"CreateVideo\", \"inputs\": {\"images\": [\"13\", 0], \"fps\": 25.0}}, \"15\": {\"class_type\": \"SaveVideo\", \"inputs\": {\"filename_prefix\": \"drama\", \"video\": [\"14\", 0], \"format\": \"auto\", \"codec\": \"auto\"}}}, {\"create_time\": 1781840407403}, [\"15\"]], \"outputs\": {}, \"status\": {\"status_str\": \"error\", \"completed\": false, \"messages\": [[\"execution_start\", {\"prompt_id\": \"114ac47e-0e30-4824-976c-46819b2c19ab\", \"timestamp\": 1781840407405}], [\"execution_cached\", {\"nodes\": [\"1\", \"2\", \"3\", \"6\"], \"prompt_id\": \"114ac47e-0e30-4824-976c-46819b2c19ab\", \"timestamp\": 1781840407416}], [\"execution_error\", {\"prompt_id\": \"114ac47e-0e30-4824-976c-46819b2c19ab\", \"node_id\": \"8\", \"node_type\": \"LoadImage\", \"executed\": [], \"exception_message\": \"[Errno 21] Is a directory: '/root/autodl-tmp/ComfyUI/input/'\\n\", \"exception_type\": \"av.error.IsADirectoryError\", \"traceback\": [\"  File \\\"/root/autodl-tmp/ComfyUI/execution.py\\\", line 542, in execute\\n    output_data, output_ui, has_subgraph, has_pending_tasks = await get_output_data(prompt_id, unique_id, obj, input_data_all, execution_block_cb=execution_block_cb, pre_execute_cb=pre_execute_cb, v3_data=v3_data)\\n\", \"  File \\\"/root/autodl-tmp/ComfyUI/execution.py\\\", line 341, in get_output_data\\n    return_values = await _async_map_node_over_list(prompt_id, unique_id, obj, input_data_all, obj.FUNCTION, allow_interrupt=True, execution_block_cb=execution_block_cb, pre_execute_cb=pre_execute_cb, v3_data=v3_data)\\n\", \"  File \\\"/root/autodl-tmp/ComfyUI/execution.py\\\", line 315, in _async_map_node_over_list\\n    await process_inputs(input_dict, i)\\n\", \"  File \\\"/root/autodl-tmp/ComfyUI/execution.py\\\", line 303, in process_inputs\\n    result = f(**inputs)\\n\", \"  File \\\"/root/autodl-tmp/ComfyUI/nodes.py\\\", line 1718, in load_image\\n    components = InputImpl.VideoFromFile(image_path).get_components()\\n\", \"  File \\\"/root/autodl-tmp/ComfyUI/comfy_api/latest/_input_impl/video_types.py\\\", line 370, in get_components\\n    with av.open(self.__file, mode='r') as container:\\n\", \"  File \\\"av/container/core.py\\\", line 555, in av.container.core.open\\n\", \"  File \\\"av/container/core.py\\\", line 344, in av.container.core.Container.__cinit__\\n\", \"  File \\\"av/container/core.py\\\", line 369, in av.container.core.Container.err_check\\n\", \"  File \\\"av/error.py\\\", line 411, in av.error.err_check\\n\"], \"current_inputs\": {\"image\": [\"\"]}, \"current_outputs\": [\"3\", \"5\", \"8\", \"1\", \"11\", \"15\", \"12\", \"2\", \"7\", \"9\", \"13\", \"14\", \"4\", \"6\", \"10\"], \"timestamp\": 1781840407422}]]}, \"meta\": {}}}"}
2026-06-19T03:44:08.030Z [WARN] [ComfyUI poll] 任务完成但未找到视频文件 {"outputs":"{}","video_gen_id":15}
2026-06-19T03:44:18.034Z [INFO] [ComfyUI poll] 查询history {"url":"http://localhost:18188/history/114ac47e-0e30-4824-976c-46819b2c19ab","video_gen_id":15}
2026-06-19T03:44:18.035Z [INFO] [poll] 发起查询 {"video_gen_id":15,"round":25,"url":"http://localhost:18188/history/114ac47e-0e30-4824-976c-46819b2c19ab"}
2026-06-19T03:44:18.073Z [INFO] [poll] 查询 HTTP 结果 {"video_gen_id":15,"round":25,"http_status":200,"bytes":4429,"body":"{\"114ac47e-0e30-4824-976c-46819b2c19ab\": {\"prompt\": [4, \"114ac47e-0e30-4824-976c-46819b2c19ab\", {\"1\": {\"class_type\": \"UNETLoader\", \"inputs\": {\"unet_name\": \"wan_fp8_scaled/I2V/Wan2_2-I2V-A14B-HIGH_fp8_e4m3fn_scaled_KJ.safetensors\", \"weight_dtype\": \"default\"}}, \"2\": {\"class_type\": \"UNETLoader\", \"inputs\": {\"unet_name\": \"wan_fp8_scaled/I2V/Wan2_2-I2V-A14B-LOW_fp8_e4m3fn_scaled_KJ.safetensors\", \"weight_dtype\": \"default\"}}, \"3\": {\"class_type\": \"CLIPLoader\", \"inputs\": {\"clip_name\": \"umt5_xxl_fp8_e4m3fn_scaled.safetensors\", \"type\": \"wan\"}}, \"4\": {\"class_type\": \"CLIPTextEncode\", \"inputs\": {\"text\": \"a young woman smiling gently, cinematic lighting, soft breeze in hair\", \"clip\": [\"3\", 0]}}, \"5\": {\"class_type\": \"CLIPTextEncode\", \"inputs\": {\"text\": \"low quality, blurry, distorted, bad anatomy, watermark, text, logo, nsfw\", \"clip\": [\"3\", 0]}}, \"6\": {\"class_type\": \"VAELoader\", \"inputs\": {\"vae_name\": \"wan_2.1_vae.safetensors\"}}, \"7\": {\"class_type\": \"CLIPVisionLoader\", \"inputs\": {\"clip_name\": \"clip_vision_h.safetensors\"}}, \"8\": {\"class_type\": \"LoadImage\", \"inputs\": {\"image\": \"\"}}, \"9\": {\"class_type\": \"CLIPVisionEncode\", \"inputs\": {\"clip_vision\": [\"7\", 0], \"image\": [\"8\", 0]}}, \"10\": {\"class_type\": \"Wan22ImageToVideoLatent\", \"inputs\": {\"vae\": [\"6\", 0], \"width\": 1280, \"height\": 720, \"length\": 50, \"batch_size\": 1, \"start_image\": [\"8\", 0]}}, \"11\": {\"class_type\": \"KSampler\", \"inputs\": {\"seed\": 954868916863, \"steps\": 20, \"cfg\": 3.0, \"sampler_name\": \"euler\", \"scheduler\": \"normal\", \"denoise\": 1.0, \"model\": [\"1\", 0], \"positive\": [\"4\", 0], \"negative\": [\"5\", 0], \"latent_image\": [\"10\", 0]}}, \"12\": {\"class_type\": \"KSampler\", \"inputs\": {\"seed\": 954868916863, \"steps\": 20, \"cfg\": 3.0, \"sampler_name\": \"euler\", \"scheduler\": \"normal\", \"denoise\": 1.0, \"model\": [\"2\", 0], \"positive\": [\"4\", 0], \"negative\": [\"5\", 0], \"latent_image\": [\"11\", 0]}}, \"13\": {\"class_type\": \"VAEDecode\", \"inputs\": {\"samples\": [\"12\", 0], \"vae\": [\"6\", 0]}}, \"14\": {\"class_type\": \"CreateVideo\", \"inputs\": {\"images\": [\"13\", 0], \"fps\": 25.0}}, \"15\": {\"class_type\": \"SaveVideo\", \"inputs\": {\"filename_prefix\": \"drama\", \"video\": [\"14\", 0], \"format\": \"auto\", \"codec\": \"auto\"}}}, {\"create_time\": 1781840407403}, [\"15\"]], \"outputs\": {}, \"status\": {\"status_str\": \"error\", \"completed\": false, \"messages\": [[\"execution_start\", {\"prompt_id\": \"114ac47e-0e30-4824-976c-46819b2c19ab\", \"timestamp\": 1781840407405}], [\"execution_cached\", {\"nodes\": [\"1\", \"2\", \"3\", \"6\"], \"prompt_id\": \"114ac47e-0e30-4824-976c-46819b2c19ab\", \"timestamp\": 1781840407416}], [\"execution_error\", {\"prompt_id\": \"114ac47e-0e30-4824-976c-46819b2c19ab\", \"node_id\": \"8\", \"node_type\": \"LoadImage\", \"executed\": [], \"exception_message\": \"[Errno 21] Is a directory: '/root/autodl-tmp/ComfyUI/input/'\\n\", \"exception_type\": \"av.error.IsADirectoryError\", \"traceback\": [\"  File \\\"/root/autodl-tmp/ComfyUI/execution.py\\\", line 542, in execute\\n    output_data, output_ui, has_subgraph, has_pending_tasks = await get_output_data(prompt_id, unique_id, obj, input_data_all, execution_block_cb=execution_block_cb, pre_execute_cb=pre_execute_cb, v3_data=v3_data)\\n\", \"  File \\\"/root/autodl-tmp/ComfyUI/execution.py\\\", line 341, in get_output_data\\n    return_values = await _async_map_node_over_list(prompt_id, unique_id, obj, input_data_all, obj.FUNCTION, allow_interrupt=True, execution_block_cb=execution_block_cb, pre_execute_cb=pre_execute_cb, v3_data=v3_data)\\n\", \"  File \\\"/root/autodl-tmp/ComfyUI/execution.py\\\", line 315, in _async_map_node_over_list\\n    await process_inputs(input_dict, i)\\n\", \"  File \\\"/root/autodl-tmp/ComfyUI/execution.py\\\", line 303, in process_inputs\\n    result = f(**inputs)\\n\", \"  File \\\"/root/autodl-tmp/ComfyUI/nodes.py\\\", line 1718, in load_image\\n    components = InputImpl.VideoFromFile(image_path).get_components()\\n\", \"  File \\\"/root/autodl-tmp/ComfyUI/comfy_api/latest/_input_impl/video_types.py\\\", line 370, in get_components\\n    with av.open(self.__file, mode='r') as container:\\n\", \"  File \\\"av/container/core.py\\\", line 555, in av.container.core.open\\n\", \"  File \\\"av/container/core.py\\\", line 344, in av.container.core.Container.__cinit__\\n\", \"  File \\\"av/container/core.py\\\", line 369, in av.container.core.Container.err_check\\n\", \"  File \\\"av/error.py\\\", line 411, in av.error.err_check\\n\"], \"current_inputs\": {\"image\": [\"\"]}, \"current_outputs\": [\"3\", \"5\", \"8\", \"1\", \"11\", \"15\", \"12\", \"2\", \"7\", \"9\", \"13\", \"14\", \"4\", \"6\", \"10\"], \"timestamp\": 1781840407422}]]}, \"meta\": {}}}"}
2026-06-19T03:44:18.074Z [WARN] [ComfyUI poll] 任务完成但未找到视频文件 {"outputs":"{}","video_gen_id":15}
2026-06-19T03:44:28.081Z [INFO] [ComfyUI poll] 查询history {"url":"http://localhost:18188/history/114ac47e-0e30-4824-976c-46819b2c19ab","video_gen_id":15}
2026-06-19T03:44:28.082Z [INFO] [poll] 发起查询 {"video_gen_id":15,"round":26,"url":"http://localhost:18188/history/114ac47e-0e30-4824-976c-46819b2c19ab"}
2026-06-19T03:44:28.124Z [INFO] [poll] 查询 HTTP 结果 {"video_gen_id":15,"round":26,"http_status":200,"bytes":4429,"body":"{\"114ac47e-0e30-4824-976c-46819b2c19ab\": {\"prompt\": [4, \"114ac47e-0e30-4824-976c-46819b2c19ab\", {\"1\": {\"class_type\": \"UNETLoader\", \"inputs\": {\"unet_name\": \"wan_fp8_scaled/I2V/Wan2_2-I2V-A14B-HIGH_fp8_e4m3fn_scaled_KJ.safetensors\", \"weight_dtype\": \"default\"}}, \"2\": {\"class_type\": \"UNETLoader\", \"inputs\": {\"unet_name\": \"wan_fp8_scaled/I2V/Wan2_2-I2V-A14B-LOW_fp8_e4m3fn_scaled_KJ.safetensors\", \"weight_dtype\": \"default\"}}, \"3\": {\"class_type\": \"CLIPLoader\", \"inputs\": {\"clip_name\": \"umt5_xxl_fp8_e4m3fn_scaled.safetensors\", \"type\": \"wan\"}}, \"4\": {\"class_type\": \"CLIPTextEncode\", \"inputs\": {\"text\": \"a young woman smiling gently, cinematic lighting, soft breeze in hair\", \"clip\": [\"3\", 0]}}, \"5\": {\"class_type\": \"CLIPTextEncode\", \"inputs\": {\"text\": \"low quality, blurry, distorted, bad anatomy, watermark, text, logo, nsfw\", \"clip\": [\"3\", 0]}}, \"6\": {\"class_type\": \"VAELoader\", \"inputs\": {\"vae_name\": \"wan_2.1_vae.safetensors\"}}, \"7\": {\"class_type\": \"CLIPVisionLoader\", \"inputs\": {\"clip_name\": \"clip_vision_h.safetensors\"}}, \"8\": {\"class_type\": \"LoadImage\", \"inputs\": {\"image\": \"\"}}, \"9\": {\"class_type\": \"CLIPVisionEncode\", \"inputs\": {\"clip_vision\": [\"7\", 0], \"image\": [\"8\", 0]}}, \"10\": {\"class_type\": \"Wan22ImageToVideoLatent\", \"inputs\": {\"vae\": [\"6\", 0], \"width\": 1280, \"height\": 720, \"length\": 50, \"batch_size\": 1, \"start_image\": [\"8\", 0]}}, \"11\": {\"class_type\": \"KSampler\", \"inputs\": {\"seed\": 954868916863, \"steps\": 20, \"cfg\": 3.0, \"sampler_name\": \"euler\", \"scheduler\": \"normal\", \"denoise\": 1.0, \"model\": [\"1\", 0], \"positive\": [\"4\", 0], \"negative\": [\"5\", 0], \"latent_image\": [\"10\", 0]}}, \"12\": {\"class_type\": \"KSampler\", \"inputs\": {\"seed\": 954868916863, \"steps\": 20, \"cfg\": 3.0, \"sampler_name\": \"euler\", \"scheduler\": \"normal\", \"denoise\": 1.0, \"model\": [\"2\", 0], \"positive\": [\"4\", 0], \"negative\": [\"5\", 0], \"latent_image\": [\"11\", 0]}}, \"13\": {\"class_type\": \"VAEDecode\", \"inputs\": {\"samples\": [\"12\", 0], \"vae\": [\"6\", 0]}}, \"14\": {\"class_type\": \"CreateVideo\", \"inputs\": {\"images\": [\"13\", 0], \"fps\": 25.0}}, \"15\": {\"class_type\": \"SaveVideo\", \"inputs\": {\"filename_prefix\": \"drama\", \"video\": [\"14\", 0], \"format\": \"auto\", \"codec\": \"auto\"}}}, {\"create_time\": 1781840407403}, [\"15\"]], \"outputs\": {}, \"status\": {\"status_str\": \"error\", \"completed\": false, \"messages\": [[\"execution_start\", {\"prompt_id\": \"114ac47e-0e30-4824-976c-46819b2c19ab\", \"timestamp\": 1781840407405}], [\"execution_cached\", {\"nodes\": [\"1\", \"2\", \"3\", \"6\"], \"prompt_id\": \"114ac47e-0e30-4824-976c-46819b2c19ab\", \"timestamp\": 1781840407416}], [\"execution_error\", {\"prompt_id\": \"114ac47e-0e30-4824-976c-46819b2c19ab\", \"node_id\": \"8\", \"node_type\": \"LoadImage\", \"executed\": [], \"exception_message\": \"[Errno 21] Is a directory: '/root/autodl-tmp/ComfyUI/input/'\\n\", \"exception_type\": \"av.error.IsADirectoryError\", \"traceback\": [\"  File \\\"/root/autodl-tmp/ComfyUI/execution.py\\\", line 542, in execute\\n    output_data, output_ui, has_subgraph, has_pending_tasks = await get_output_data(prompt_id, unique_id, obj, input_data_all, execution_block_cb=execution_block_cb, pre_execute_cb=pre_execute_cb, v3_data=v3_data)\\n\", \"  File \\\"/root/autodl-tmp/ComfyUI/execution.py\\\", line 341, in get_output_data\\n    return_values = await _async_map_node_over_list(prompt_id, unique_id, obj, input_data_all, obj.FUNCTION, allow_interrupt=True, execution_block_cb=execution_block_cb, pre_execute_cb=pre_execute_cb, v3_data=v3_data)\\n\", \"  File \\\"/root/autodl-tmp/ComfyUI/execution.py\\\", line 315, in _async_map_node_over_list\\n    await process_inputs(input_dict, i)\\n\", \"  File \\\"/root/autodl-tmp/ComfyUI/execution.py\\\", line 303, in process_inputs\\n    result = f(**inputs)\\n\", \"  File \\\"/root/autodl-tmp/ComfyUI/nodes.py\\\", line 1718, in load_image\\n    components = InputImpl.VideoFromFile(image_path).get_components()\\n\", \"  File \\\"/root/autodl-tmp/ComfyUI/comfy_api/latest/_input_impl/video_types.py\\\", line 370, in get_components\\n    with av.open(self.__file, mode='r') as container:\\n\", \"  File \\\"av/container/core.py\\\", line 555, in av.container.core.open\\n\", \"  File \\\"av/container/core.py\\\", line 344, in av.container.core.Container.__cinit__\\n\", \"  File \\\"av/container/core.py\\\", line 369, in av.container.core.Container.err_check\\n\", \"  File \\\"av/error.py\\\", line 411, in av.error.err_check\\n\"], \"current_inputs\": {\"image\": [\"\"]}, \"current_outputs\": [\"3\", \"5\", \"8\", \"1\", \"11\", \"15\", \"12\", \"2\", \"7\", \"9\", \"13\", \"14\", \"4\", \"6\", \"10\"], \"timestamp\": 1781840407422}]]}, \"meta\": {}}}"}
2026-06-19T03:44:28.124Z [WARN] [ComfyUI poll] 任务完成但未找到视频文件 {"outputs":"{}","video_gen_id":15}
2026-06-19T03:44:38.126Z [INFO] [ComfyUI poll] 查询history {"url":"http://localhost:18188/history/114ac47e-0e30-4824-976c-46819b2c19ab","video_gen_id":15}
2026-06-19T03:44:38.127Z [INFO] [poll] 发起查询 {"video_gen_id":15,"round":27,"url":"http://localhost:18188/history/114ac47e-0e30-4824-976c-46819b2c19ab"}
2026-06-19T03:44:38.176Z [INFO] [poll] 查询 HTTP 结果 {"video_gen_id":15,"round":27,"http_status":200,"bytes":4429,"body":"{\"114ac47e-0e30-4824-976c-46819b2c19ab\": {\"prompt\": [4, \"114ac47e-0e30-4824-976c-46819b2c19ab\", {\"1\": {\"class_type\": \"UNETLoader\", \"inputs\": {\"unet_name\": \"wan_fp8_scaled/I2V/Wan2_2-I2V-A14B-HIGH_fp8_e4m3fn_scaled_KJ.safetensors\", \"weight_dtype\": \"default\"}}, \"2\": {\"class_type\": \"UNETLoader\", \"inputs\": {\"unet_name\": \"wan_fp8_scaled/I2V/Wan2_2-I2V-A14B-LOW_fp8_e4m3fn_scaled_KJ.safetensors\", \"weight_dtype\": \"default\"}}, \"3\": {\"class_type\": \"CLIPLoader\", \"inputs\": {\"clip_name\": \"umt5_xxl_fp8_e4m3fn_scaled.safetensors\", \"type\": \"wan\"}}, \"4\": {\"class_type\": \"CLIPTextEncode\", \"inputs\": {\"text\": \"a young woman smiling gently, cinematic lighting, soft breeze in hair\", \"clip\": [\"3\", 0]}}, \"5\": {\"class_type\": \"CLIPTextEncode\", \"inputs\": {\"text\": \"low quality, blurry, distorted, bad anatomy, watermark, text, logo, nsfw\", \"clip\": [\"3\", 0]}}, \"6\": {\"class_type\": \"VAELoader\", \"inputs\": {\"vae_name\": \"wan_2.1_vae.safetensors\"}}, \"7\": {\"class_type\": \"CLIPVisionLoader\", \"inputs\": {\"clip_name\": \"clip_vision_h.safetensors\"}}, \"8\": {\"class_type\": \"LoadImage\", \"inputs\": {\"image\": \"\"}}, \"9\": {\"class_type\": \"CLIPVisionEncode\", \"inputs\": {\"clip_vision\": [\"7\", 0], \"image\": [\"8\", 0]}}, \"10\": {\"class_type\": \"Wan22ImageToVideoLatent\", \"inputs\": {\"vae\": [\"6\", 0], \"width\": 1280, \"height\": 720, \"length\": 50, \"batch_size\": 1, \"start_image\": [\"8\", 0]}}, \"11\": {\"class_type\": \"KSampler\", \"inputs\": {\"seed\": 954868916863, \"steps\": 20, \"cfg\": 3.0, \"sampler_name\": \"euler\", \"scheduler\": \"normal\", \"denoise\": 1.0, \"model\": [\"1\", 0], \"positive\": [\"4\", 0], \"negative\": [\"5\", 0], \"latent_image\": [\"10\", 0]}}, \"12\": {\"class_type\": \"KSampler\", \"inputs\": {\"seed\": 954868916863, \"steps\": 20, \"cfg\": 3.0, \"sampler_name\": \"euler\", \"scheduler\": \"normal\", \"denoise\": 1.0, \"model\": [\"2\", 0], \"positive\": [\"4\", 0], \"negative\": [\"5\", 0], \"latent_image\": [\"11\", 0]}}, \"13\": {\"class_type\": \"VAEDecode\", \"inputs\": {\"samples\": [\"12\", 0], \"vae\": [\"6\", 0]}}, \"14\": {\"class_type\": \"CreateVideo\", \"inputs\": {\"images\": [\"13\", 0], \"fps\": 25.0}}, \"15\": {\"class_type\": \"SaveVideo\", \"inputs\": {\"filename_prefix\": \"drama\", \"video\": [\"14\", 0], \"format\": \"auto\", \"codec\": \"auto\"}}}, {\"create_time\": 1781840407403}, [\"15\"]], \"outputs\": {}, \"status\": {\"status_str\": \"error\", \"completed\": false, \"messages\": [[\"execution_start\", {\"prompt_id\": \"114ac47e-0e30-4824-976c-46819b2c19ab\", \"timestamp\": 1781840407405}], [\"execution_cached\", {\"nodes\": [\"1\", \"2\", \"3\", \"6\"], \"prompt_id\": \"114ac47e-0e30-4824-976c-46819b2c19ab\", \"timestamp\": 1781840407416}], [\"execution_error\", {\"prompt_id\": \"114ac47e-0e30-4824-976c-46819b2c19ab\", \"node_id\": \"8\", \"node_type\": \"LoadImage\", \"executed\": [], \"exception_message\": \"[Errno 21] Is a directory: '/root/autodl-tmp/ComfyUI/input/'\\n\", \"exception_type\": \"av.error.IsADirectoryError\", \"traceback\": [\"  File \\\"/root/autodl-tmp/ComfyUI/execution.py\\\", line 542, in execute\\n    output_data, output_ui, has_subgraph, has_pending_tasks = await get_output_data(prompt_id, unique_id, obj, input_data_all, execution_block_cb=execution_block_cb, pre_execute_cb=pre_execute_cb, v3_data=v3_data)\\n\", \"  File \\\"/root/autodl-tmp/ComfyUI/execution.py\\\", line 341, in get_output_data\\n    return_values = await _async_map_node_over_list(prompt_id, unique_id, obj, input_data_all, obj.FUNCTION, allow_interrupt=True, execution_block_cb=execution_block_cb, pre_execute_cb=pre_execute_cb, v3_data=v3_data)\\n\", \"  File \\\"/root/autodl-tmp/ComfyUI/execution.py\\\", line 315, in _async_map_node_over_list\\n    await process_inputs(input_dict, i)\\n\", \"  File \\\"/root/autodl-tmp/ComfyUI/execution.py\\\", line 303, in process_inputs\\n    result = f(**inputs)\\n\", \"  File \\\"/root/autodl-tmp/ComfyUI/nodes.py\\\", line 1718, in load_image\\n    components = InputImpl.VideoFromFile(image_path).get_components()\\n\", \"  File \\\"/root/autodl-tmp/ComfyUI/comfy_api/latest/_input_impl/video_types.py\\\", line 370, in get_components\\n    with av.open(self.__file, mode='r') as container:\\n\", \"  File \\\"av/container/core.py\\\", line 555, in av.container.core.open\\n\", \"  File \\\"av/container/core.py\\\", line 344, in av.container.core.Container.__cinit__\\n\", \"  File \\\"av/container/core.py\\\", line 369, in av.container.core.Container.err_check\\n\", \"  File \\\"av/error.py\\\", line 411, in av.error.err_check\\n\"], \"current_inputs\": {\"image\": [\"\"]}, \"current_outputs\": [\"3\", \"5\", \"8\", \"1\", \"11\", \"15\", \"12\", \"2\", \"7\", \"9\", \"13\", \"14\", \"4\", \"6\", \"10\"], \"timestamp\": 1781840407422}]]}, \"meta\": {}}}"}
2026-06-19T03:44:38.177Z [WARN] [ComfyUI poll] 任务完成但未找到视频文件 {"outputs":"{}","video_gen_id":15}
2026-06-19T03:44:48.178Z [INFO] [ComfyUI poll] 查询history {"url":"http://localhost:18188/history/114ac47e-0e30-4824-976c-46819b2c19ab","video_gen_id":15}
2026-06-19T03:44:48.183Z [INFO] [poll] 发起查询 {"video_gen_id":15,"round":28,"url":"http://localhost:18188/history/114ac47e-0e30-4824-976c-46819b2c19ab"}
2026-06-19T03:44:48.219Z [INFO] [poll] 查询 HTTP 结果 {"video_gen_id":15,"round":28,"http_status":200,"bytes":4429,"body":"{\"114ac47e-0e30-4824-976c-46819b2c19ab\": {\"prompt\": [4, \"114ac47e-0e30-4824-976c-46819b2c19ab\", {\"1\": {\"class_type\": \"UNETLoader\", \"inputs\": {\"unet_name\": \"wan_fp8_scaled/I2V/Wan2_2-I2V-A14B-HIGH_fp8_e4m3fn_scaled_KJ.safetensors\", \"weight_dtype\": \"default\"}}, \"2\": {\"class_type\": \"UNETLoader\", \"inputs\": {\"unet_name\": \"wan_fp8_scaled/I2V/Wan2_2-I2V-A14B-LOW_fp8_e4m3fn_scaled_KJ.safetensors\", \"weight_dtype\": \"default\"}}, \"3\": {\"class_type\": \"CLIPLoader\", \"inputs\": {\"clip_name\": \"umt5_xxl_fp8_e4m3fn_scaled.safetensors\", \"type\": \"wan\"}}, \"4\": {\"class_type\": \"CLIPTextEncode\", \"inputs\": {\"text\": \"a young woman smiling gently, cinematic lighting, soft breeze in hair\", \"clip\": [\"3\", 0]}}, \"5\": {\"class_type\": \"CLIPTextEncode\", \"inputs\": {\"text\": \"low quality, blurry, distorted, bad anatomy, watermark, text, logo, nsfw\", \"clip\": [\"3\", 0]}}, \"6\": {\"class_type\": \"VAELoader\", \"inputs\": {\"vae_name\": \"wan_2.1_vae.safetensors\"}}, \"7\": {\"class_type\": \"CLIPVisionLoader\", \"inputs\": {\"clip_name\": \"clip_vision_h.safetensors\"}}, \"8\": {\"class_type\": \"LoadImage\", \"inputs\": {\"image\": \"\"}}, \"9\": {\"class_type\": \"CLIPVisionEncode\", \"inputs\": {\"clip_vision\": [\"7\", 0], \"image\": [\"8\", 0]}}, \"10\": {\"class_type\": \"Wan22ImageToVideoLatent\", \"inputs\": {\"vae\": [\"6\", 0], \"width\": 1280, \"height\": 720, \"length\": 50, \"batch_size\": 1, \"start_image\": [\"8\", 0]}}, \"11\": {\"class_type\": \"KSampler\", \"inputs\": {\"seed\": 954868916863, \"steps\": 20, \"cfg\": 3.0, \"sampler_name\": \"euler\", \"scheduler\": \"normal\", \"denoise\": 1.0, \"model\": [\"1\", 0], \"positive\": [\"4\", 0], \"negative\": [\"5\", 0], \"latent_image\": [\"10\", 0]}}, \"12\": {\"class_type\": \"KSampler\", \"inputs\": {\"seed\": 954868916863, \"steps\": 20, \"cfg\": 3.0, \"sampler_name\": \"euler\", \"scheduler\": \"normal\", \"denoise\": 1.0, \"model\": [\"2\", 0], \"positive\": [\"4\", 0], \"negative\": [\"5\", 0], \"latent_image\": [\"11\", 0]}}, \"13\": {\"class_type\": \"VAEDecode\", \"inputs\": {\"samples\": [\"12\", 0], \"vae\": [\"6\", 0]}}, \"14\": {\"class_type\": \"CreateVideo\", \"inputs\": {\"images\": [\"13\", 0], \"fps\": 25.0}}, \"15\": {\"class_type\": \"SaveVideo\", \"inputs\": {\"filename_prefix\": \"drama\", \"video\": [\"14\", 0], \"format\": \"auto\", \"codec\": \"auto\"}}}, {\"create_time\": 1781840407403}, [\"15\"]], \"outputs\": {}, \"status\": {\"status_str\": \"error\", \"completed\": false, \"messages\": [[\"execution_start\", {\"prompt_id\": \"114ac47e-0e30-4824-976c-46819b2c19ab\", \"timestamp\": 1781840407405}], [\"execution_cached\", {\"nodes\": [\"1\", \"2\", \"3\", \"6\"], \"prompt_id\": \"114ac47e-0e30-4824-976c-46819b2c19ab\", \"timestamp\": 1781840407416}], [\"execution_error\", {\"prompt_id\": \"114ac47e-0e30-4824-976c-46819b2c19ab\", \"node_id\": \"8\", \"node_type\": \"LoadImage\", \"executed\": [], \"exception_message\": \"[Errno 21] Is a directory: '/root/autodl-tmp/ComfyUI/input/'\\n\", \"exception_type\": \"av.error.IsADirectoryError\", \"traceback\": [\"  File \\\"/root/autodl-tmp/ComfyUI/execution.py\\\", line 542, in execute\\n    output_data, output_ui, has_subgraph, has_pending_tasks = await get_output_data(prompt_id, unique_id, obj, input_data_all, execution_block_cb=execution_block_cb, pre_execute_cb=pre_execute_cb, v3_data=v3_data)\\n\", \"  File \\\"/root/autodl-tmp/ComfyUI/execution.py\\\", line 341, in get_output_data\\n    return_values = await _async_map_node_over_list(prompt_id, unique_id, obj, input_data_all, obj.FUNCTION, allow_interrupt=True, execution_block_cb=execution_block_cb, pre_execute_cb=pre_execute_cb, v3_data=v3_data)\\n\", \"  File \\\"/root/autodl-tmp/ComfyUI/execution.py\\\", line 315, in _async_map_node_over_list\\n    await process_inputs(input_dict, i)\\n\", \"  File \\\"/root/autodl-tmp/ComfyUI/execution.py\\\", line 303, in process_inputs\\n    result = f(**inputs)\\n\", \"  File \\\"/root/autodl-tmp/ComfyUI/nodes.py\\\", line 1718, in load_image\\n    components = InputImpl.VideoFromFile(image_path).get_components()\\n\", \"  File \\\"/root/autodl-tmp/ComfyUI/comfy_api/latest/_input_impl/video_types.py\\\", line 370, in get_components\\n    with av.open(self.__file, mode='r') as container:\\n\", \"  File \\\"av/container/core.py\\\", line 555, in av.container.core.open\\n\", \"  File \\\"av/container/core.py\\\", line 344, in av.container.core.Container.__cinit__\\n\", \"  File \\\"av/container/core.py\\\", line 369, in av.container.core.Container.err_check\\n\", \"  File \\\"av/error.py\\\", line 411, in av.error.err_check\\n\"], \"current_inputs\": {\"image\": [\"\"]}, \"current_outputs\": [\"3\", \"5\", \"8\", \"1\", \"11\", \"15\", \"12\", \"2\", \"7\", \"9\", \"13\", \"14\", \"4\", \"6\", \"10\"], \"timestamp\": 1781840407422}]]}, \"meta\": {}}}"}
2026-06-19T03:44:48.220Z [WARN] [ComfyUI poll] 任务完成但未找到视频文件 {"outputs":"{}","video_gen_id":15}
2026-06-19T03:44:58.225Z [INFO] [ComfyUI poll] 查询history {"url":"http://localhost:18188/history/114ac47e-0e30-4824-976c-46819b2c19ab","video_gen_id":15}
2026-06-19T03:44:58.227Z [INFO] [poll] 发起查询 {"video_gen_id":15,"round":29,"url":"http://localhost:18188/history/114ac47e-0e30-4824-976c-46819b2c19ab"}
2026-06-19T03:44:58.262Z [INFO] [poll] 查询 HTTP 结果 {"video_gen_id":15,"round":29,"http_status":200,"bytes":4429,"body":"{\"114ac47e-0e30-4824-976c-46819b2c19ab\": {\"prompt\": [4, \"114ac47e-0e30-4824-976c-46819b2c19ab\", {\"1\": {\"class_type\": \"UNETLoader\", \"inputs\": {\"unet_name\": \"wan_fp8_scaled/I2V/Wan2_2-I2V-A14B-HIGH_fp8_e4m3fn_scaled_KJ.safetensors\", \"weight_dtype\": \"default\"}}, \"2\": {\"class_type\": \"UNETLoader\", \"inputs\": {\"unet_name\": \"wan_fp8_scaled/I2V/Wan2_2-I2V-A14B-LOW_fp8_e4m3fn_scaled_KJ.safetensors\", \"weight_dtype\": \"default\"}}, \"3\": {\"class_type\": \"CLIPLoader\", \"inputs\": {\"clip_name\": \"umt5_xxl_fp8_e4m3fn_scaled.safetensors\", \"type\": \"wan\"}}, \"4\": {\"class_type\": \"CLIPTextEncode\", \"inputs\": {\"text\": \"a young woman smiling gently, cinematic lighting, soft breeze in hair\", \"clip\": [\"3\", 0]}}, \"5\": {\"class_type\": \"CLIPTextEncode\", \"inputs\": {\"text\": \"low quality, blurry, distorted, bad anatomy, watermark, text, logo, nsfw\", \"clip\": [\"3\", 0]}}, \"6\": {\"class_type\": \"VAELoader\", \"inputs\": {\"vae_name\": \"wan_2.1_vae.safetensors\"}}, \"7\": {\"class_type\": \"CLIPVisionLoader\", \"inputs\": {\"clip_name\": \"clip_vision_h.safetensors\"}}, \"8\": {\"class_type\": \"LoadImage\", \"inputs\": {\"image\": \"\"}}, \"9\": {\"class_type\": \"CLIPVisionEncode\", \"inputs\": {\"clip_vision\": [\"7\", 0], \"image\": [\"8\", 0]}}, \"10\": {\"class_type\": \"Wan22ImageToVideoLatent\", \"inputs\": {\"vae\": [\"6\", 0], \"width\": 1280, \"height\": 720, \"length\": 50, \"batch_size\": 1, \"start_image\": [\"8\", 0]}}, \"11\": {\"class_type\": \"KSampler\", \"inputs\": {\"seed\": 954868916863, \"steps\": 20, \"cfg\": 3.0, \"sampler_name\": \"euler\", \"scheduler\": \"normal\", \"denoise\": 1.0, \"model\": [\"1\", 0], \"positive\": [\"4\", 0], \"negative\": [\"5\", 0], \"latent_image\": [\"10\", 0]}}, \"12\": {\"class_type\": \"KSampler\", \"inputs\": {\"seed\": 954868916863, \"steps\": 20, \"cfg\": 3.0, \"sampler_name\": \"euler\", \"scheduler\": \"normal\", \"denoise\": 1.0, \"model\": [\"2\", 0], \"positive\": [\"4\", 0], \"negative\": [\"5\", 0], \"latent_image\": [\"11\", 0]}}, \"13\": {\"class_type\": \"VAEDecode\", \"inputs\": {\"samples\": [\"12\", 0], \"vae\": [\"6\", 0]}}, \"14\": {\"class_type\": \"CreateVideo\", \"inputs\": {\"images\": [\"13\", 0], \"fps\": 25.0}}, \"15\": {\"class_type\": \"SaveVideo\", \"inputs\": {\"filename_prefix\": \"drama\", \"video\": [\"14\", 0], \"format\": \"auto\", \"codec\": \"auto\"}}}, {\"create_time\": 1781840407403}, [\"15\"]], \"outputs\": {}, \"status\": {\"status_str\": \"error\", \"completed\": false, \"messages\": [[\"execution_start\", {\"prompt_id\": \"114ac47e-0e30-4824-976c-46819b2c19ab\", \"timestamp\": 1781840407405}], [\"execution_cached\", {\"nodes\": [\"1\", \"2\", \"3\", \"6\"], \"prompt_id\": \"114ac47e-0e30-4824-976c-46819b2c19ab\", \"timestamp\": 1781840407416}], [\"execution_error\", {\"prompt_id\": \"114ac47e-0e30-4824-976c-46819b2c19ab\", \"node_id\": \"8\", \"node_type\": \"LoadImage\", \"executed\": [], \"exception_message\": \"[Errno 21] Is a directory: '/root/autodl-tmp/ComfyUI/input/'\\n\", \"exception_type\": \"av.error.IsADirectoryError\", \"traceback\": [\"  File \\\"/root/autodl-tmp/ComfyUI/execution.py\\\", line 542, in execute\\n    output_data, output_ui, has_subgraph, has_pending_tasks = await get_output_data(prompt_id, unique_id, obj, input_data_all, execution_block_cb=execution_block_cb, pre_execute_cb=pre_execute_cb, v3_data=v3_data)\\n\", \"  File \\\"/root/autodl-tmp/ComfyUI/execution.py\\\", line 341, in get_output_data\\n    return_values = await _async_map_node_over_list(prompt_id, unique_id, obj, input_data_all, obj.FUNCTION, allow_interrupt=True, execution_block_cb=execution_block_cb, pre_execute_cb=pre_execute_cb, v3_data=v3_data)\\n\", \"  File \\\"/root/autodl-tmp/ComfyUI/execution.py\\\", line 315, in _async_map_node_over_list\\n    await process_inputs(input_dict, i)\\n\", \"  File \\\"/root/autodl-tmp/ComfyUI/execution.py\\\", line 303, in process_inputs\\n    result = f(**inputs)\\n\", \"  File \\\"/root/autodl-tmp/ComfyUI/nodes.py\\\", line 1718, in load_image\\n    components = InputImpl.VideoFromFile(image_path).get_components()\\n\", \"  File \\\"/root/autodl-tmp/ComfyUI/comfy_api/latest/_input_impl/video_types.py\\\", line 370, in get_components\\n    with av.open(self.__file, mode='r') as container:\\n\", \"  File \\\"av/container/core.py\\\", line 555, in av.container.core.open\\n\", \"  File \\\"av/container/core.py\\\", line 344, in av.container.core.Container.__cinit__\\n\", \"  File \\\"av/container/core.py\\\", line 369, in av.container.core.Container.err_check\\n\", \"  File \\\"av/error.py\\\", line 411, in av.error.err_check\\n\"], \"current_inputs\": {\"image\": [\"\"]}, \"current_outputs\": [\"3\", \"5\", \"8\", \"1\", \"11\", \"15\", \"12\", \"2\", \"7\", \"9\", \"13\", \"14\", \"4\", \"6\", \"10\"], \"timestamp\": 1781840407422}]]}, \"meta\": {}}}"}
2026-06-19T03:44:58.263Z [WARN] [ComfyUI poll] 任务完成但未找到视频文件 {"outputs":"{}","video_gen_id":15}
2026-06-19T03:45:08.268Z [INFO] [ComfyUI poll] 查询history {"url":"http://localhost:18188/history/114ac47e-0e30-4824-976c-46819b2c19ab","video_gen_id":15}
2026-06-19T03:45:08.269Z [INFO] [poll] 发起查询 {"video_gen_id":15,"round":30,"url":"http://localhost:18188/history/114ac47e-0e30-4824-976c-46819b2c19ab"}
2026-06-19T03:45:08.306Z [INFO] [poll] 查询 HTTP 结果 {"video_gen_id":15,"round":30,"http_status":200,"bytes":4429,"body":"{\"114ac47e-0e30-4824-976c-46819b2c19ab\": {\"prompt\": [4, \"114ac47e-0e30-4824-976c-46819b2c19ab\", {\"1\": {\"class_type\": \"UNETLoader\", \"inputs\": {\"unet_name\": \"wan_fp8_scaled/I2V/Wan2_2-I2V-A14B-HIGH_fp8_e4m3fn_scaled_KJ.safetensors\", \"weight_dtype\": \"default\"}}, \"2\": {\"class_type\": \"UNETLoader\", \"inputs\": {\"unet_name\": \"wan_fp8_scaled/I2V/Wan2_2-I2V-A14B-LOW_fp8_e4m3fn_scaled_KJ.safetensors\", \"weight_dtype\": \"default\"}}, \"3\": {\"class_type\": \"CLIPLoader\", \"inputs\": {\"clip_name\": \"umt5_xxl_fp8_e4m3fn_scaled.safetensors\", \"type\": \"wan\"}}, \"4\": {\"class_type\": \"CLIPTextEncode\", \"inputs\": {\"text\": \"a young woman smiling gently, cinematic lighting, soft breeze in hair\", \"clip\": [\"3\", 0]}}, \"5\": {\"class_type\": \"CLIPTextEncode\", \"inputs\": {\"text\": \"low quality, blurry, distorted, bad anatomy, watermark, text, logo, nsfw\", \"clip\": [\"3\", 0]}}, \"6\": {\"class_type\": \"VAELoader\", \"inputs\": {\"vae_name\": \"wan_2.1_vae.safetensors\"}}, \"7\": {\"class_type\": \"CLIPVisionLoader\", \"inputs\": {\"clip_name\": \"clip_vision_h.safetensors\"}}, \"8\": {\"class_type\": \"LoadImage\", \"inputs\": {\"image\": \"\"}}, \"9\": {\"class_type\": \"CLIPVisionEncode\", \"inputs\": {\"clip_vision\": [\"7\", 0], \"image\": [\"8\", 0]}}, \"10\": {\"class_type\": \"Wan22ImageToVideoLatent\", \"inputs\": {\"vae\": [\"6\", 0], \"width\": 1280, \"height\": 720, \"length\": 50, \"batch_size\": 1, \"start_image\": [\"8\", 0]}}, \"11\": {\"class_type\": \"KSampler\", \"inputs\": {\"seed\": 954868916863, \"steps\": 20, \"cfg\": 3.0, \"sampler_name\": \"euler\", \"scheduler\": \"normal\", \"denoise\": 1.0, \"model\": [\"1\", 0], \"positive\": [\"4\", 0], \"negative\": [\"5\", 0], \"latent_image\": [\"10\", 0]}}, \"12\": {\"class_type\": \"KSampler\", \"inputs\": {\"seed\": 954868916863, \"steps\": 20, \"cfg\": 3.0, \"sampler_name\": \"euler\", \"scheduler\": \"normal\", \"denoise\": 1.0, \"model\": [\"2\", 0], \"positive\": [\"4\", 0], \"negative\": [\"5\", 0], \"latent_image\": [\"11\", 0]}}, \"13\": {\"class_type\": \"VAEDecode\", \"inputs\": {\"samples\": [\"12\", 0], \"vae\": [\"6\", 0]}}, \"14\": {\"class_type\": \"CreateVideo\", \"inputs\": {\"images\": [\"13\", 0], \"fps\": 25.0}}, \"15\": {\"class_type\": \"SaveVideo\", \"inputs\": {\"filename_prefix\": \"drama\", \"video\": [\"14\", 0], \"format\": \"auto\", \"codec\": \"auto\"}}}, {\"create_time\": 1781840407403}, [\"15\"]], \"outputs\": {}, \"status\": {\"status_str\": \"error\", \"completed\": false, \"messages\": [[\"execution_start\", {\"prompt_id\": \"114ac47e-0e30-4824-976c-46819b2c19ab\", \"timestamp\": 1781840407405}], [\"execution_cached\", {\"nodes\": [\"1\", \"2\", \"3\", \"6\"], \"prompt_id\": \"114ac47e-0e30-4824-976c-46819b2c19ab\", \"timestamp\": 1781840407416}], [\"execution_error\", {\"prompt_id\": \"114ac47e-0e30-4824-976c-46819b2c19ab\", \"node_id\": \"8\", \"node_type\": \"LoadImage\", \"executed\": [], \"exception_message\": \"[Errno 21] Is a directory: '/root/autodl-tmp/ComfyUI/input/'\\n\", \"exception_type\": \"av.error.IsADirectoryError\", \"traceback\": [\"  File \\\"/root/autodl-tmp/ComfyUI/execution.py\\\", line 542, in execute\\n    output_data, output_ui, has_subgraph, has_pending_tasks = await get_output_data(prompt_id, unique_id, obj, input_data_all, execution_block_cb=execution_block_cb, pre_execute_cb=pre_execute_cb, v3_data=v3_data)\\n\", \"  File \\\"/root/autodl-tmp/ComfyUI/execution.py\\\", line 341, in get_output_data\\n    return_values = await _async_map_node_over_list(prompt_id, unique_id, obj, input_data_all, obj.FUNCTION, allow_interrupt=True, execution_block_cb=execution_block_cb, pre_execute_cb=pre_execute_cb, v3_data=v3_data)\\n\", \"  File \\\"/root/autodl-tmp/ComfyUI/execution.py\\\", line 315, in _async_map_node_over_list\\n    await process_inputs(input_dict, i)\\n\", \"  File \\\"/root/autodl-tmp/ComfyUI/execution.py\\\", line 303, in process_inputs\\n    result = f(**inputs)\\n\", \"  File \\\"/root/autodl-tmp/ComfyUI/nodes.py\\\", line 1718, in load_image\\n    components = InputImpl.VideoFromFile(image_path).get_components()\\n\", \"  File \\\"/root/autodl-tmp/ComfyUI/comfy_api/latest/_input_impl/video_types.py\\\", line 370, in get_components\\n    with av.open(self.__file, mode='r') as container:\\n\", \"  File \\\"av/container/core.py\\\", line 555, in av.container.core.open\\n\", \"  File \\\"av/container/core.py\\\", line 344, in av.container.core.Container.__cinit__\\n\", \"  File \\\"av/container/core.py\\\", line 369, in av.container.core.Container.err_check\\n\", \"  File \\\"av/error.py\\\", line 411, in av.error.err_check\\n\"], \"current_inputs\": {\"image\": [\"\"]}, \"current_outputs\": [\"3\", \"5\", \"8\", \"1\", \"11\", \"15\", \"12\", \"2\", \"7\", \"9\", \"13\", \"14\", \"4\", \"6\", \"10\"], \"timestamp\": 1781840407422}]]}, \"meta\": {}}}"}
2026-06-19T03:45:08.307Z [WARN] [ComfyUI poll] 任务完成但未找到视频文件 {"outputs":"{}","video_gen_id":15}
2026-06-19T03:45:18.314Z [INFO] [ComfyUI poll] 查询history {"url":"http://localhost:18188/history/114ac47e-0e30-4824-976c-46819b2c19ab","video_gen_id":15}
2026-06-19T03:45:18.315Z [INFO] [poll] 发起查询 {"video_gen_id":15,"round":31,"url":"http://localhost:18188/history/114ac47e-0e30-4824-976c-46819b2c19ab"}
2026-06-19T03:45:18.352Z [INFO] [poll] 查询 HTTP 结果 {"video_gen_id":15,"round":31,"http_status":200,"bytes":4429,"body":"{\"114ac47e-0e30-4824-976c-46819b2c19ab\": {\"prompt\": [4, \"114ac47e-0e30-4824-976c-46819b2c19ab\", {\"1\": {\"class_type\": \"UNETLoader\", \"inputs\": {\"unet_name\": \"wan_fp8_scaled/I2V/Wan2_2-I2V-A14B-HIGH_fp8_e4m3fn_scaled_KJ.safetensors\", \"weight_dtype\": \"default\"}}, \"2\": {\"class_type\": \"UNETLoader\", \"inputs\": {\"unet_name\": \"wan_fp8_scaled/I2V/Wan2_2-I2V-A14B-LOW_fp8_e4m3fn_scaled_KJ.safetensors\", \"weight_dtype\": \"default\"}}, \"3\": {\"class_type\": \"CLIPLoader\", \"inputs\": {\"clip_name\": \"umt5_xxl_fp8_e4m3fn_scaled.safetensors\", \"type\": \"wan\"}}, \"4\": {\"class_type\": \"CLIPTextEncode\", \"inputs\": {\"text\": \"a young woman smiling gently, cinematic lighting, soft breeze in hair\", \"clip\": [\"3\", 0]}}, \"5\": {\"class_type\": \"CLIPTextEncode\", \"inputs\": {\"text\": \"low quality, blurry, distorted, bad anatomy, watermark, text, logo, nsfw\", \"clip\": [\"3\", 0]}}, \"6\": {\"class_type\": \"VAELoader\", \"inputs\": {\"vae_name\": \"wan_2.1_vae.safetensors\"}}, \"7\": {\"class_type\": \"CLIPVisionLoader\", \"inputs\": {\"clip_name\": \"clip_vision_h.safetensors\"}}, \"8\": {\"class_type\": \"LoadImage\", \"inputs\": {\"image\": \"\"}}, \"9\": {\"class_type\": \"CLIPVisionEncode\", \"inputs\": {\"clip_vision\": [\"7\", 0], \"image\": [\"8\", 0]}}, \"10\": {\"class_type\": \"Wan22ImageToVideoLatent\", \"inputs\": {\"vae\": [\"6\", 0], \"width\": 1280, \"height\": 720, \"length\": 50, \"batch_size\": 1, \"start_image\": [\"8\", 0]}}, \"11\": {\"class_type\": \"KSampler\", \"inputs\": {\"seed\": 954868916863, \"steps\": 20, \"cfg\": 3.0, \"sampler_name\": \"euler\", \"scheduler\": \"normal\", \"denoise\": 1.0, \"model\": [\"1\", 0], \"positive\": [\"4\", 0], \"negative\": [\"5\", 0], \"latent_image\": [\"10\", 0]}}, \"12\": {\"class_type\": \"KSampler\", \"inputs\": {\"seed\": 954868916863, \"steps\": 20, \"cfg\": 3.0, \"sampler_name\": \"euler\", \"scheduler\": \"normal\", \"denoise\": 1.0, \"model\": [\"2\", 0], \"positive\": [\"4\", 0], \"negative\": [\"5\", 0], \"latent_image\": [\"11\", 0]}}, \"13\": {\"class_type\": \"VAEDecode\", \"inputs\": {\"samples\": [\"12\", 0], \"vae\": [\"6\", 0]}}, \"14\": {\"class_type\": \"CreateVideo\", \"inputs\": {\"images\": [\"13\", 0], \"fps\": 25.0}}, \"15\": {\"class_type\": \"SaveVideo\", \"inputs\": {\"filename_prefix\": \"drama\", \"video\": [\"14\", 0], \"format\": \"auto\", \"codec\": \"auto\"}}}, {\"create_time\": 1781840407403}, [\"15\"]], \"outputs\": {}, \"status\": {\"status_str\": \"error\", \"completed\": false, \"messages\": [[\"execution_start\", {\"prompt_id\": \"114ac47e-0e30-4824-976c-46819b2c19ab\", \"timestamp\": 1781840407405}], [\"execution_cached\", {\"nodes\": [\"1\", \"2\", \"3\", \"6\"], \"prompt_id\": \"114ac47e-0e30-4824-976c-46819b2c19ab\", \"timestamp\": 1781840407416}], [\"execution_error\", {\"prompt_id\": \"114ac47e-0e30-4824-976c-46819b2c19ab\", \"node_id\": \"8\", \"node_type\": \"LoadImage\", \"executed\": [], \"exception_message\": \"[Errno 21] Is a directory: '/root/autodl-tmp/ComfyUI/input/'\\n\", \"exception_type\": \"av.error.IsADirectoryError\", \"traceback\": [\"  File \\\"/root/autodl-tmp/ComfyUI/execution.py\\\", line 542, in execute\\n    output_data, output_ui, has_subgraph, has_pending_tasks = await get_output_data(prompt_id, unique_id, obj, input_data_all, execution_block_cb=execution_block_cb, pre_execute_cb=pre_execute_cb, v3_data=v3_data)\\n\", \"  File \\\"/root/autodl-tmp/ComfyUI/execution.py\\\", line 341, in get_output_data\\n    return_values = await _async_map_node_over_list(prompt_id, unique_id, obj, input_data_all, obj.FUNCTION, allow_interrupt=True, execution_block_cb=execution_block_cb, pre_execute_cb=pre_execute_cb, v3_data=v3_data)\\n\", \"  File \\\"/root/autodl-tmp/ComfyUI/execution.py\\\", line 315, in _async_map_node_over_list\\n    await process_inputs(input_dict, i)\\n\", \"  File \\\"/root/autodl-tmp/ComfyUI/execution.py\\\", line 303, in process_inputs\\n    result = f(**inputs)\\n\", \"  File \\\"/root/autodl-tmp/ComfyUI/nodes.py\\\", line 1718, in load_image\\n    components = InputImpl.VideoFromFile(image_path).get_components()\\n\", \"  File \\\"/root/autodl-tmp/ComfyUI/comfy_api/latest/_input_impl/video_types.py\\\", line 370, in get_components\\n    with av.open(self.__file, mode='r') as container:\\n\", \"  File \\\"av/container/core.py\\\", line 555, in av.container.core.open\\n\", \"  File \\\"av/container/core.py\\\", line 344, in av.container.core.Container.__cinit__\\n\", \"  File \\\"av/container/core.py\\\", line 369, in av.container.core.Container.err_check\\n\", \"  File \\\"av/error.py\\\", line 411, in av.error.err_check\\n\"], \"current_inputs\": {\"image\": [\"\"]}, \"current_outputs\": [\"3\", \"5\", \"8\", \"1\", \"11\", \"15\", \"12\", \"2\", \"7\", \"9\", \"13\", \"14\", \"4\", \"6\", \"10\"], \"timestamp\": 1781840407422}]]}, \"meta\": {}}}"}
2026-06-19T03:45:18.352Z [WARN] [ComfyUI poll] 任务完成但未找到视频文件 {"outputs":"{}","video_gen_id":15}
2026-06-19T03:45:28.354Z [INFO] [ComfyUI poll] 查询history {"url":"http://localhost:18188/history/114ac47e-0e30-4824-976c-46819b2c19ab","video_gen_id":15}
2026-06-19T03:45:28.356Z [INFO] [poll] 发起查询 {"video_gen_id":15,"round":32,"url":"http://localhost:18188/history/114ac47e-0e30-4824-976c-46819b2c19ab"}
2026-06-19T03:45:28.392Z [INFO] [poll] 查询 HTTP 结果 {"video_gen_id":15,"round":32,"http_status":200,"bytes":4429,"body":"{\"114ac47e-0e30-4824-976c-46819b2c19ab\": {\"prompt\": [4, \"114ac47e-0e30-4824-976c-46819b2c19ab\", {\"1\": {\"class_type\": \"UNETLoader\", \"inputs\": {\"unet_name\": \"wan_fp8_scaled/I2V/Wan2_2-I2V-A14B-HIGH_fp8_e4m3fn_scaled_KJ.safetensors\", \"weight_dtype\": \"default\"}}, \"2\": {\"class_type\": \"UNETLoader\", \"inputs\": {\"unet_name\": \"wan_fp8_scaled/I2V/Wan2_2-I2V-A14B-LOW_fp8_e4m3fn_scaled_KJ.safetensors\", \"weight_dtype\": \"default\"}}, \"3\": {\"class_type\": \"CLIPLoader\", \"inputs\": {\"clip_name\": \"umt5_xxl_fp8_e4m3fn_scaled.safetensors\", \"type\": \"wan\"}}, \"4\": {\"class_type\": \"CLIPTextEncode\", \"inputs\": {\"text\": \"a young woman smiling gently, cinematic lighting, soft breeze in hair\", \"clip\": [\"3\", 0]}}, \"5\": {\"class_type\": \"CLIPTextEncode\", \"inputs\": {\"text\": \"low quality, blurry, distorted, bad anatomy, watermark, text, logo, nsfw\", \"clip\": [\"3\", 0]}}, \"6\": {\"class_type\": \"VAELoader\", \"inputs\": {\"vae_name\": \"wan_2.1_vae.safetensors\"}}, \"7\": {\"class_type\": \"CLIPVisionLoader\", \"inputs\": {\"clip_name\": \"clip_vision_h.safetensors\"}}, \"8\": {\"class_type\": \"LoadImage\", \"inputs\": {\"image\": \"\"}}, \"9\": {\"class_type\": \"CLIPVisionEncode\", \"inputs\": {\"clip_vision\": [\"7\", 0], \"image\": [\"8\", 0]}}, \"10\": {\"class_type\": \"Wan22ImageToVideoLatent\", \"inputs\": {\"vae\": [\"6\", 0], \"width\": 1280, \"height\": 720, \"length\": 50, \"batch_size\": 1, \"start_image\": [\"8\", 0]}}, \"11\": {\"class_type\": \"KSampler\", \"inputs\": {\"seed\": 954868916863, \"steps\": 20, \"cfg\": 3.0, \"sampler_name\": \"euler\", \"scheduler\": \"normal\", \"denoise\": 1.0, \"model\": [\"1\", 0], \"positive\": [\"4\", 0], \"negative\": [\"5\", 0], \"latent_image\": [\"10\", 0]}}, \"12\": {\"class_type\": \"KSampler\", \"inputs\": {\"seed\": 954868916863, \"steps\": 20, \"cfg\": 3.0, \"sampler_name\": \"euler\", \"scheduler\": \"normal\", \"denoise\": 1.0, \"model\": [\"2\", 0], \"positive\": [\"4\", 0], \"negative\": [\"5\", 0], \"latent_image\": [\"11\", 0]}}, \"13\": {\"class_type\": \"VAEDecode\", \"inputs\": {\"samples\": [\"12\", 0], \"vae\": [\"6\", 0]}}, \"14\": {\"class_type\": \"CreateVideo\", \"inputs\": {\"images\": [\"13\", 0], \"fps\": 25.0}}, \"15\": {\"class_type\": \"SaveVideo\", \"inputs\": {\"filename_prefix\": \"drama\", \"video\": [\"14\", 0], \"format\": \"auto\", \"codec\": \"auto\"}}}, {\"create_time\": 1781840407403}, [\"15\"]], \"outputs\": {}, \"status\": {\"status_str\": \"error\", \"completed\": false, \"messages\": [[\"execution_start\", {\"prompt_id\": \"114ac47e-0e30-4824-976c-46819b2c19ab\", \"timestamp\": 1781840407405}], [\"execution_cached\", {\"nodes\": [\"1\", \"2\", \"3\", \"6\"], \"prompt_id\": \"114ac47e-0e30-4824-976c-46819b2c19ab\", \"timestamp\": 1781840407416}], [\"execution_error\", {\"prompt_id\": \"114ac47e-0e30-4824-976c-46819b2c19ab\", \"node_id\": \"8\", \"node_type\": \"LoadImage\", \"executed\": [], \"exception_message\": \"[Errno 21] Is a directory: '/root/autodl-tmp/ComfyUI/input/'\\n\", \"exception_type\": \"av.error.IsADirectoryError\", \"traceback\": [\"  File \\\"/root/autodl-tmp/ComfyUI/execution.py\\\", line 542, in execute\\n    output_data, output_ui, has_subgraph, has_pending_tasks = await get_output_data(prompt_id, unique_id, obj, input_data_all, execution_block_cb=execution_block_cb, pre_execute_cb=pre_execute_cb, v3_data=v3_data)\\n\", \"  File \\\"/root/autodl-tmp/ComfyUI/execution.py\\\", line 341, in get_output_data\\n    return_values = await _async_map_node_over_list(prompt_id, unique_id, obj, input_data_all, obj.FUNCTION, allow_interrupt=True, execution_block_cb=execution_block_cb, pre_execute_cb=pre_execute_cb, v3_data=v3_data)\\n\", \"  File \\\"/root/autodl-tmp/ComfyUI/execution.py\\\", line 315, in _async_map_node_over_list\\n    await process_inputs(input_dict, i)\\n\", \"  File \\\"/root/autodl-tmp/ComfyUI/execution.py\\\", line 303, in process_inputs\\n    result = f(**inputs)\\n\", \"  File \\\"/root/autodl-tmp/ComfyUI/nodes.py\\\", line 1718, in load_image\\n    components = InputImpl.VideoFromFile(image_path).get_components()\\n\", \"  File \\\"/root/autodl-tmp/ComfyUI/comfy_api/latest/_input_impl/video_types.py\\\", line 370, in get_components\\n    with av.open(self.__file, mode='r') as container:\\n\", \"  File \\\"av/container/core.py\\\", line 555, in av.container.core.open\\n\", \"  File \\\"av/container/core.py\\\", line 344, in av.container.core.Container.__cinit__\\n\", \"  File \\\"av/container/core.py\\\", line 369, in av.container.core.Container.err_check\\n\", \"  File \\\"av/error.py\\\", line 411, in av.error.err_check\\n\"], \"current_inputs\": {\"image\": [\"\"]}, \"current_outputs\": [\"3\", \"5\", \"8\", \"1\", \"11\", \"15\", \"12\", \"2\", \"7\", \"9\", \"13\", \"14\", \"4\", \"6\", \"10\"], \"timestamp\": 1781840407422}]]}, \"meta\": {}}}"}
2026-06-19T03:45:28.393Z [WARN] [ComfyUI poll] 任务完成但未找到视频文件 {"outputs":"{}","video_gen_id":15}
2026-06-19T03:45:38.393Z [INFO] [ComfyUI poll] 查询history {"url":"http://localhost:18188/history/114ac47e-0e30-4824-976c-46819b2c19ab","video_gen_id":15}
2026-06-19T03:45:38.395Z [INFO] [poll] 发起查询 {"video_gen_id":15,"round":33,"url":"http://localhost:18188/history/114ac47e-0e30-4824-976c-46819b2c19ab"}
2026-06-19T03:45:38.433Z [INFO] [poll] 查询 HTTP 结果 {"video_gen_id":15,"round":33,"http_status":200,"bytes":4429,"body":"{\"114ac47e-0e30-4824-976c-46819b2c19ab\": {\"prompt\": [4, \"114ac47e-0e30-4824-976c-46819b2c19ab\", {\"1\": {\"class_type\": \"UNETLoader\", \"inputs\": {\"unet_name\": \"wan_fp8_scaled/I2V/Wan2_2-I2V-A14B-HIGH_fp8_e4m3fn_scaled_KJ.safetensors\", \"weight_dtype\": \"default\"}}, \"2\": {\"class_type\": \"UNETLoader\", \"inputs\": {\"unet_name\": \"wan_fp8_scaled/I2V/Wan2_2-I2V-A14B-LOW_fp8_e4m3fn_scaled_KJ.safetensors\", \"weight_dtype\": \"default\"}}, \"3\": {\"class_type\": \"CLIPLoader\", \"inputs\": {\"clip_name\": \"umt5_xxl_fp8_e4m3fn_scaled.safetensors\", \"type\": \"wan\"}}, \"4\": {\"class_type\": \"CLIPTextEncode\", \"inputs\": {\"text\": \"a young woman smiling gently, cinematic lighting, soft breeze in hair\", \"clip\": [\"3\", 0]}}, \"5\": {\"class_type\": \"CLIPTextEncode\", \"inputs\": {\"text\": \"low quality, blurry, distorted, bad anatomy, watermark, text, logo, nsfw\", \"clip\": [\"3\", 0]}}, \"6\": {\"class_type\": \"VAELoader\", \"inputs\": {\"vae_name\": \"wan_2.1_vae.safetensors\"}}, \"7\": {\"class_type\": \"CLIPVisionLoader\", \"inputs\": {\"clip_name\": \"clip_vision_h.safetensors\"}}, \"8\": {\"class_type\": \"LoadImage\", \"inputs\": {\"image\": \"\"}}, \"9\": {\"class_type\": \"CLIPVisionEncode\", \"inputs\": {\"clip_vision\": [\"7\", 0], \"image\": [\"8\", 0]}}, \"10\": {\"class_type\": \"Wan22ImageToVideoLatent\", \"inputs\": {\"vae\": [\"6\", 0], \"width\": 1280, \"height\": 720, \"length\": 50, \"batch_size\": 1, \"start_image\": [\"8\", 0]}}, \"11\": {\"class_type\": \"KSampler\", \"inputs\": {\"seed\": 954868916863, \"steps\": 20, \"cfg\": 3.0, \"sampler_name\": \"euler\", \"scheduler\": \"normal\", \"denoise\": 1.0, \"model\": [\"1\", 0], \"positive\": [\"4\", 0], \"negative\": [\"5\", 0], \"latent_image\": [\"10\", 0]}}, \"12\": {\"class_type\": \"KSampler\", \"inputs\": {\"seed\": 954868916863, \"steps\": 20, \"cfg\": 3.0, \"sampler_name\": \"euler\", \"scheduler\": \"normal\", \"denoise\": 1.0, \"model\": [\"2\", 0], \"positive\": [\"4\", 0], \"negative\": [\"5\", 0], \"latent_image\": [\"11\", 0]}}, \"13\": {\"class_type\": \"VAEDecode\", \"inputs\": {\"samples\": [\"12\", 0], \"vae\": [\"6\", 0]}}, \"14\": {\"class_type\": \"CreateVideo\", \"inputs\": {\"images\": [\"13\", 0], \"fps\": 25.0}}, \"15\": {\"class_type\": \"SaveVideo\", \"inputs\": {\"filename_prefix\": \"drama\", \"video\": [\"14\", 0], \"format\": \"auto\", \"codec\": \"auto\"}}}, {\"create_time\": 1781840407403}, [\"15\"]], \"outputs\": {}, \"status\": {\"status_str\": \"error\", \"completed\": false, \"messages\": [[\"execution_start\", {\"prompt_id\": \"114ac47e-0e30-4824-976c-46819b2c19ab\", \"timestamp\": 1781840407405}], [\"execution_cached\", {\"nodes\": [\"1\", \"2\", \"3\", \"6\"], \"prompt_id\": \"114ac47e-0e30-4824-976c-46819b2c19ab\", \"timestamp\": 1781840407416}], [\"execution_error\", {\"prompt_id\": \"114ac47e-0e30-4824-976c-46819b2c19ab\", \"node_id\": \"8\", \"node_type\": \"LoadImage\", \"executed\": [], \"exception_message\": \"[Errno 21] Is a directory: '/root/autodl-tmp/ComfyUI/input/'\\n\", \"exception_type\": \"av.error.IsADirectoryError\", \"traceback\": [\"  File \\\"/root/autodl-tmp/ComfyUI/execution.py\\\", line 542, in execute\\n    output_data, output_ui, has_subgraph, has_pending_tasks = await get_output_data(prompt_id, unique_id, obj, input_data_all, execution_block_cb=execution_block_cb, pre_execute_cb=pre_execute_cb, v3_data=v3_data)\\n\", \"  File \\\"/root/autodl-tmp/ComfyUI/execution.py\\\", line 341, in get_output_data\\n    return_values = await _async_map_node_over_list(prompt_id, unique_id, obj, input_data_all, obj.FUNCTION, allow_interrupt=True, execution_block_cb=execution_block_cb, pre_execute_cb=pre_execute_cb, v3_data=v3_data)\\n\", \"  File \\\"/root/autodl-tmp/ComfyUI/execution.py\\\", line 315, in _async_map_node_over_list\\n    await process_inputs(input_dict, i)\\n\", \"  File \\\"/root/autodl-tmp/ComfyUI/execution.py\\\", line 303, in process_inputs\\n    result = f(**inputs)\\n\", \"  File \\\"/root/autodl-tmp/ComfyUI/nodes.py\\\", line 1718, in load_image\\n    components = InputImpl.VideoFromFile(image_path).get_components()\\n\", \"  File \\\"/root/autodl-tmp/ComfyUI/comfy_api/latest/_input_impl/video_types.py\\\", line 370, in get_components\\n    with av.open(self.__file, mode='r') as container:\\n\", \"  File \\\"av/container/core.py\\\", line 555, in av.container.core.open\\n\", \"  File \\\"av/container/core.py\\\", line 344, in av.container.core.Container.__cinit__\\n\", \"  File \\\"av/container/core.py\\\", line 369, in av.container.core.Container.err_check\\n\", \"  File \\\"av/error.py\\\", line 411, in av.error.err_check\\n\"], \"current_inputs\": {\"image\": [\"\"]}, \"current_outputs\": [\"3\", \"5\", \"8\", \"1\", \"11\", \"15\", \"12\", \"2\", \"7\", \"9\", \"13\", \"14\", \"4\", \"6\", \"10\"], \"timestamp\": 1781840407422}]]}, \"meta\": {}}}"}
2026-06-19T03:45:38.434Z [WARN] [ComfyUI poll] 任务完成但未找到视频文件 {"outputs":"{}","video_gen_id":15}
2026-06-19T03:45:48.441Z [INFO] [ComfyUI poll] 查询history {"url":"http://localhost:18188/history/114ac47e-0e30-4824-976c-46819b2c19ab","video_gen_id":15}
2026-06-19T03:45:48.442Z [INFO] [poll] 发起查询 {"video_gen_id":15,"round":34,"url":"http://localhost:18188/history/114ac47e-0e30-4824-976c-46819b2c19ab"}
2026-06-19T03:45:48.479Z [INFO] [poll] 查询 HTTP 结果 {"video_gen_id":15,"round":34,"http_status":200,"bytes":4429,"body":"{\"114ac47e-0e30-4824-976c-46819b2c19ab\": {\"prompt\": [4, \"114ac47e-0e30-4824-976c-46819b2c19ab\", {\"1\": {\"class_type\": \"UNETLoader\", \"inputs\": {\"unet_name\": \"wan_fp8_scaled/I2V/Wan2_2-I2V-A14B-HIGH_fp8_e4m3fn_scaled_KJ.safetensors\", \"weight_dtype\": \"default\"}}, \"2\": {\"class_type\": \"UNETLoader\", \"inputs\": {\"unet_name\": \"wan_fp8_scaled/I2V/Wan2_2-I2V-A14B-LOW_fp8_e4m3fn_scaled_KJ.safetensors\", \"weight_dtype\": \"default\"}}, \"3\": {\"class_type\": \"CLIPLoader\", \"inputs\": {\"clip_name\": \"umt5_xxl_fp8_e4m3fn_scaled.safetensors\", \"type\": \"wan\"}}, \"4\": {\"class_type\": \"CLIPTextEncode\", \"inputs\": {\"text\": \"a young woman smiling gently, cinematic lighting, soft breeze in hair\", \"clip\": [\"3\", 0]}}, \"5\": {\"class_type\": \"CLIPTextEncode\", \"inputs\": {\"text\": \"low quality, blurry, distorted, bad anatomy, watermark, text, logo, nsfw\", \"clip\": [\"3\", 0]}}, \"6\": {\"class_type\": \"VAELoader\", \"inputs\": {\"vae_name\": \"wan_2.1_vae.safetensors\"}}, \"7\": {\"class_type\": \"CLIPVisionLoader\", \"inputs\": {\"clip_name\": \"clip_vision_h.safetensors\"}}, \"8\": {\"class_type\": \"LoadImage\", \"inputs\": {\"image\": \"\"}}, \"9\": {\"class_type\": \"CLIPVisionEncode\", \"inputs\": {\"clip_vision\": [\"7\", 0], \"image\": [\"8\", 0]}}, \"10\": {\"class_type\": \"Wan22ImageToVideoLatent\", \"inputs\": {\"vae\": [\"6\", 0], \"width\": 1280, \"height\": 720, \"length\": 50, \"batch_size\": 1, \"start_image\": [\"8\", 0]}}, \"11\": {\"class_type\": \"KSampler\", \"inputs\": {\"seed\": 954868916863, \"steps\": 20, \"cfg\": 3.0, \"sampler_name\": \"euler\", \"scheduler\": \"normal\", \"denoise\": 1.0, \"model\": [\"1\", 0], \"positive\": [\"4\", 0], \"negative\": [\"5\", 0], \"latent_image\": [\"10\", 0]}}, \"12\": {\"class_type\": \"KSampler\", \"inputs\": {\"seed\": 954868916863, \"steps\": 20, \"cfg\": 3.0, \"sampler_name\": \"euler\", \"scheduler\": \"normal\", \"denoise\": 1.0, \"model\": [\"2\", 0], \"positive\": [\"4\", 0], \"negative\": [\"5\", 0], \"latent_image\": [\"11\", 0]}}, \"13\": {\"class_type\": \"VAEDecode\", \"inputs\": {\"samples\": [\"12\", 0], \"vae\": [\"6\", 0]}}, \"14\": {\"class_type\": \"CreateVideo\", \"inputs\": {\"images\": [\"13\", 0], \"fps\": 25.0}}, \"15\": {\"class_type\": \"SaveVideo\", \"inputs\": {\"filename_prefix\": \"drama\", \"video\": [\"14\", 0], \"format\": \"auto\", \"codec\": \"auto\"}}}, {\"create_time\": 1781840407403}, [\"15\"]], \"outputs\": {}, \"status\": {\"status_str\": \"error\", \"completed\": false, \"messages\": [[\"execution_start\", {\"prompt_id\": \"114ac47e-0e30-4824-976c-46819b2c19ab\", \"timestamp\": 1781840407405}], [\"execution_cached\", {\"nodes\": [\"1\", \"2\", \"3\", \"6\"], \"prompt_id\": \"114ac47e-0e30-4824-976c-46819b2c19ab\", \"timestamp\": 1781840407416}], [\"execution_error\", {\"prompt_id\": \"114ac47e-0e30-4824-976c-46819b2c19ab\", \"node_id\": \"8\", \"node_type\": \"LoadImage\", \"executed\": [], \"exception_message\": \"[Errno 21] Is a directory: '/root/autodl-tmp/ComfyUI/input/'\\n\", \"exception_type\": \"av.error.IsADirectoryError\", \"traceback\": [\"  File \\\"/root/autodl-tmp/ComfyUI/execution.py\\\", line 542, in execute\\n    output_data, output_ui, has_subgraph, has_pending_tasks = await get_output_data(prompt_id, unique_id, obj, input_data_all, execution_block_cb=execution_block_cb, pre_execute_cb=pre_execute_cb, v3_data=v3_data)\\n\", \"  File \\\"/root/autodl-tmp/ComfyUI/execution.py\\\", line 341, in get_output_data\\n    return_values = await _async_map_node_over_list(prompt_id, unique_id, obj, input_data_all, obj.FUNCTION, allow_interrupt=True, execution_block_cb=execution_block_cb, pre_execute_cb=pre_execute_cb, v3_data=v3_data)\\n\", \"  File \\\"/root/autodl-tmp/ComfyUI/execution.py\\\", line 315, in _async_map_node_over_list\\n    await process_inputs(input_dict, i)\\n\", \"  File \\\"/root/autodl-tmp/ComfyUI/execution.py\\\", line 303, in process_inputs\\n    result = f(**inputs)\\n\", \"  File \\\"/root/autodl-tmp/ComfyUI/nodes.py\\\", line 1718, in load_image\\n    components = InputImpl.VideoFromFile(image_path).get_components()\\n\", \"  File \\\"/root/autodl-tmp/ComfyUI/comfy_api/latest/_input_impl/video_types.py\\\", line 370, in get_components\\n    with av.open(self.__file, mode='r') as container:\\n\", \"  File \\\"av/container/core.py\\\", line 555, in av.container.core.open\\n\", \"  File \\\"av/container/core.py\\\", line 344, in av.container.core.Container.__cinit__\\n\", \"  File \\\"av/container/core.py\\\", line 369, in av.container.core.Container.err_check\\n\", \"  File \\\"av/error.py\\\", line 411, in av.error.err_check\\n\"], \"current_inputs\": {\"image\": [\"\"]}, \"current_outputs\": [\"3\", \"5\", \"8\", \"1\", \"11\", \"15\", \"12\", \"2\", \"7\", \"9\", \"13\", \"14\", \"4\", \"6\", \"10\"], \"timestamp\": 1781840407422}]]}, \"meta\": {}}}"}
2026-06-19T03:45:48.480Z [WARN] [ComfyUI poll] 任务完成但未找到视频文件 {"outputs":"{}","video_gen_id":15}
2026-06-19T03:45:58.487Z [INFO] [ComfyUI poll] 查询history {"url":"http://localhost:18188/history/114ac47e-0e30-4824-976c-46819b2c19ab","video_gen_id":15}
2026-06-19T03:45:58.489Z [INFO] [poll] 发起查询 {"video_gen_id":15,"round":35,"url":"http://localhost:18188/history/114ac47e-0e30-4824-976c-46819b2c19ab"}
2026-06-19T03:45:58.534Z [INFO] [poll] 查询 HTTP 结果 {"video_gen_id":15,"round":35,"http_status":200,"bytes":4429,"body":"{\"114ac47e-0e30-4824-976c-46819b2c19ab\": {\"prompt\": [4, \"114ac47e-0e30-4824-976c-46819b2c19ab\", {\"1\": {\"class_type\": \"UNETLoader\", \"inputs\": {\"unet_name\": \"wan_fp8_scaled/I2V/Wan2_2-I2V-A14B-HIGH_fp8_e4m3fn_scaled_KJ.safetensors\", \"weight_dtype\": \"default\"}}, \"2\": {\"class_type\": \"UNETLoader\", \"inputs\": {\"unet_name\": \"wan_fp8_scaled/I2V/Wan2_2-I2V-A14B-LOW_fp8_e4m3fn_scaled_KJ.safetensors\", \"weight_dtype\": \"default\"}}, \"3\": {\"class_type\": \"CLIPLoader\", \"inputs\": {\"clip_name\": \"umt5_xxl_fp8_e4m3fn_scaled.safetensors\", \"type\": \"wan\"}}, \"4\": {\"class_type\": \"CLIPTextEncode\", \"inputs\": {\"text\": \"a young woman smiling gently, cinematic lighting, soft breeze in hair\", \"clip\": [\"3\", 0]}}, \"5\": {\"class_type\": \"CLIPTextEncode\", \"inputs\": {\"text\": \"low quality, blurry, distorted, bad anatomy, watermark, text, logo, nsfw\", \"clip\": [\"3\", 0]}}, \"6\": {\"class_type\": \"VAELoader\", \"inputs\": {\"vae_name\": \"wan_2.1_vae.safetensors\"}}, \"7\": {\"class_type\": \"CLIPVisionLoader\", \"inputs\": {\"clip_name\": \"clip_vision_h.safetensors\"}}, \"8\": {\"class_type\": \"LoadImage\", \"inputs\": {\"image\": \"\"}}, \"9\": {\"class_type\": \"CLIPVisionEncode\", \"inputs\": {\"clip_vision\": [\"7\", 0], \"image\": [\"8\", 0]}}, \"10\": {\"class_type\": \"Wan22ImageToVideoLatent\", \"inputs\": {\"vae\": [\"6\", 0], \"width\": 1280, \"height\": 720, \"length\": 50, \"batch_size\": 1, \"start_image\": [\"8\", 0]}}, \"11\": {\"class_type\": \"KSampler\", \"inputs\": {\"seed\": 954868916863, \"steps\": 20, \"cfg\": 3.0, \"sampler_name\": \"euler\", \"scheduler\": \"normal\", \"denoise\": 1.0, \"model\": [\"1\", 0], \"positive\": [\"4\", 0], \"negative\": [\"5\", 0], \"latent_image\": [\"10\", 0]}}, \"12\": {\"class_type\": \"KSampler\", \"inputs\": {\"seed\": 954868916863, \"steps\": 20, \"cfg\": 3.0, \"sampler_name\": \"euler\", \"scheduler\": \"normal\", \"denoise\": 1.0, \"model\": [\"2\", 0], \"positive\": [\"4\", 0], \"negative\": [\"5\", 0], \"latent_image\": [\"11\", 0]}}, \"13\": {\"class_type\": \"VAEDecode\", \"inputs\": {\"samples\": [\"12\", 0], \"vae\": [\"6\", 0]}}, \"14\": {\"class_type\": \"CreateVideo\", \"inputs\": {\"images\": [\"13\", 0], \"fps\": 25.0}}, \"15\": {\"class_type\": \"SaveVideo\", \"inputs\": {\"filename_prefix\": \"drama\", \"video\": [\"14\", 0], \"format\": \"auto\", \"codec\": \"auto\"}}}, {\"create_time\": 1781840407403}, [\"15\"]], \"outputs\": {}, \"status\": {\"status_str\": \"error\", \"completed\": false, \"messages\": [[\"execution_start\", {\"prompt_id\": \"114ac47e-0e30-4824-976c-46819b2c19ab\", \"timestamp\": 1781840407405}], [\"execution_cached\", {\"nodes\": [\"1\", \"2\", \"3\", \"6\"], \"prompt_id\": \"114ac47e-0e30-4824-976c-46819b2c19ab\", \"timestamp\": 1781840407416}], [\"execution_error\", {\"prompt_id\": \"114ac47e-0e30-4824-976c-46819b2c19ab\", \"node_id\": \"8\", \"node_type\": \"LoadImage\", \"executed\": [], \"exception_message\": \"[Errno 21] Is a directory: '/root/autodl-tmp/ComfyUI/input/'\\n\", \"exception_type\": \"av.error.IsADirectoryError\", \"traceback\": [\"  File \\\"/root/autodl-tmp/ComfyUI/execution.py\\\", line 542, in execute\\n    output_data, output_ui, has_subgraph, has_pending_tasks = await get_output_data(prompt_id, unique_id, obj, input_data_all, execution_block_cb=execution_block_cb, pre_execute_cb=pre_execute_cb, v3_data=v3_data)\\n\", \"  File \\\"/root/autodl-tmp/ComfyUI/execution.py\\\", line 341, in get_output_data\\n    return_values = await _async_map_node_over_list(prompt_id, unique_id, obj, input_data_all, obj.FUNCTION, allow_interrupt=True, execution_block_cb=execution_block_cb, pre_execute_cb=pre_execute_cb, v3_data=v3_data)\\n\", \"  File \\\"/root/autodl-tmp/ComfyUI/execution.py\\\", line 315, in _async_map_node_over_list\\n    await process_inputs(input_dict, i)\\n\", \"  File \\\"/root/autodl-tmp/ComfyUI/execution.py\\\", line 303, in process_inputs\\n    result = f(**inputs)\\n\", \"  File \\\"/root/autodl-tmp/ComfyUI/nodes.py\\\", line 1718, in load_image\\n    components = InputImpl.VideoFromFile(image_path).get_components()\\n\", \"  File \\\"/root/autodl-tmp/ComfyUI/comfy_api/latest/_input_impl/video_types.py\\\", line 370, in get_components\\n    with av.open(self.__file, mode='r') as container:\\n\", \"  File \\\"av/container/core.py\\\", line 555, in av.container.core.open\\n\", \"  File \\\"av/container/core.py\\\", line 344, in av.container.core.Container.__cinit__\\n\", \"  File \\\"av/container/core.py\\\", line 369, in av.container.core.Container.err_check\\n\", \"  File \\\"av/error.py\\\", line 411, in av.error.err_check\\n\"], \"current_inputs\": {\"image\": [\"\"]}, \"current_outputs\": [\"3\", \"5\", \"8\", \"1\", \"11\", \"15\", \"12\", \"2\", \"7\", \"9\", \"13\", \"14\", \"4\", \"6\", \"10\"], \"timestamp\": 1781840407422}]]}, \"meta\": {}}}"}
2026-06-19T03:45:58.535Z [WARN] [ComfyUI poll] 任务完成但未找到视频文件 {"outputs":"{}","video_gen_id":15}
2026-06-19T03:46:08.539Z [INFO] [ComfyUI poll] 查询history {"url":"http://localhost:18188/history/114ac47e-0e30-4824-976c-46819b2c19ab","video_gen_id":15}
2026-06-19T03:46:08.541Z [INFO] [poll] 发起查询 {"video_gen_id":15,"round":36,"url":"http://localhost:18188/history/114ac47e-0e30-4824-976c-46819b2c19ab"}
2026-06-19T03:46:08.591Z [INFO] [poll] 查询 HTTP 结果 {"video_gen_id":15,"round":36,"http_status":200,"bytes":4429,"body":"{\"114ac47e-0e30-4824-976c-46819b2c19ab\": {\"prompt\": [4, \"114ac47e-0e30-4824-976c-46819b2c19ab\", {\"1\": {\"class_type\": \"UNETLoader\", \"inputs\": {\"unet_name\": \"wan_fp8_scaled/I2V/Wan2_2-I2V-A14B-HIGH_fp8_e4m3fn_scaled_KJ.safetensors\", \"weight_dtype\": \"default\"}}, \"2\": {\"class_type\": \"UNETLoader\", \"inputs\": {\"unet_name\": \"wan_fp8_scaled/I2V/Wan2_2-I2V-A14B-LOW_fp8_e4m3fn_scaled_KJ.safetensors\", \"weight_dtype\": \"default\"}}, \"3\": {\"class_type\": \"CLIPLoader\", \"inputs\": {\"clip_name\": \"umt5_xxl_fp8_e4m3fn_scaled.safetensors\", \"type\": \"wan\"}}, \"4\": {\"class_type\": \"CLIPTextEncode\", \"inputs\": {\"text\": \"a young woman smiling gently, cinematic lighting, soft breeze in hair\", \"clip\": [\"3\", 0]}}, \"5\": {\"class_type\": \"CLIPTextEncode\", \"inputs\": {\"text\": \"low quality, blurry, distorted, bad anatomy, watermark, text, logo, nsfw\", \"clip\": [\"3\", 0]}}, \"6\": {\"class_type\": \"VAELoader\", \"inputs\": {\"vae_name\": \"wan_2.1_vae.safetensors\"}}, \"7\": {\"class_type\": \"CLIPVisionLoader\", \"inputs\": {\"clip_name\": \"clip_vision_h.safetensors\"}}, \"8\": {\"class_type\": \"LoadImage\", \"inputs\": {\"image\": \"\"}}, \"9\": {\"class_type\": \"CLIPVisionEncode\", \"inputs\": {\"clip_vision\": [\"7\", 0], \"image\": [\"8\", 0]}}, \"10\": {\"class_type\": \"Wan22ImageToVideoLatent\", \"inputs\": {\"vae\": [\"6\", 0], \"width\": 1280, \"height\": 720, \"length\": 50, \"batch_size\": 1, \"start_image\": [\"8\", 0]}}, \"11\": {\"class_type\": \"KSampler\", \"inputs\": {\"seed\": 954868916863, \"steps\": 20, \"cfg\": 3.0, \"sampler_name\": \"euler\", \"scheduler\": \"normal\", \"denoise\": 1.0, \"model\": [\"1\", 0], \"positive\": [\"4\", 0], \"negative\": [\"5\", 0], \"latent_image\": [\"10\", 0]}}, \"12\": {\"class_type\": \"KSampler\", \"inputs\": {\"seed\": 954868916863, \"steps\": 20, \"cfg\": 3.0, \"sampler_name\": \"euler\", \"scheduler\": \"normal\", \"denoise\": 1.0, \"model\": [\"2\", 0], \"positive\": [\"4\", 0], \"negative\": [\"5\", 0], \"latent_image\": [\"11\", 0]}}, \"13\": {\"class_type\": \"VAEDecode\", \"inputs\": {\"samples\": [\"12\", 0], \"vae\": [\"6\", 0]}}, \"14\": {\"class_type\": \"CreateVideo\", \"inputs\": {\"images\": [\"13\", 0], \"fps\": 25.0}}, \"15\": {\"class_type\": \"SaveVideo\", \"inputs\": {\"filename_prefix\": \"drama\", \"video\": [\"14\", 0], \"format\": \"auto\", \"codec\": \"auto\"}}}, {\"create_time\": 1781840407403}, [\"15\"]], \"outputs\": {}, \"status\": {\"status_str\": \"error\", \"completed\": false, \"messages\": [[\"execution_start\", {\"prompt_id\": \"114ac47e-0e30-4824-976c-46819b2c19ab\", \"timestamp\": 1781840407405}], [\"execution_cached\", {\"nodes\": [\"1\", \"2\", \"3\", \"6\"], \"prompt_id\": \"114ac47e-0e30-4824-976c-46819b2c19ab\", \"timestamp\": 1781840407416}], [\"execution_error\", {\"prompt_id\": \"114ac47e-0e30-4824-976c-46819b2c19ab\", \"node_id\": \"8\", \"node_type\": \"LoadImage\", \"executed\": [], \"exception_message\": \"[Errno 21] Is a directory: '/root/autodl-tmp/ComfyUI/input/'\\n\", \"exception_type\": \"av.error.IsADirectoryError\", \"traceback\": [\"  File \\\"/root/autodl-tmp/ComfyUI/execution.py\\\", line 542, in execute\\n    output_data, output_ui, has_subgraph, has_pending_tasks = await get_output_data(prompt_id, unique_id, obj, input_data_all, execution_block_cb=execution_block_cb, pre_execute_cb=pre_execute_cb, v3_data=v3_data)\\n\", \"  File \\\"/root/autodl-tmp/ComfyUI/execution.py\\\", line 341, in get_output_data\\n    return_values = await _async_map_node_over_list(prompt_id, unique_id, obj, input_data_all, obj.FUNCTION, allow_interrupt=True, execution_block_cb=execution_block_cb, pre_execute_cb=pre_execute_cb, v3_data=v3_data)\\n\", \"  File \\\"/root/autodl-tmp/ComfyUI/execution.py\\\", line 315, in _async_map_node_over_list\\n    await process_inputs(input_dict, i)\\n\", \"  File \\\"/root/autodl-tmp/ComfyUI/execution.py\\\", line 303, in process_inputs\\n    result = f(**inputs)\\n\", \"  File \\\"/root/autodl-tmp/ComfyUI/nodes.py\\\", line 1718, in load_image\\n    components = InputImpl.VideoFromFile(image_path).get_components()\\n\", \"  File \\\"/root/autodl-tmp/ComfyUI/comfy_api/latest/_input_impl/video_types.py\\\", line 370, in get_components\\n    with av.open(self.__file, mode='r') as container:\\n\", \"  File \\\"av/container/core.py\\\", line 555, in av.container.core.open\\n\", \"  File \\\"av/container/core.py\\\", line 344, in av.container.core.Container.__cinit__\\n\", \"  File \\\"av/container/core.py\\\", line 369, in av.container.core.Container.err_check\\n\", \"  File \\\"av/error.py\\\", line 411, in av.error.err_check\\n\"], \"current_inputs\": {\"image\": [\"\"]}, \"current_outputs\": [\"3\", \"5\", \"8\", \"1\", \"11\", \"15\", \"12\", \"2\", \"7\", \"9\", \"13\", \"14\", \"4\", \"6\", \"10\"], \"timestamp\": 1781840407422}]]}, \"meta\": {}}}"}
2026-06-19T03:46:08.592Z [WARN] [ComfyUI poll] 任务完成但未找到视频文件 {"outputs":"{}","video_gen_id":15}
2026-06-19T03:46:18.596Z [INFO] [ComfyUI poll] 查询history {"url":"http://localhost:18188/history/114ac47e-0e30-4824-976c-46819b2c19ab","video_gen_id":15}
2026-06-19T03:46:18.601Z [INFO] [poll] 发起查询 {"video_gen_id":15,"round":37,"url":"http://localhost:18188/history/114ac47e-0e30-4824-976c-46819b2c19ab"}
2026-06-19T03:46:18.640Z [INFO] [poll] 查询 HTTP 结果 {"video_gen_id":15,"round":37,"http_status":200,"bytes":4429,"body":"{\"114ac47e-0e30-4824-976c-46819b2c19ab\": {\"prompt\": [4, \"114ac47e-0e30-4824-976c-46819b2c19ab\", {\"1\": {\"class_type\": \"UNETLoader\", \"inputs\": {\"unet_name\": \"wan_fp8_scaled/I2V/Wan2_2-I2V-A14B-HIGH_fp8_e4m3fn_scaled_KJ.safetensors\", \"weight_dtype\": \"default\"}}, \"2\": {\"class_type\": \"UNETLoader\", \"inputs\": {\"unet_name\": \"wan_fp8_scaled/I2V/Wan2_2-I2V-A14B-LOW_fp8_e4m3fn_scaled_KJ.safetensors\", \"weight_dtype\": \"default\"}}, \"3\": {\"class_type\": \"CLIPLoader\", \"inputs\": {\"clip_name\": \"umt5_xxl_fp8_e4m3fn_scaled.safetensors\", \"type\": \"wan\"}}, \"4\": {\"class_type\": \"CLIPTextEncode\", \"inputs\": {\"text\": \"a young woman smiling gently, cinematic lighting, soft breeze in hair\", \"clip\": [\"3\", 0]}}, \"5\": {\"class_type\": \"CLIPTextEncode\", \"inputs\": {\"text\": \"low quality, blurry, distorted, bad anatomy, watermark, text, logo, nsfw\", \"clip\": [\"3\", 0]}}, \"6\": {\"class_type\": \"VAELoader\", \"inputs\": {\"vae_name\": \"wan_2.1_vae.safetensors\"}}, \"7\": {\"class_type\": \"CLIPVisionLoader\", \"inputs\": {\"clip_name\": \"clip_vision_h.safetensors\"}}, \"8\": {\"class_type\": \"LoadImage\", \"inputs\": {\"image\": \"\"}}, \"9\": {\"class_type\": \"CLIPVisionEncode\", \"inputs\": {\"clip_vision\": [\"7\", 0], \"image\": [\"8\", 0]}}, \"10\": {\"class_type\": \"Wan22ImageToVideoLatent\", \"inputs\": {\"vae\": [\"6\", 0], \"width\": 1280, \"height\": 720, \"length\": 50, \"batch_size\": 1, \"start_image\": [\"8\", 0]}}, \"11\": {\"class_type\": \"KSampler\", \"inputs\": {\"seed\": 954868916863, \"steps\": 20, \"cfg\": 3.0, \"sampler_name\": \"euler\", \"scheduler\": \"normal\", \"denoise\": 1.0, \"model\": [\"1\", 0], \"positive\": [\"4\", 0], \"negative\": [\"5\", 0], \"latent_image\": [\"10\", 0]}}, \"12\": {\"class_type\": \"KSampler\", \"inputs\": {\"seed\": 954868916863, \"steps\": 20, \"cfg\": 3.0, \"sampler_name\": \"euler\", \"scheduler\": \"normal\", \"denoise\": 1.0, \"model\": [\"2\", 0], \"positive\": [\"4\", 0], \"negative\": [\"5\", 0], \"latent_image\": [\"11\", 0]}}, \"13\": {\"class_type\": \"VAEDecode\", \"inputs\": {\"samples\": [\"12\", 0], \"vae\": [\"6\", 0]}}, \"14\": {\"class_type\": \"CreateVideo\", \"inputs\": {\"images\": [\"13\", 0], \"fps\": 25.0}}, \"15\": {\"class_type\": \"SaveVideo\", \"inputs\": {\"filename_prefix\": \"drama\", \"video\": [\"14\", 0], \"format\": \"auto\", \"codec\": \"auto\"}}}, {\"create_time\": 1781840407403}, [\"15\"]], \"outputs\": {}, \"status\": {\"status_str\": \"error\", \"completed\": false, \"messages\": [[\"execution_start\", {\"prompt_id\": \"114ac47e-0e30-4824-976c-46819b2c19ab\", \"timestamp\": 1781840407405}], [\"execution_cached\", {\"nodes\": [\"1\", \"2\", \"3\", \"6\"], \"prompt_id\": \"114ac47e-0e30-4824-976c-46819b2c19ab\", \"timestamp\": 1781840407416}], [\"execution_error\", {\"prompt_id\": \"114ac47e-0e30-4824-976c-46819b2c19ab\", \"node_id\": \"8\", \"node_type\": \"LoadImage\", \"executed\": [], \"exception_message\": \"[Errno 21] Is a directory: '/root/autodl-tmp/ComfyUI/input/'\\n\", \"exception_type\": \"av.error.IsADirectoryError\", \"traceback\": [\"  File \\\"/root/autodl-tmp/ComfyUI/execution.py\\\", line 542, in execute\\n    output_data, output_ui, has_subgraph, has_pending_tasks = await get_output_data(prompt_id, unique_id, obj, input_data_all, execution_block_cb=execution_block_cb, pre_execute_cb=pre_execute_cb, v3_data=v3_data)\\n\", \"  File \\\"/root/autodl-tmp/ComfyUI/execution.py\\\", line 341, in get_output_data\\n    return_values = await _async_map_node_over_list(prompt_id, unique_id, obj, input_data_all, obj.FUNCTION, allow_interrupt=True, execution_block_cb=execution_block_cb, pre_execute_cb=pre_execute_cb, v3_data=v3_data)\\n\", \"  File \\\"/root/autodl-tmp/ComfyUI/execution.py\\\", line 315, in _async_map_node_over_list\\n    await process_inputs(input_dict, i)\\n\", \"  File \\\"/root/autodl-tmp/ComfyUI/execution.py\\\", line 303, in process_inputs\\n    result = f(**inputs)\\n\", \"  File \\\"/root/autodl-tmp/ComfyUI/nodes.py\\\", line 1718, in load_image\\n    components = InputImpl.VideoFromFile(image_path).get_components()\\n\", \"  File \\\"/root/autodl-tmp/ComfyUI/comfy_api/latest/_input_impl/video_types.py\\\", line 370, in get_components\\n    with av.open(self.__file, mode='r') as container:\\n\", \"  File \\\"av/container/core.py\\\", line 555, in av.container.core.open\\n\", \"  File \\\"av/container/core.py\\\", line 344, in av.container.core.Container.__cinit__\\n\", \"  File \\\"av/container/core.py\\\", line 369, in av.container.core.Container.err_check\\n\", \"  File \\\"av/error.py\\\", line 411, in av.error.err_check\\n\"], \"current_inputs\": {\"image\": [\"\"]}, \"current_outputs\": [\"3\", \"5\", \"8\", \"1\", \"11\", \"15\", \"12\", \"2\", \"7\", \"9\", \"13\", \"14\", \"4\", \"6\", \"10\"], \"timestamp\": 1781840407422}]]}, \"meta\": {}}}"}
2026-06-19T03:46:18.641Z [WARN] [ComfyUI poll] 任务完成但未找到视频文件 {"outputs":"{}","video_gen_id":15}
2026-06-19T03:46:28.643Z [INFO] [ComfyUI poll] 查询history {"url":"http://localhost:18188/history/114ac47e-0e30-4824-976c-46819b2c19ab","video_gen_id":15}
2026-06-19T03:46:28.644Z [INFO] [poll] 发起查询 {"video_gen_id":15,"round":38,"url":"http://localhost:18188/history/114ac47e-0e30-4824-976c-46819b2c19ab"}
2026-06-19T03:46:28.683Z [INFO] [poll] 查询 HTTP 结果 {"video_gen_id":15,"round":38,"http_status":200,"bytes":4429,"body":"{\"114ac47e-0e30-4824-976c-46819b2c19ab\": {\"prompt\": [4, \"114ac47e-0e30-4824-976c-46819b2c19ab\", {\"1\": {\"class_type\": \"UNETLoader\", \"inputs\": {\"unet_name\": \"wan_fp8_scaled/I2V/Wan2_2-I2V-A14B-HIGH_fp8_e4m3fn_scaled_KJ.safetensors\", \"weight_dtype\": \"default\"}}, \"2\": {\"class_type\": \"UNETLoader\", \"inputs\": {\"unet_name\": \"wan_fp8_scaled/I2V/Wan2_2-I2V-A14B-LOW_fp8_e4m3fn_scaled_KJ.safetensors\", \"weight_dtype\": \"default\"}}, \"3\": {\"class_type\": \"CLIPLoader\", \"inputs\": {\"clip_name\": \"umt5_xxl_fp8_e4m3fn_scaled.safetensors\", \"type\": \"wan\"}}, \"4\": {\"class_type\": \"CLIPTextEncode\", \"inputs\": {\"text\": \"a young woman smiling gently, cinematic lighting, soft breeze in hair\", \"clip\": [\"3\", 0]}}, \"5\": {\"class_type\": \"CLIPTextEncode\", \"inputs\": {\"text\": \"low quality, blurry, distorted, bad anatomy, watermark, text, logo, nsfw\", \"clip\": [\"3\", 0]}}, \"6\": {\"class_type\": \"VAELoader\", \"inputs\": {\"vae_name\": \"wan_2.1_vae.safetensors\"}}, \"7\": {\"class_type\": \"CLIPVisionLoader\", \"inputs\": {\"clip_name\": \"clip_vision_h.safetensors\"}}, \"8\": {\"class_type\": \"LoadImage\", \"inputs\": {\"image\": \"\"}}, \"9\": {\"class_type\": \"CLIPVisionEncode\", \"inputs\": {\"clip_vision\": [\"7\", 0], \"image\": [\"8\", 0]}}, \"10\": {\"class_type\": \"Wan22ImageToVideoLatent\", \"inputs\": {\"vae\": [\"6\", 0], \"width\": 1280, \"height\": 720, \"length\": 50, \"batch_size\": 1, \"start_image\": [\"8\", 0]}}, \"11\": {\"class_type\": \"KSampler\", \"inputs\": {\"seed\": 954868916863, \"steps\": 20, \"cfg\": 3.0, \"sampler_name\": \"euler\", \"scheduler\": \"normal\", \"denoise\": 1.0, \"model\": [\"1\", 0], \"positive\": [\"4\", 0], \"negative\": [\"5\", 0], \"latent_image\": [\"10\", 0]}}, \"12\": {\"class_type\": \"KSampler\", \"inputs\": {\"seed\": 954868916863, \"steps\": 20, \"cfg\": 3.0, \"sampler_name\": \"euler\", \"scheduler\": \"normal\", \"denoise\": 1.0, \"model\": [\"2\", 0], \"positive\": [\"4\", 0], \"negative\": [\"5\", 0], \"latent_image\": [\"11\", 0]}}, \"13\": {\"class_type\": \"VAEDecode\", \"inputs\": {\"samples\": [\"12\", 0], \"vae\": [\"6\", 0]}}, \"14\": {\"class_type\": \"CreateVideo\", \"inputs\": {\"images\": [\"13\", 0], \"fps\": 25.0}}, \"15\": {\"class_type\": \"SaveVideo\", \"inputs\": {\"filename_prefix\": \"drama\", \"video\": [\"14\", 0], \"format\": \"auto\", \"codec\": \"auto\"}}}, {\"create_time\": 1781840407403}, [\"15\"]], \"outputs\": {}, \"status\": {\"status_str\": \"error\", \"completed\": false, \"messages\": [[\"execution_start\", {\"prompt_id\": \"114ac47e-0e30-4824-976c-46819b2c19ab\", \"timestamp\": 1781840407405}], [\"execution_cached\", {\"nodes\": [\"1\", \"2\", \"3\", \"6\"], \"prompt_id\": \"114ac47e-0e30-4824-976c-46819b2c19ab\", \"timestamp\": 1781840407416}], [\"execution_error\", {\"prompt_id\": \"114ac47e-0e30-4824-976c-46819b2c19ab\", \"node_id\": \"8\", \"node_type\": \"LoadImage\", \"executed\": [], \"exception_message\": \"[Errno 21] Is a directory: '/root/autodl-tmp/ComfyUI/input/'\\n\", \"exception_type\": \"av.error.IsADirectoryError\", \"traceback\": [\"  File \\\"/root/autodl-tmp/ComfyUI/execution.py\\\", line 542, in execute\\n    output_data, output_ui, has_subgraph, has_pending_tasks = await get_output_data(prompt_id, unique_id, obj, input_data_all, execution_block_cb=execution_block_cb, pre_execute_cb=pre_execute_cb, v3_data=v3_data)\\n\", \"  File \\\"/root/autodl-tmp/ComfyUI/execution.py\\\", line 341, in get_output_data\\n    return_values = await _async_map_node_over_list(prompt_id, unique_id, obj, input_data_all, obj.FUNCTION, allow_interrupt=True, execution_block_cb=execution_block_cb, pre_execute_cb=pre_execute_cb, v3_data=v3_data)\\n\", \"  File \\\"/root/autodl-tmp/ComfyUI/execution.py\\\", line 315, in _async_map_node_over_list\\n    await process_inputs(input_dict, i)\\n\", \"  File \\\"/root/autodl-tmp/ComfyUI/execution.py\\\", line 303, in process_inputs\\n    result = f(**inputs)\\n\", \"  File \\\"/root/autodl-tmp/ComfyUI/nodes.py\\\", line 1718, in load_image\\n    components = InputImpl.VideoFromFile(image_path).get_components()\\n\", \"  File \\\"/root/autodl-tmp/ComfyUI/comfy_api/latest/_input_impl/video_types.py\\\", line 370, in get_components\\n    with av.open(self.__file, mode='r') as container:\\n\", \"  File \\\"av/container/core.py\\\", line 555, in av.container.core.open\\n\", \"  File \\\"av/container/core.py\\\", line 344, in av.container.core.Container.__cinit__\\n\", \"  File \\\"av/container/core.py\\\", line 369, in av.container.core.Container.err_check\\n\", \"  File \\\"av/error.py\\\", line 411, in av.error.err_check\\n\"], \"current_inputs\": {\"image\": [\"\"]}, \"current_outputs\": [\"3\", \"5\", \"8\", \"1\", \"11\", \"15\", \"12\", \"2\", \"7\", \"9\", \"13\", \"14\", \"4\", \"6\", \"10\"], \"timestamp\": 1781840407422}]]}, \"meta\": {}}}"}
2026-06-19T03:46:28.683Z [WARN] [ComfyUI poll] 任务完成但未找到视频文件 {"outputs":"{}","video_gen_id":15}
2026-06-19T03:46:38.692Z [INFO] [ComfyUI poll] 查询history {"url":"http://localhost:18188/history/114ac47e-0e30-4824-976c-46819b2c19ab","video_gen_id":15}
2026-06-19T03:46:38.693Z [INFO] [poll] 发起查询 {"video_gen_id":15,"round":39,"url":"http://localhost:18188/history/114ac47e-0e30-4824-976c-46819b2c19ab"}
2026-06-19T03:46:38.731Z [INFO] [poll] 查询 HTTP 结果 {"video_gen_id":15,"round":39,"http_status":200,"bytes":4429,"body":"{\"114ac47e-0e30-4824-976c-46819b2c19ab\": {\"prompt\": [4, \"114ac47e-0e30-4824-976c-46819b2c19ab\", {\"1\": {\"class_type\": \"UNETLoader\", \"inputs\": {\"unet_name\": \"wan_fp8_scaled/I2V/Wan2_2-I2V-A14B-HIGH_fp8_e4m3fn_scaled_KJ.safetensors\", \"weight_dtype\": \"default\"}}, \"2\": {\"class_type\": \"UNETLoader\", \"inputs\": {\"unet_name\": \"wan_fp8_scaled/I2V/Wan2_2-I2V-A14B-LOW_fp8_e4m3fn_scaled_KJ.safetensors\", \"weight_dtype\": \"default\"}}, \"3\": {\"class_type\": \"CLIPLoader\", \"inputs\": {\"clip_name\": \"umt5_xxl_fp8_e4m3fn_scaled.safetensors\", \"type\": \"wan\"}}, \"4\": {\"class_type\": \"CLIPTextEncode\", \"inputs\": {\"text\": \"a young woman smiling gently, cinematic lighting, soft breeze in hair\", \"clip\": [\"3\", 0]}}, \"5\": {\"class_type\": \"CLIPTextEncode\", \"inputs\": {\"text\": \"low quality, blurry, distorted, bad anatomy, watermark, text, logo, nsfw\", \"clip\": [\"3\", 0]}}, \"6\": {\"class_type\": \"VAELoader\", \"inputs\": {\"vae_name\": \"wan_2.1_vae.safetensors\"}}, \"7\": {\"class_type\": \"CLIPVisionLoader\", \"inputs\": {\"clip_name\": \"clip_vision_h.safetensors\"}}, \"8\": {\"class_type\": \"LoadImage\", \"inputs\": {\"image\": \"\"}}, \"9\": {\"class_type\": \"CLIPVisionEncode\", \"inputs\": {\"clip_vision\": [\"7\", 0], \"image\": [\"8\", 0]}}, \"10\": {\"class_type\": \"Wan22ImageToVideoLatent\", \"inputs\": {\"vae\": [\"6\", 0], \"width\": 1280, \"height\": 720, \"length\": 50, \"batch_size\": 1, \"start_image\": [\"8\", 0]}}, \"11\": {\"class_type\": \"KSampler\", \"inputs\": {\"seed\": 954868916863, \"steps\": 20, \"cfg\": 3.0, \"sampler_name\": \"euler\", \"scheduler\": \"normal\", \"denoise\": 1.0, \"model\": [\"1\", 0], \"positive\": [\"4\", 0], \"negative\": [\"5\", 0], \"latent_image\": [\"10\", 0]}}, \"12\": {\"class_type\": \"KSampler\", \"inputs\": {\"seed\": 954868916863, \"steps\": 20, \"cfg\": 3.0, \"sampler_name\": \"euler\", \"scheduler\": \"normal\", \"denoise\": 1.0, \"model\": [\"2\", 0], \"positive\": [\"4\", 0], \"negative\": [\"5\", 0], \"latent_image\": [\"11\", 0]}}, \"13\": {\"class_type\": \"VAEDecode\", \"inputs\": {\"samples\": [\"12\", 0], \"vae\": [\"6\", 0]}}, \"14\": {\"class_type\": \"CreateVideo\", \"inputs\": {\"images\": [\"13\", 0], \"fps\": 25.0}}, \"15\": {\"class_type\": \"SaveVideo\", \"inputs\": {\"filename_prefix\": \"drama\", \"video\": [\"14\", 0], \"format\": \"auto\", \"codec\": \"auto\"}}}, {\"create_time\": 1781840407403}, [\"15\"]], \"outputs\": {}, \"status\": {\"status_str\": \"error\", \"completed\": false, \"messages\": [[\"execution_start\", {\"prompt_id\": \"114ac47e-0e30-4824-976c-46819b2c19ab\", \"timestamp\": 1781840407405}], [\"execution_cached\", {\"nodes\": [\"1\", \"2\", \"3\", \"6\"], \"prompt_id\": \"114ac47e-0e30-4824-976c-46819b2c19ab\", \"timestamp\": 1781840407416}], [\"execution_error\", {\"prompt_id\": \"114ac47e-0e30-4824-976c-46819b2c19ab\", \"node_id\": \"8\", \"node_type\": \"LoadImage\", \"executed\": [], \"exception_message\": \"[Errno 21] Is a directory: '/root/autodl-tmp/ComfyUI/input/'\\n\", \"exception_type\": \"av.error.IsADirectoryError\", \"traceback\": [\"  File \\\"/root/autodl-tmp/ComfyUI/execution.py\\\", line 542, in execute\\n    output_data, output_ui, has_subgraph, has_pending_tasks = await get_output_data(prompt_id, unique_id, obj, input_data_all, execution_block_cb=execution_block_cb, pre_execute_cb=pre_execute_cb, v3_data=v3_data)\\n\", \"  File \\\"/root/autodl-tmp/ComfyUI/execution.py\\\", line 341, in get_output_data\\n    return_values = await _async_map_node_over_list(prompt_id, unique_id, obj, input_data_all, obj.FUNCTION, allow_interrupt=True, execution_block_cb=execution_block_cb, pre_execute_cb=pre_execute_cb, v3_data=v3_data)\\n\", \"  File \\\"/root/autodl-tmp/ComfyUI/execution.py\\\", line 315, in _async_map_node_over_list\\n    await process_inputs(input_dict, i)\\n\", \"  File \\\"/root/autodl-tmp/ComfyUI/execution.py\\\", line 303, in process_inputs\\n    result = f(**inputs)\\n\", \"  File \\\"/root/autodl-tmp/ComfyUI/nodes.py\\\", line 1718, in load_image\\n    components = InputImpl.VideoFromFile(image_path).get_components()\\n\", \"  File \\\"/root/autodl-tmp/ComfyUI/comfy_api/latest/_input_impl/video_types.py\\\", line 370, in get_components\\n    with av.open(self.__file, mode='r') as container:\\n\", \"  File \\\"av/container/core.py\\\", line 555, in av.container.core.open\\n\", \"  File \\\"av/container/core.py\\\", line 344, in av.container.core.Container.__cinit__\\n\", \"  File \\\"av/container/core.py\\\", line 369, in av.container.core.Container.err_check\\n\", \"  File \\\"av/error.py\\\", line 411, in av.error.err_check\\n\"], \"current_inputs\": {\"image\": [\"\"]}, \"current_outputs\": [\"3\", \"5\", \"8\", \"1\", \"11\", \"15\", \"12\", \"2\", \"7\", \"9\", \"13\", \"14\", \"4\", \"6\", \"10\"], \"timestamp\": 1781840407422}]]}, \"meta\": {}}}"}
2026-06-19T03:46:38.731Z [WARN] [ComfyUI poll] 任务完成但未找到视频文件 {"outputs":"{}","video_gen_id":15}
2026-06-19T03:46:48.738Z [INFO] [ComfyUI poll] 查询history {"url":"http://localhost:18188/history/114ac47e-0e30-4824-976c-46819b2c19ab","video_gen_id":15}
2026-06-19T03:46:48.739Z [INFO] [poll] 发起查询 {"video_gen_id":15,"round":40,"url":"http://localhost:18188/history/114ac47e-0e30-4824-976c-46819b2c19ab"}
2026-06-19T03:46:48.773Z [INFO] [poll] 查询 HTTP 结果 {"video_gen_id":15,"round":40,"http_status":200,"bytes":4429,"body":"{\"114ac47e-0e30-4824-976c-46819b2c19ab\": {\"prompt\": [4, \"114ac47e-0e30-4824-976c-46819b2c19ab\", {\"1\": {\"class_type\": \"UNETLoader\", \"inputs\": {\"unet_name\": \"wan_fp8_scaled/I2V/Wan2_2-I2V-A14B-HIGH_fp8_e4m3fn_scaled_KJ.safetensors\", \"weight_dtype\": \"default\"}}, \"2\": {\"class_type\": \"UNETLoader\", \"inputs\": {\"unet_name\": \"wan_fp8_scaled/I2V/Wan2_2-I2V-A14B-LOW_fp8_e4m3fn_scaled_KJ.safetensors\", \"weight_dtype\": \"default\"}}, \"3\": {\"class_type\": \"CLIPLoader\", \"inputs\": {\"clip_name\": \"umt5_xxl_fp8_e4m3fn_scaled.safetensors\", \"type\": \"wan\"}}, \"4\": {\"class_type\": \"CLIPTextEncode\", \"inputs\": {\"text\": \"a young woman smiling gently, cinematic lighting, soft breeze in hair\", \"clip\": [\"3\", 0]}}, \"5\": {\"class_type\": \"CLIPTextEncode\", \"inputs\": {\"text\": \"low quality, blurry, distorted, bad anatomy, watermark, text, logo, nsfw\", \"clip\": [\"3\", 0]}}, \"6\": {\"class_type\": \"VAELoader\", \"inputs\": {\"vae_name\": \"wan_2.1_vae.safetensors\"}}, \"7\": {\"class_type\": \"CLIPVisionLoader\", \"inputs\": {\"clip_name\": \"clip_vision_h.safetensors\"}}, \"8\": {\"class_type\": \"LoadImage\", \"inputs\": {\"image\": \"\"}}, \"9\": {\"class_type\": \"CLIPVisionEncode\", \"inputs\": {\"clip_vision\": [\"7\", 0], \"image\": [\"8\", 0]}}, \"10\": {\"class_type\": \"Wan22ImageToVideoLatent\", \"inputs\": {\"vae\": [\"6\", 0], \"width\": 1280, \"height\": 720, \"length\": 50, \"batch_size\": 1, \"start_image\": [\"8\", 0]}}, \"11\": {\"class_type\": \"KSampler\", \"inputs\": {\"seed\": 954868916863, \"steps\": 20, \"cfg\": 3.0, \"sampler_name\": \"euler\", \"scheduler\": \"normal\", \"denoise\": 1.0, \"model\": [\"1\", 0], \"positive\": [\"4\", 0], \"negative\": [\"5\", 0], \"latent_image\": [\"10\", 0]}}, \"12\": {\"class_type\": \"KSampler\", \"inputs\": {\"seed\": 954868916863, \"steps\": 20, \"cfg\": 3.0, \"sampler_name\": \"euler\", \"scheduler\": \"normal\", \"denoise\": 1.0, \"model\": [\"2\", 0], \"positive\": [\"4\", 0], \"negative\": [\"5\", 0], \"latent_image\": [\"11\", 0]}}, \"13\": {\"class_type\": \"VAEDecode\", \"inputs\": {\"samples\": [\"12\", 0], \"vae\": [\"6\", 0]}}, \"14\": {\"class_type\": \"CreateVideo\", \"inputs\": {\"images\": [\"13\", 0], \"fps\": 25.0}}, \"15\": {\"class_type\": \"SaveVideo\", \"inputs\": {\"filename_prefix\": \"drama\", \"video\": [\"14\", 0], \"format\": \"auto\", \"codec\": \"auto\"}}}, {\"create_time\": 1781840407403}, [\"15\"]], \"outputs\": {}, \"status\": {\"status_str\": \"error\", \"completed\": false, \"messages\": [[\"execution_start\", {\"prompt_id\": \"114ac47e-0e30-4824-976c-46819b2c19ab\", \"timestamp\": 1781840407405}], [\"execution_cached\", {\"nodes\": [\"1\", \"2\", \"3\", \"6\"], \"prompt_id\": \"114ac47e-0e30-4824-976c-46819b2c19ab\", \"timestamp\": 1781840407416}], [\"execution_error\", {\"prompt_id\": \"114ac47e-0e30-4824-976c-46819b2c19ab\", \"node_id\": \"8\", \"node_type\": \"LoadImage\", \"executed\": [], \"exception_message\": \"[Errno 21] Is a directory: '/root/autodl-tmp/ComfyUI/input/'\\n\", \"exception_type\": \"av.error.IsADirectoryError\", \"traceback\": [\"  File \\\"/root/autodl-tmp/ComfyUI/execution.py\\\", line 542, in execute\\n    output_data, output_ui, has_subgraph, has_pending_tasks = await get_output_data(prompt_id, unique_id, obj, input_data_all, execution_block_cb=execution_block_cb, pre_execute_cb=pre_execute_cb, v3_data=v3_data)\\n\", \"  File \\\"/root/autodl-tmp/ComfyUI/execution.py\\\", line 341, in get_output_data\\n    return_values = await _async_map_node_over_list(prompt_id, unique_id, obj, input_data_all, obj.FUNCTION, allow_interrupt=True, execution_block_cb=execution_block_cb, pre_execute_cb=pre_execute_cb, v3_data=v3_data)\\n\", \"  File \\\"/root/autodl-tmp/ComfyUI/execution.py\\\", line 315, in _async_map_node_over_list\\n    await process_inputs(input_dict, i)\\n\", \"  File \\\"/root/autodl-tmp/ComfyUI/execution.py\\\", line 303, in process_inputs\\n    result = f(**inputs)\\n\", \"  File \\\"/root/autodl-tmp/ComfyUI/nodes.py\\\", line 1718, in load_image\\n    components = InputImpl.VideoFromFile(image_path).get_components()\\n\", \"  File \\\"/root/autodl-tmp/ComfyUI/comfy_api/latest/_input_impl/video_types.py\\\", line 370, in get_components\\n    with av.open(self.__file, mode='r') as container:\\n\", \"  File \\\"av/container/core.py\\\", line 555, in av.container.core.open\\n\", \"  File \\\"av/container/core.py\\\", line 344, in av.container.core.Container.__cinit__\\n\", \"  File \\\"av/container/core.py\\\", line 369, in av.container.core.Container.err_check\\n\", \"  File \\\"av/error.py\\\", line 411, in av.error.err_check\\n\"], \"current_inputs\": {\"image\": [\"\"]}, \"current_outputs\": [\"3\", \"5\", \"8\", \"1\", \"11\", \"15\", \"12\", \"2\", \"7\", \"9\", \"13\", \"14\", \"4\", \"6\", \"10\"], \"timestamp\": 1781840407422}]]}, \"meta\": {}}}"}
2026-06-19T03:46:48.773Z [WARN] [ComfyUI poll] 任务完成但未找到视频文件 {"outputs":"{}","video_gen_id":15}
2026-06-19T03:46:58.785Z [INFO] [ComfyUI poll] 查询history {"url":"http://localhost:18188/history/114ac47e-0e30-4824-976c-46819b2c19ab","video_gen_id":15}
2026-06-19T03:46:58.786Z [INFO] [poll] 发起查询 {"video_gen_id":15,"round":41,"url":"http://localhost:18188/history/114ac47e-0e30-4824-976c-46819b2c19ab"}
2026-06-19T03:46:58.824Z [INFO] [poll] 查询 HTTP 结果 {"video_gen_id":15,"round":41,"http_status":200,"bytes":4429,"body":"{\"114ac47e-0e30-4824-976c-46819b2c19ab\": {\"prompt\": [4, \"114ac47e-0e30-4824-976c-46819b2c19ab\", {\"1\": {\"class_type\": \"UNETLoader\", \"inputs\": {\"unet_name\": \"wan_fp8_scaled/I2V/Wan2_2-I2V-A14B-HIGH_fp8_e4m3fn_scaled_KJ.safetensors\", \"weight_dtype\": \"default\"}}, \"2\": {\"class_type\": \"UNETLoader\", \"inputs\": {\"unet_name\": \"wan_fp8_scaled/I2V/Wan2_2-I2V-A14B-LOW_fp8_e4m3fn_scaled_KJ.safetensors\", \"weight_dtype\": \"default\"}}, \"3\": {\"class_type\": \"CLIPLoader\", \"inputs\": {\"clip_name\": \"umt5_xxl_fp8_e4m3fn_scaled.safetensors\", \"type\": \"wan\"}}, \"4\": {\"class_type\": \"CLIPTextEncode\", \"inputs\": {\"text\": \"a young woman smiling gently, cinematic lighting, soft breeze in hair\", \"clip\": [\"3\", 0]}}, \"5\": {\"class_type\": \"CLIPTextEncode\", \"inputs\": {\"text\": \"low quality, blurry, distorted, bad anatomy, watermark, text, logo, nsfw\", \"clip\": [\"3\", 0]}}, \"6\": {\"class_type\": \"VAELoader\", \"inputs\": {\"vae_name\": \"wan_2.1_vae.safetensors\"}}, \"7\": {\"class_type\": \"CLIPVisionLoader\", \"inputs\": {\"clip_name\": \"clip_vision_h.safetensors\"}}, \"8\": {\"class_type\": \"LoadImage\", \"inputs\": {\"image\": \"\"}}, \"9\": {\"class_type\": \"CLIPVisionEncode\", \"inputs\": {\"clip_vision\": [\"7\", 0], \"image\": [\"8\", 0]}}, \"10\": {\"class_type\": \"Wan22ImageToVideoLatent\", \"inputs\": {\"vae\": [\"6\", 0], \"width\": 1280, \"height\": 720, \"length\": 50, \"batch_size\": 1, \"start_image\": [\"8\", 0]}}, \"11\": {\"class_type\": \"KSampler\", \"inputs\": {\"seed\": 954868916863, \"steps\": 20, \"cfg\": 3.0, \"sampler_name\": \"euler\", \"scheduler\": \"normal\", \"denoise\": 1.0, \"model\": [\"1\", 0], \"positive\": [\"4\", 0], \"negative\": [\"5\", 0], \"latent_image\": [\"10\", 0]}}, \"12\": {\"class_type\": \"KSampler\", \"inputs\": {\"seed\": 954868916863, \"steps\": 20, \"cfg\": 3.0, \"sampler_name\": \"euler\", \"scheduler\": \"normal\", \"denoise\": 1.0, \"model\": [\"2\", 0], \"positive\": [\"4\", 0], \"negative\": [\"5\", 0], \"latent_image\": [\"11\", 0]}}, \"13\": {\"class_type\": \"VAEDecode\", \"inputs\": {\"samples\": [\"12\", 0], \"vae\": [\"6\", 0]}}, \"14\": {\"class_type\": \"CreateVideo\", \"inputs\": {\"images\": [\"13\", 0], \"fps\": 25.0}}, \"15\": {\"class_type\": \"SaveVideo\", \"inputs\": {\"filename_prefix\": \"drama\", \"video\": [\"14\", 0], \"format\": \"auto\", \"codec\": \"auto\"}}}, {\"create_time\": 1781840407403}, [\"15\"]], \"outputs\": {}, \"status\": {\"status_str\": \"error\", \"completed\": false, \"messages\": [[\"execution_start\", {\"prompt_id\": \"114ac47e-0e30-4824-976c-46819b2c19ab\", \"timestamp\": 1781840407405}], [\"execution_cached\", {\"nodes\": [\"1\", \"2\", \"3\", \"6\"], \"prompt_id\": \"114ac47e-0e30-4824-976c-46819b2c19ab\", \"timestamp\": 1781840407416}], [\"execution_error\", {\"prompt_id\": \"114ac47e-0e30-4824-976c-46819b2c19ab\", \"node_id\": \"8\", \"node_type\": \"LoadImage\", \"executed\": [], \"exception_message\": \"[Errno 21] Is a directory: '/root/autodl-tmp/ComfyUI/input/'\\n\", \"exception_type\": \"av.error.IsADirectoryError\", \"traceback\": [\"  File \\\"/root/autodl-tmp/ComfyUI/execution.py\\\", line 542, in execute\\n    output_data, output_ui, has_subgraph, has_pending_tasks = await get_output_data(prompt_id, unique_id, obj, input_data_all, execution_block_cb=execution_block_cb, pre_execute_cb=pre_execute_cb, v3_data=v3_data)\\n\", \"  File \\\"/root/autodl-tmp/ComfyUI/execution.py\\\", line 341, in get_output_data\\n    return_values = await _async_map_node_over_list(prompt_id, unique_id, obj, input_data_all, obj.FUNCTION, allow_interrupt=True, execution_block_cb=execution_block_cb, pre_execute_cb=pre_execute_cb, v3_data=v3_data)\\n\", \"  File \\\"/root/autodl-tmp/ComfyUI/execution.py\\\", line 315, in _async_map_node_over_list\\n    await process_inputs(input_dict, i)\\n\", \"  File \\\"/root/autodl-tmp/ComfyUI/execution.py\\\", line 303, in process_inputs\\n    result = f(**inputs)\\n\", \"  File \\\"/root/autodl-tmp/ComfyUI/nodes.py\\\", line 1718, in load_image\\n    components = InputImpl.VideoFromFile(image_path).get_components()\\n\", \"  File \\\"/root/autodl-tmp/ComfyUI/comfy_api/latest/_input_impl/video_types.py\\\", line 370, in get_components\\n    with av.open(self.__file, mode='r') as container:\\n\", \"  File \\\"av/container/core.py\\\", line 555, in av.container.core.open\\n\", \"  File \\\"av/container/core.py\\\", line 344, in av.container.core.Container.__cinit__\\n\", \"  File \\\"av/container/core.py\\\", line 369, in av.container.core.Container.err_check\\n\", \"  File \\\"av/error.py\\\", line 411, in av.error.err_check\\n\"], \"current_inputs\": {\"image\": [\"\"]}, \"current_outputs\": [\"3\", \"5\", \"8\", \"1\", \"11\", \"15\", \"12\", \"2\", \"7\", \"9\", \"13\", \"14\", \"4\", \"6\", \"10\"], \"timestamp\": 1781840407422}]]}, \"meta\": {}}}"}
2026-06-19T03:46:58.824Z [WARN] [ComfyUI poll] 任务完成但未找到视频文件 {"outputs":"{}","video_gen_id":15}
2026-06-19T03:47:08.830Z [INFO] [ComfyUI poll] 查询history {"url":"http://localhost:18188/history/114ac47e-0e30-4824-976c-46819b2c19ab","video_gen_id":15}
2026-06-19T03:47:08.831Z [INFO] [poll] 发起查询 {"video_gen_id":15,"round":42,"url":"http://localhost:18188/history/114ac47e-0e30-4824-976c-46819b2c19ab"}
2026-06-19T03:47:08.868Z [INFO] [poll] 查询 HTTP 结果 {"video_gen_id":15,"round":42,"http_status":200,"bytes":4429,"body":"{\"114ac47e-0e30-4824-976c-46819b2c19ab\": {\"prompt\": [4, \"114ac47e-0e30-4824-976c-46819b2c19ab\", {\"1\": {\"class_type\": \"UNETLoader\", \"inputs\": {\"unet_name\": \"wan_fp8_scaled/I2V/Wan2_2-I2V-A14B-HIGH_fp8_e4m3fn_scaled_KJ.safetensors\", \"weight_dtype\": \"default\"}}, \"2\": {\"class_type\": \"UNETLoader\", \"inputs\": {\"unet_name\": \"wan_fp8_scaled/I2V/Wan2_2-I2V-A14B-LOW_fp8_e4m3fn_scaled_KJ.safetensors\", \"weight_dtype\": \"default\"}}, \"3\": {\"class_type\": \"CLIPLoader\", \"inputs\": {\"clip_name\": \"umt5_xxl_fp8_e4m3fn_scaled.safetensors\", \"type\": \"wan\"}}, \"4\": {\"class_type\": \"CLIPTextEncode\", \"inputs\": {\"text\": \"a young woman smiling gently, cinematic lighting, soft breeze in hair\", \"clip\": [\"3\", 0]}}, \"5\": {\"class_type\": \"CLIPTextEncode\", \"inputs\": {\"text\": \"low quality, blurry, distorted, bad anatomy, watermark, text, logo, nsfw\", \"clip\": [\"3\", 0]}}, \"6\": {\"class_type\": \"VAELoader\", \"inputs\": {\"vae_name\": \"wan_2.1_vae.safetensors\"}}, \"7\": {\"class_type\": \"CLIPVisionLoader\", \"inputs\": {\"clip_name\": \"clip_vision_h.safetensors\"}}, \"8\": {\"class_type\": \"LoadImage\", \"inputs\": {\"image\": \"\"}}, \"9\": {\"class_type\": \"CLIPVisionEncode\", \"inputs\": {\"clip_vision\": [\"7\", 0], \"image\": [\"8\", 0]}}, \"10\": {\"class_type\": \"Wan22ImageToVideoLatent\", \"inputs\": {\"vae\": [\"6\", 0], \"width\": 1280, \"height\": 720, \"length\": 50, \"batch_size\": 1, \"start_image\": [\"8\", 0]}}, \"11\": {\"class_type\": \"KSampler\", \"inputs\": {\"seed\": 954868916863, \"steps\": 20, \"cfg\": 3.0, \"sampler_name\": \"euler\", \"scheduler\": \"normal\", \"denoise\": 1.0, \"model\": [\"1\", 0], \"positive\": [\"4\", 0], \"negative\": [\"5\", 0], \"latent_image\": [\"10\", 0]}}, \"12\": {\"class_type\": \"KSampler\", \"inputs\": {\"seed\": 954868916863, \"steps\": 20, \"cfg\": 3.0, \"sampler_name\": \"euler\", \"scheduler\": \"normal\", \"denoise\": 1.0, \"model\": [\"2\", 0], \"positive\": [\"4\", 0], \"negative\": [\"5\", 0], \"latent_image\": [\"11\", 0]}}, \"13\": {\"class_type\": \"VAEDecode\", \"inputs\": {\"samples\": [\"12\", 0], \"vae\": [\"6\", 0]}}, \"14\": {\"class_type\": \"CreateVideo\", \"inputs\": {\"images\": [\"13\", 0], \"fps\": 25.0}}, \"15\": {\"class_type\": \"SaveVideo\", \"inputs\": {\"filename_prefix\": \"drama\", \"video\": [\"14\", 0], \"format\": \"auto\", \"codec\": \"auto\"}}}, {\"create_time\": 1781840407403}, [\"15\"]], \"outputs\": {}, \"status\": {\"status_str\": \"error\", \"completed\": false, \"messages\": [[\"execution_start\", {\"prompt_id\": \"114ac47e-0e30-4824-976c-46819b2c19ab\", \"timestamp\": 1781840407405}], [\"execution_cached\", {\"nodes\": [\"1\", \"2\", \"3\", \"6\"], \"prompt_id\": \"114ac47e-0e30-4824-976c-46819b2c19ab\", \"timestamp\": 1781840407416}], [\"execution_error\", {\"prompt_id\": \"114ac47e-0e30-4824-976c-46819b2c19ab\", \"node_id\": \"8\", \"node_type\": \"LoadImage\", \"executed\": [], \"exception_message\": \"[Errno 21] Is a directory: '/root/autodl-tmp/ComfyUI/input/'\\n\", \"exception_type\": \"av.error.IsADirectoryError\", \"traceback\": [\"  File \\\"/root/autodl-tmp/ComfyUI/execution.py\\\", line 542, in execute\\n    output_data, output_ui, has_subgraph, has_pending_tasks = await get_output_data(prompt_id, unique_id, obj, input_data_all, execution_block_cb=execution_block_cb, pre_execute_cb=pre_execute_cb, v3_data=v3_data)\\n\", \"  File \\\"/root/autodl-tmp/ComfyUI/execution.py\\\", line 341, in get_output_data\\n    return_values = await _async_map_node_over_list(prompt_id, unique_id, obj, input_data_all, obj.FUNCTION, allow_interrupt=True, execution_block_cb=execution_block_cb, pre_execute_cb=pre_execute_cb, v3_data=v3_data)\\n\", \"  File \\\"/root/autodl-tmp/ComfyUI/execution.py\\\", line 315, in _async_map_node_over_list\\n    await process_inputs(input_dict, i)\\n\", \"  File \\\"/root/autodl-tmp/ComfyUI/execution.py\\\", line 303, in process_inputs\\n    result = f(**inputs)\\n\", \"  File \\\"/root/autodl-tmp/ComfyUI/nodes.py\\\", line 1718, in load_image\\n    components = InputImpl.VideoFromFile(image_path).get_components()\\n\", \"  File \\\"/root/autodl-tmp/ComfyUI/comfy_api/latest/_input_impl/video_types.py\\\", line 370, in get_components\\n    with av.open(self.__file, mode='r') as container:\\n\", \"  File \\\"av/container/core.py\\\", line 555, in av.container.core.open\\n\", \"  File \\\"av/container/core.py\\\", line 344, in av.container.core.Container.__cinit__\\n\", \"  File \\\"av/container/core.py\\\", line 369, in av.container.core.Container.err_check\\n\", \"  File \\\"av/error.py\\\", line 411, in av.error.err_check\\n\"], \"current_inputs\": {\"image\": [\"\"]}, \"current_outputs\": [\"3\", \"5\", \"8\", \"1\", \"11\", \"15\", \"12\", \"2\", \"7\", \"9\", \"13\", \"14\", \"4\", \"6\", \"10\"], \"timestamp\": 1781840407422}]]}, \"meta\": {}}}"}
2026-06-19T03:47:08.869Z [WARN] [ComfyUI poll] 任务完成但未找到视频文件 {"outputs":"{}","video_gen_id":15}
2026-06-19T03:47:18.877Z [INFO] [ComfyUI poll] 查询history {"url":"http://localhost:18188/history/114ac47e-0e30-4824-976c-46819b2c19ab","video_gen_id":15}
2026-06-19T03:47:18.878Z [INFO] [poll] 发起查询 {"video_gen_id":15,"round":43,"url":"http://localhost:18188/history/114ac47e-0e30-4824-976c-46819b2c19ab"}
2026-06-19T03:47:18.915Z [INFO] [poll] 查询 HTTP 结果 {"video_gen_id":15,"round":43,"http_status":200,"bytes":4429,"body":"{\"114ac47e-0e30-4824-976c-46819b2c19ab\": {\"prompt\": [4, \"114ac47e-0e30-4824-976c-46819b2c19ab\", {\"1\": {\"class_type\": \"UNETLoader\", \"inputs\": {\"unet_name\": \"wan_fp8_scaled/I2V/Wan2_2-I2V-A14B-HIGH_fp8_e4m3fn_scaled_KJ.safetensors\", \"weight_dtype\": \"default\"}}, \"2\": {\"class_type\": \"UNETLoader\", \"inputs\": {\"unet_name\": \"wan_fp8_scaled/I2V/Wan2_2-I2V-A14B-LOW_fp8_e4m3fn_scaled_KJ.safetensors\", \"weight_dtype\": \"default\"}}, \"3\": {\"class_type\": \"CLIPLoader\", \"inputs\": {\"clip_name\": \"umt5_xxl_fp8_e4m3fn_scaled.safetensors\", \"type\": \"wan\"}}, \"4\": {\"class_type\": \"CLIPTextEncode\", \"inputs\": {\"text\": \"a young woman smiling gently, cinematic lighting, soft breeze in hair\", \"clip\": [\"3\", 0]}}, \"5\": {\"class_type\": \"CLIPTextEncode\", \"inputs\": {\"text\": \"low quality, blurry, distorted, bad anatomy, watermark, text, logo, nsfw\", \"clip\": [\"3\", 0]}}, \"6\": {\"class_type\": \"VAELoader\", \"inputs\": {\"vae_name\": \"wan_2.1_vae.safetensors\"}}, \"7\": {\"class_type\": \"CLIPVisionLoader\", \"inputs\": {\"clip_name\": \"clip_vision_h.safetensors\"}}, \"8\": {\"class_type\": \"LoadImage\", \"inputs\": {\"image\": \"\"}}, \"9\": {\"class_type\": \"CLIPVisionEncode\", \"inputs\": {\"clip_vision\": [\"7\", 0], \"image\": [\"8\", 0]}}, \"10\": {\"class_type\": \"Wan22ImageToVideoLatent\", \"inputs\": {\"vae\": [\"6\", 0], \"width\": 1280, \"height\": 720, \"length\": 50, \"batch_size\": 1, \"start_image\": [\"8\", 0]}}, \"11\": {\"class_type\": \"KSampler\", \"inputs\": {\"seed\": 954868916863, \"steps\": 20, \"cfg\": 3.0, \"sampler_name\": \"euler\", \"scheduler\": \"normal\", \"denoise\": 1.0, \"model\": [\"1\", 0], \"positive\": [\"4\", 0], \"negative\": [\"5\", 0], \"latent_image\": [\"10\", 0]}}, \"12\": {\"class_type\": \"KSampler\", \"inputs\": {\"seed\": 954868916863, \"steps\": 20, \"cfg\": 3.0, \"sampler_name\": \"euler\", \"scheduler\": \"normal\", \"denoise\": 1.0, \"model\": [\"2\", 0], \"positive\": [\"4\", 0], \"negative\": [\"5\", 0], \"latent_image\": [\"11\", 0]}}, \"13\": {\"class_type\": \"VAEDecode\", \"inputs\": {\"samples\": [\"12\", 0], \"vae\": [\"6\", 0]}}, \"14\": {\"class_type\": \"CreateVideo\", \"inputs\": {\"images\": [\"13\", 0], \"fps\": 25.0}}, \"15\": {\"class_type\": \"SaveVideo\", \"inputs\": {\"filename_prefix\": \"drama\", \"video\": [\"14\", 0], \"format\": \"auto\", \"codec\": \"auto\"}}}, {\"create_time\": 1781840407403}, [\"15\"]], \"outputs\": {}, \"status\": {\"status_str\": \"error\", \"completed\": false, \"messages\": [[\"execution_start\", {\"prompt_id\": \"114ac47e-0e30-4824-976c-46819b2c19ab\", \"timestamp\": 1781840407405}], [\"execution_cached\", {\"nodes\": [\"1\", \"2\", \"3\", \"6\"], \"prompt_id\": \"114ac47e-0e30-4824-976c-46819b2c19ab\", \"timestamp\": 1781840407416}], [\"execution_error\", {\"prompt_id\": \"114ac47e-0e30-4824-976c-46819b2c19ab\", \"node_id\": \"8\", \"node_type\": \"LoadImage\", \"executed\": [], \"exception_message\": \"[Errno 21] Is a directory: '/root/autodl-tmp/ComfyUI/input/'\\n\", \"exception_type\": \"av.error.IsADirectoryError\", \"traceback\": [\"  File \\\"/root/autodl-tmp/ComfyUI/execution.py\\\", line 542, in execute\\n    output_data, output_ui, has_subgraph, has_pending_tasks = await get_output_data(prompt_id, unique_id, obj, input_data_all, execution_block_cb=execution_block_cb, pre_execute_cb=pre_execute_cb, v3_data=v3_data)\\n\", \"  File \\\"/root/autodl-tmp/ComfyUI/execution.py\\\", line 341, in get_output_data\\n    return_values = await _async_map_node_over_list(prompt_id, unique_id, obj, input_data_all, obj.FUNCTION, allow_interrupt=True, execution_block_cb=execution_block_cb, pre_execute_cb=pre_execute_cb, v3_data=v3_data)\\n\", \"  File \\\"/root/autodl-tmp/ComfyUI/execution.py\\\", line 315, in _async_map_node_over_list\\n    await process_inputs(input_dict, i)\\n\", \"  File \\\"/root/autodl-tmp/ComfyUI/execution.py\\\", line 303, in process_inputs\\n    result = f(**inputs)\\n\", \"  File \\\"/root/autodl-tmp/ComfyUI/nodes.py\\\", line 1718, in load_image\\n    components = InputImpl.VideoFromFile(image_path).get_components()\\n\", \"  File \\\"/root/autodl-tmp/ComfyUI/comfy_api/latest/_input_impl/video_types.py\\\", line 370, in get_components\\n    with av.open(self.__file, mode='r') as container:\\n\", \"  File \\\"av/container/core.py\\\", line 555, in av.container.core.open\\n\", \"  File \\\"av/container/core.py\\\", line 344, in av.container.core.Container.__cinit__\\n\", \"  File \\\"av/container/core.py\\\", line 369, in av.container.core.Container.err_check\\n\", \"  File \\\"av/error.py\\\", line 411, in av.error.err_check\\n\"], \"current_inputs\": {\"image\": [\"\"]}, \"current_outputs\": [\"3\", \"5\", \"8\", \"1\", \"11\", \"15\", \"12\", \"2\", \"7\", \"9\", \"13\", \"14\", \"4\", \"6\", \"10\"], \"timestamp\": 1781840407422}]]}, \"meta\": {}}}"}
2026-06-19T03:47:18.916Z [WARN] [ComfyUI poll] 任务完成但未找到视频文件 {"outputs":"{}","video_gen_id":15}
2026-06-19T03:47:28.922Z [INFO] [ComfyUI poll] 查询history {"url":"http://localhost:18188/history/114ac47e-0e30-4824-976c-46819b2c19ab","video_gen_id":15}
2026-06-19T03:47:28.924Z [INFO] [poll] 发起查询 {"video_gen_id":15,"round":44,"url":"http://localhost:18188/history/114ac47e-0e30-4824-976c-46819b2c19ab"}
2026-06-19T03:47:28.961Z [INFO] [poll] 查询 HTTP 结果 {"video_gen_id":15,"round":44,"http_status":200,"bytes":4429,"body":"{\"114ac47e-0e30-4824-976c-46819b2c19ab\": {\"prompt\": [4, \"114ac47e-0e30-4824-976c-46819b2c19ab\", {\"1\": {\"class_type\": \"UNETLoader\", \"inputs\": {\"unet_name\": \"wan_fp8_scaled/I2V/Wan2_2-I2V-A14B-HIGH_fp8_e4m3fn_scaled_KJ.safetensors\", \"weight_dtype\": \"default\"}}, \"2\": {\"class_type\": \"UNETLoader\", \"inputs\": {\"unet_name\": \"wan_fp8_scaled/I2V/Wan2_2-I2V-A14B-LOW_fp8_e4m3fn_scaled_KJ.safetensors\", \"weight_dtype\": \"default\"}}, \"3\": {\"class_type\": \"CLIPLoader\", \"inputs\": {\"clip_name\": \"umt5_xxl_fp8_e4m3fn_scaled.safetensors\", \"type\": \"wan\"}}, \"4\": {\"class_type\": \"CLIPTextEncode\", \"inputs\": {\"text\": \"a young woman smiling gently, cinematic lighting, soft breeze in hair\", \"clip\": [\"3\", 0]}}, \"5\": {\"class_type\": \"CLIPTextEncode\", \"inputs\": {\"text\": \"low quality, blurry, distorted, bad anatomy, watermark, text, logo, nsfw\", \"clip\": [\"3\", 0]}}, \"6\": {\"class_type\": \"VAELoader\", \"inputs\": {\"vae_name\": \"wan_2.1_vae.safetensors\"}}, \"7\": {\"class_type\": \"CLIPVisionLoader\", \"inputs\": {\"clip_name\": \"clip_vision_h.safetensors\"}}, \"8\": {\"class_type\": \"LoadImage\", \"inputs\": {\"image\": \"\"}}, \"9\": {\"class_type\": \"CLIPVisionEncode\", \"inputs\": {\"clip_vision\": [\"7\", 0], \"image\": [\"8\", 0]}}, \"10\": {\"class_type\": \"Wan22ImageToVideoLatent\", \"inputs\": {\"vae\": [\"6\", 0], \"width\": 1280, \"height\": 720, \"length\": 50, \"batch_size\": 1, \"start_image\": [\"8\", 0]}}, \"11\": {\"class_type\": \"KSampler\", \"inputs\": {\"seed\": 954868916863, \"steps\": 20, \"cfg\": 3.0, \"sampler_name\": \"euler\", \"scheduler\": \"normal\", \"denoise\": 1.0, \"model\": [\"1\", 0], \"positive\": [\"4\", 0], \"negative\": [\"5\", 0], \"latent_image\": [\"10\", 0]}}, \"12\": {\"class_type\": \"KSampler\", \"inputs\": {\"seed\": 954868916863, \"steps\": 20, \"cfg\": 3.0, \"sampler_name\": \"euler\", \"scheduler\": \"normal\", \"denoise\": 1.0, \"model\": [\"2\", 0], \"positive\": [\"4\", 0], \"negative\": [\"5\", 0], \"latent_image\": [\"11\", 0]}}, \"13\": {\"class_type\": \"VAEDecode\", \"inputs\": {\"samples\": [\"12\", 0], \"vae\": [\"6\", 0]}}, \"14\": {\"class_type\": \"CreateVideo\", \"inputs\": {\"images\": [\"13\", 0], \"fps\": 25.0}}, \"15\": {\"class_type\": \"SaveVideo\", \"inputs\": {\"filename_prefix\": \"drama\", \"video\": [\"14\", 0], \"format\": \"auto\", \"codec\": \"auto\"}}}, {\"create_time\": 1781840407403}, [\"15\"]], \"outputs\": {}, \"status\": {\"status_str\": \"error\", \"completed\": false, \"messages\": [[\"execution_start\", {\"prompt_id\": \"114ac47e-0e30-4824-976c-46819b2c19ab\", \"timestamp\": 1781840407405}], [\"execution_cached\", {\"nodes\": [\"1\", \"2\", \"3\", \"6\"], \"prompt_id\": \"114ac47e-0e30-4824-976c-46819b2c19ab\", \"timestamp\": 1781840407416}], [\"execution_error\", {\"prompt_id\": \"114ac47e-0e30-4824-976c-46819b2c19ab\", \"node_id\": \"8\", \"node_type\": \"LoadImage\", \"executed\": [], \"exception_message\": \"[Errno 21] Is a directory: '/root/autodl-tmp/ComfyUI/input/'\\n\", \"exception_type\": \"av.error.IsADirectoryError\", \"traceback\": [\"  File \\\"/root/autodl-tmp/ComfyUI/execution.py\\\", line 542, in execute\\n    output_data, output_ui, has_subgraph, has_pending_tasks = await get_output_data(prompt_id, unique_id, obj, input_data_all, execution_block_cb=execution_block_cb, pre_execute_cb=pre_execute_cb, v3_data=v3_data)\\n\", \"  File \\\"/root/autodl-tmp/ComfyUI/execution.py\\\", line 341, in get_output_data\\n    return_values = await _async_map_node_over_list(prompt_id, unique_id, obj, input_data_all, obj.FUNCTION, allow_interrupt=True, execution_block_cb=execution_block_cb, pre_execute_cb=pre_execute_cb, v3_data=v3_data)\\n\", \"  File \\\"/root/autodl-tmp/ComfyUI/execution.py\\\", line 315, in _async_map_node_over_list\\n    await process_inputs(input_dict, i)\\n\", \"  File \\\"/root/autodl-tmp/ComfyUI/execution.py\\\", line 303, in process_inputs\\n    result = f(**inputs)\\n\", \"  File \\\"/root/autodl-tmp/ComfyUI/nodes.py\\\", line 1718, in load_image\\n    components = InputImpl.VideoFromFile(image_path).get_components()\\n\", \"  File \\\"/root/autodl-tmp/ComfyUI/comfy_api/latest/_input_impl/video_types.py\\\", line 370, in get_components\\n    with av.open(self.__file, mode='r') as container:\\n\", \"  File \\\"av/container/core.py\\\", line 555, in av.container.core.open\\n\", \"  File \\\"av/container/core.py\\\", line 344, in av.container.core.Container.__cinit__\\n\", \"  File \\\"av/container/core.py\\\", line 369, in av.container.core.Container.err_check\\n\", \"  File \\\"av/error.py\\\", line 411, in av.error.err_check\\n\"], \"current_inputs\": {\"image\": [\"\"]}, \"current_outputs\": [\"3\", \"5\", \"8\", \"1\", \"11\", \"15\", \"12\", \"2\", \"7\", \"9\", \"13\", \"14\", \"4\", \"6\", \"10\"], \"timestamp\": 1781840407422}]]}, \"meta\": {}}}"}
2026-06-19T03:47:28.962Z [WARN] [ComfyUI poll] 任务完成但未找到视频文件 {"outputs":"{}","video_gen_id":15}
2026-06-19T03:47:38.972Z [INFO] [ComfyUI poll] 查询history {"url":"http://localhost:18188/history/114ac47e-0e30-4824-976c-46819b2c19ab","video_gen_id":15}
2026-06-19T03:47:38.977Z [INFO] [poll] 发起查询 {"video_gen_id":15,"round":45,"url":"http://localhost:18188/history/114ac47e-0e30-4824-976c-46819b2c19ab"}
2026-06-19T03:47:39.059Z [INFO] [poll] 查询 HTTP 结果 {"video_gen_id":15,"round":45,"http_status":200,"bytes":4429,"body":"{\"114ac47e-0e30-4824-976c-46819b2c19ab\": {\"prompt\": [4, \"114ac47e-0e30-4824-976c-46819b2c19ab\", {\"1\": {\"class_type\": \"UNETLoader\", \"inputs\": {\"unet_name\": \"wan_fp8_scaled/I2V/Wan2_2-I2V-A14B-HIGH_fp8_e4m3fn_scaled_KJ.safetensors\", \"weight_dtype\": \"default\"}}, \"2\": {\"class_type\": \"UNETLoader\", \"inputs\": {\"unet_name\": \"wan_fp8_scaled/I2V/Wan2_2-I2V-A14B-LOW_fp8_e4m3fn_scaled_KJ.safetensors\", \"weight_dtype\": \"default\"}}, \"3\": {\"class_type\": \"CLIPLoader\", \"inputs\": {\"clip_name\": \"umt5_xxl_fp8_e4m3fn_scaled.safetensors\", \"type\": \"wan\"}}, \"4\": {\"class_type\": \"CLIPTextEncode\", \"inputs\": {\"text\": \"a young woman smiling gently, cinematic lighting, soft breeze in hair\", \"clip\": [\"3\", 0]}}, \"5\": {\"class_type\": \"CLIPTextEncode\", \"inputs\": {\"text\": \"low quality, blurry, distorted, bad anatomy, watermark, text, logo, nsfw\", \"clip\": [\"3\", 0]}}, \"6\": {\"class_type\": \"VAELoader\", \"inputs\": {\"vae_name\": \"wan_2.1_vae.safetensors\"}}, \"7\": {\"class_type\": \"CLIPVisionLoader\", \"inputs\": {\"clip_name\": \"clip_vision_h.safetensors\"}}, \"8\": {\"class_type\": \"LoadImage\", \"inputs\": {\"image\": \"\"}}, \"9\": {\"class_type\": \"CLIPVisionEncode\", \"inputs\": {\"clip_vision\": [\"7\", 0], \"image\": [\"8\", 0]}}, \"10\": {\"class_type\": \"Wan22ImageToVideoLatent\", \"inputs\": {\"vae\": [\"6\", 0], \"width\": 1280, \"height\": 720, \"length\": 50, \"batch_size\": 1, \"start_image\": [\"8\", 0]}}, \"11\": {\"class_type\": \"KSampler\", \"inputs\": {\"seed\": 954868916863, \"steps\": 20, \"cfg\": 3.0, \"sampler_name\": \"euler\", \"scheduler\": \"normal\", \"denoise\": 1.0, \"model\": [\"1\", 0], \"positive\": [\"4\", 0], \"negative\": [\"5\", 0], \"latent_image\": [\"10\", 0]}}, \"12\": {\"class_type\": \"KSampler\", \"inputs\": {\"seed\": 954868916863, \"steps\": 20, \"cfg\": 3.0, \"sampler_name\": \"euler\", \"scheduler\": \"normal\", \"denoise\": 1.0, \"model\": [\"2\", 0], \"positive\": [\"4\", 0], \"negative\": [\"5\", 0], \"latent_image\": [\"11\", 0]}}, \"13\": {\"class_type\": \"VAEDecode\", \"inputs\": {\"samples\": [\"12\", 0], \"vae\": [\"6\", 0]}}, \"14\": {\"class_type\": \"CreateVideo\", \"inputs\": {\"images\": [\"13\", 0], \"fps\": 25.0}}, \"15\": {\"class_type\": \"SaveVideo\", \"inputs\": {\"filename_prefix\": \"drama\", \"video\": [\"14\", 0], \"format\": \"auto\", \"codec\": \"auto\"}}}, {\"create_time\": 1781840407403}, [\"15\"]], \"outputs\": {}, \"status\": {\"status_str\": \"error\", \"completed\": false, \"messages\": [[\"execution_start\", {\"prompt_id\": \"114ac47e-0e30-4824-976c-46819b2c19ab\", \"timestamp\": 1781840407405}], [\"execution_cached\", {\"nodes\": [\"1\", \"2\", \"3\", \"6\"], \"prompt_id\": \"114ac47e-0e30-4824-976c-46819b2c19ab\", \"timestamp\": 1781840407416}], [\"execution_error\", {\"prompt_id\": \"114ac47e-0e30-4824-976c-46819b2c19ab\", \"node_id\": \"8\", \"node_type\": \"LoadImage\", \"executed\": [], \"exception_message\": \"[Errno 21] Is a directory: '/root/autodl-tmp/ComfyUI/input/'\\n\", \"exception_type\": \"av.error.IsADirectoryError\", \"traceback\": [\"  File \\\"/root/autodl-tmp/ComfyUI/execution.py\\\", line 542, in execute\\n    output_data, output_ui, has_subgraph, has_pending_tasks = await get_output_data(prompt_id, unique_id, obj, input_data_all, execution_block_cb=execution_block_cb, pre_execute_cb=pre_execute_cb, v3_data=v3_data)\\n\", \"  File \\\"/root/autodl-tmp/ComfyUI/execution.py\\\", line 341, in get_output_data\\n    return_values = await _async_map_node_over_list(prompt_id, unique_id, obj, input_data_all, obj.FUNCTION, allow_interrupt=True, execution_block_cb=execution_block_cb, pre_execute_cb=pre_execute_cb, v3_data=v3_data)\\n\", \"  File \\\"/root/autodl-tmp/ComfyUI/execution.py\\\", line 315, in _async_map_node_over_list\\n    await process_inputs(input_dict, i)\\n\", \"  File \\\"/root/autodl-tmp/ComfyUI/execution.py\\\", line 303, in process_inputs\\n    result = f(**inputs)\\n\", \"  File \\\"/root/autodl-tmp/ComfyUI/nodes.py\\\", line 1718, in load_image\\n    components = InputImpl.VideoFromFile(image_path).get_components()\\n\", \"  File \\\"/root/autodl-tmp/ComfyUI/comfy_api/latest/_input_impl/video_types.py\\\", line 370, in get_components\\n    with av.open(self.__file, mode='r') as container:\\n\", \"  File \\\"av/container/core.py\\\", line 555, in av.container.core.open\\n\", \"  File \\\"av/container/core.py\\\", line 344, in av.container.core.Container.__cinit__\\n\", \"  File \\\"av/container/core.py\\\", line 369, in av.container.core.Container.err_check\\n\", \"  File \\\"av/error.py\\\", line 411, in av.error.err_check\\n\"], \"current_inputs\": {\"image\": [\"\"]}, \"current_outputs\": [\"3\", \"5\", \"8\", \"1\", \"11\", \"15\", \"12\", \"2\", \"7\", \"9\", \"13\", \"14\", \"4\", \"6\", \"10\"], \"timestamp\": 1781840407422}]]}, \"meta\": {}}}"}
2026-06-19T03:47:39.060Z [WARN] [ComfyUI poll] 任务完成但未找到视频文件 {"outputs":"{}","video_gen_id":15}
2026-06-19T03:47:49.061Z [INFO] [ComfyUI poll] 查询history {"url":"http://localhost:18188/history/114ac47e-0e30-4824-976c-46819b2c19ab","video_gen_id":15}
2026-06-19T03:47:49.062Z [INFO] [poll] 发起查询 {"video_gen_id":15,"round":46,"url":"http://localhost:18188/history/114ac47e-0e30-4824-976c-46819b2c19ab"}
2026-06-19T03:47:49.100Z [INFO] [poll] 查询 HTTP 结果 {"video_gen_id":15,"round":46,"http_status":200,"bytes":4429,"body":"{\"114ac47e-0e30-4824-976c-46819b2c19ab\": {\"prompt\": [4, \"114ac47e-0e30-4824-976c-46819b2c19ab\", {\"1\": {\"class_type\": \"UNETLoader\", \"inputs\": {\"unet_name\": \"wan_fp8_scaled/I2V/Wan2_2-I2V-A14B-HIGH_fp8_e4m3fn_scaled_KJ.safetensors\", \"weight_dtype\": \"default\"}}, \"2\": {\"class_type\": \"UNETLoader\", \"inputs\": {\"unet_name\": \"wan_fp8_scaled/I2V/Wan2_2-I2V-A14B-LOW_fp8_e4m3fn_scaled_KJ.safetensors\", \"weight_dtype\": \"default\"}}, \"3\": {\"class_type\": \"CLIPLoader\", \"inputs\": {\"clip_name\": \"umt5_xxl_fp8_e4m3fn_scaled.safetensors\", \"type\": \"wan\"}}, \"4\": {\"class_type\": \"CLIPTextEncode\", \"inputs\": {\"text\": \"a young woman smiling gently, cinematic lighting, soft breeze in hair\", \"clip\": [\"3\", 0]}}, \"5\": {\"class_type\": \"CLIPTextEncode\", \"inputs\": {\"text\": \"low quality, blurry, distorted, bad anatomy, watermark, text, logo, nsfw\", \"clip\": [\"3\", 0]}}, \"6\": {\"class_type\": \"VAELoader\", \"inputs\": {\"vae_name\": \"wan_2.1_vae.safetensors\"}}, \"7\": {\"class_type\": \"CLIPVisionLoader\", \"inputs\": {\"clip_name\": \"clip_vision_h.safetensors\"}}, \"8\": {\"class_type\": \"LoadImage\", \"inputs\": {\"image\": \"\"}}, \"9\": {\"class_type\": \"CLIPVisionEncode\", \"inputs\": {\"clip_vision\": [\"7\", 0], \"image\": [\"8\", 0]}}, \"10\": {\"class_type\": \"Wan22ImageToVideoLatent\", \"inputs\": {\"vae\": [\"6\", 0], \"width\": 1280, \"height\": 720, \"length\": 50, \"batch_size\": 1, \"start_image\": [\"8\", 0]}}, \"11\": {\"class_type\": \"KSampler\", \"inputs\": {\"seed\": 954868916863, \"steps\": 20, \"cfg\": 3.0, \"sampler_name\": \"euler\", \"scheduler\": \"normal\", \"denoise\": 1.0, \"model\": [\"1\", 0], \"positive\": [\"4\", 0], \"negative\": [\"5\", 0], \"latent_image\": [\"10\", 0]}}, \"12\": {\"class_type\": \"KSampler\", \"inputs\": {\"seed\": 954868916863, \"steps\": 20, \"cfg\": 3.0, \"sampler_name\": \"euler\", \"scheduler\": \"normal\", \"denoise\": 1.0, \"model\": [\"2\", 0], \"positive\": [\"4\", 0], \"negative\": [\"5\", 0], \"latent_image\": [\"11\", 0]}}, \"13\": {\"class_type\": \"VAEDecode\", \"inputs\": {\"samples\": [\"12\", 0], \"vae\": [\"6\", 0]}}, \"14\": {\"class_type\": \"CreateVideo\", \"inputs\": {\"images\": [\"13\", 0], \"fps\": 25.0}}, \"15\": {\"class_type\": \"SaveVideo\", \"inputs\": {\"filename_prefix\": \"drama\", \"video\": [\"14\", 0], \"format\": \"auto\", \"codec\": \"auto\"}}}, {\"create_time\": 1781840407403}, [\"15\"]], \"outputs\": {}, \"status\": {\"status_str\": \"error\", \"completed\": false, \"messages\": [[\"execution_start\", {\"prompt_id\": \"114ac47e-0e30-4824-976c-46819b2c19ab\", \"timestamp\": 1781840407405}], [\"execution_cached\", {\"nodes\": [\"1\", \"2\", \"3\", \"6\"], \"prompt_id\": \"114ac47e-0e30-4824-976c-46819b2c19ab\", \"timestamp\": 1781840407416}], [\"execution_error\", {\"prompt_id\": \"114ac47e-0e30-4824-976c-46819b2c19ab\", \"node_id\": \"8\", \"node_type\": \"LoadImage\", \"executed\": [], \"exception_message\": \"[Errno 21] Is a directory: '/root/autodl-tmp/ComfyUI/input/'\\n\", \"exception_type\": \"av.error.IsADirectoryError\", \"traceback\": [\"  File \\\"/root/autodl-tmp/ComfyUI/execution.py\\\", line 542, in execute\\n    output_data, output_ui, has_subgraph, has_pending_tasks = await get_output_data(prompt_id, unique_id, obj, input_data_all, execution_block_cb=execution_block_cb, pre_execute_cb=pre_execute_cb, v3_data=v3_data)\\n\", \"  File \\\"/root/autodl-tmp/ComfyUI/execution.py\\\", line 341, in get_output_data\\n    return_values = await _async_map_node_over_list(prompt_id, unique_id, obj, input_data_all, obj.FUNCTION, allow_interrupt=True, execution_block_cb=execution_block_cb, pre_execute_cb=pre_execute_cb, v3_data=v3_data)\\n\", \"  File \\\"/root/autodl-tmp/ComfyUI/execution.py\\\", line 315, in _async_map_node_over_list\\n    await process_inputs(input_dict, i)\\n\", \"  File \\\"/root/autodl-tmp/ComfyUI/execution.py\\\", line 303, in process_inputs\\n    result = f(**inputs)\\n\", \"  File \\\"/root/autodl-tmp/ComfyUI/nodes.py\\\", line 1718, in load_image\\n    components = InputImpl.VideoFromFile(image_path).get_components()\\n\", \"  File \\\"/root/autodl-tmp/ComfyUI/comfy_api/latest/_input_impl/video_types.py\\\", line 370, in get_components\\n    with av.open(self.__file, mode='r') as container:\\n\", \"  File \\\"av/container/core.py\\\", line 555, in av.container.core.open\\n\", \"  File \\\"av/container/core.py\\\", line 344, in av.container.core.Container.__cinit__\\n\", \"  File \\\"av/container/core.py\\\", line 369, in av.container.core.Container.err_check\\n\", \"  File \\\"av/error.py\\\", line 411, in av.error.err_check\\n\"], \"current_inputs\": {\"image\": [\"\"]}, \"current_outputs\": [\"3\", \"5\", \"8\", \"1\", \"11\", \"15\", \"12\", \"2\", \"7\", \"9\", \"13\", \"14\", \"4\", \"6\", \"10\"], \"timestamp\": 1781840407422}]]}, \"meta\": {}}}"}
2026-06-19T03:47:49.100Z [WARN] [ComfyUI poll] 任务完成但未找到视频文件 {"outputs":"{}","video_gen_id":15}
2026-06-19T03:47:59.111Z [INFO] [ComfyUI poll] 查询history {"url":"http://localhost:18188/history/114ac47e-0e30-4824-976c-46819b2c19ab","video_gen_id":15}
2026-06-19T03:47:59.113Z [INFO] [poll] 发起查询 {"video_gen_id":15,"round":47,"url":"http://localhost:18188/history/114ac47e-0e30-4824-976c-46819b2c19ab"}
2026-06-19T03:47:59.150Z [INFO] [poll] 查询 HTTP 结果 {"video_gen_id":15,"round":47,"http_status":200,"bytes":4429,"body":"{\"114ac47e-0e30-4824-976c-46819b2c19ab\": {\"prompt\": [4, \"114ac47e-0e30-4824-976c-46819b2c19ab\", {\"1\": {\"class_type\": \"UNETLoader\", \"inputs\": {\"unet_name\": \"wan_fp8_scaled/I2V/Wan2_2-I2V-A14B-HIGH_fp8_e4m3fn_scaled_KJ.safetensors\", \"weight_dtype\": \"default\"}}, \"2\": {\"class_type\": \"UNETLoader\", \"inputs\": {\"unet_name\": \"wan_fp8_scaled/I2V/Wan2_2-I2V-A14B-LOW_fp8_e4m3fn_scaled_KJ.safetensors\", \"weight_dtype\": \"default\"}}, \"3\": {\"class_type\": \"CLIPLoader\", \"inputs\": {\"clip_name\": \"umt5_xxl_fp8_e4m3fn_scaled.safetensors\", \"type\": \"wan\"}}, \"4\": {\"class_type\": \"CLIPTextEncode\", \"inputs\": {\"text\": \"a young woman smiling gently, cinematic lighting, soft breeze in hair\", \"clip\": [\"3\", 0]}}, \"5\": {\"class_type\": \"CLIPTextEncode\", \"inputs\": {\"text\": \"low quality, blurry, distorted, bad anatomy, watermark, text, logo, nsfw\", \"clip\": [\"3\", 0]}}, \"6\": {\"class_type\": \"VAELoader\", \"inputs\": {\"vae_name\": \"wan_2.1_vae.safetensors\"}}, \"7\": {\"class_type\": \"CLIPVisionLoader\", \"inputs\": {\"clip_name\": \"clip_vision_h.safetensors\"}}, \"8\": {\"class_type\": \"LoadImage\", \"inputs\": {\"image\": \"\"}}, \"9\": {\"class_type\": \"CLIPVisionEncode\", \"inputs\": {\"clip_vision\": [\"7\", 0], \"image\": [\"8\", 0]}}, \"10\": {\"class_type\": \"Wan22ImageToVideoLatent\", \"inputs\": {\"vae\": [\"6\", 0], \"width\": 1280, \"height\": 720, \"length\": 50, \"batch_size\": 1, \"start_image\": [\"8\", 0]}}, \"11\": {\"class_type\": \"KSampler\", \"inputs\": {\"seed\": 954868916863, \"steps\": 20, \"cfg\": 3.0, \"sampler_name\": \"euler\", \"scheduler\": \"normal\", \"denoise\": 1.0, \"model\": [\"1\", 0], \"positive\": [\"4\", 0], \"negative\": [\"5\", 0], \"latent_image\": [\"10\", 0]}}, \"12\": {\"class_type\": \"KSampler\", \"inputs\": {\"seed\": 954868916863, \"steps\": 20, \"cfg\": 3.0, \"sampler_name\": \"euler\", \"scheduler\": \"normal\", \"denoise\": 1.0, \"model\": [\"2\", 0], \"positive\": [\"4\", 0], \"negative\": [\"5\", 0], \"latent_image\": [\"11\", 0]}}, \"13\": {\"class_type\": \"VAEDecode\", \"inputs\": {\"samples\": [\"12\", 0], \"vae\": [\"6\", 0]}}, \"14\": {\"class_type\": \"CreateVideo\", \"inputs\": {\"images\": [\"13\", 0], \"fps\": 25.0}}, \"15\": {\"class_type\": \"SaveVideo\", \"inputs\": {\"filename_prefix\": \"drama\", \"video\": [\"14\", 0], \"format\": \"auto\", \"codec\": \"auto\"}}}, {\"create_time\": 1781840407403}, [\"15\"]], \"outputs\": {}, \"status\": {\"status_str\": \"error\", \"completed\": false, \"messages\": [[\"execution_start\", {\"prompt_id\": \"114ac47e-0e30-4824-976c-46819b2c19ab\", \"timestamp\": 1781840407405}], [\"execution_cached\", {\"nodes\": [\"1\", \"2\", \"3\", \"6\"], \"prompt_id\": \"114ac47e-0e30-4824-976c-46819b2c19ab\", \"timestamp\": 1781840407416}], [\"execution_error\", {\"prompt_id\": \"114ac47e-0e30-4824-976c-46819b2c19ab\", \"node_id\": \"8\", \"node_type\": \"LoadImage\", \"executed\": [], \"exception_message\": \"[Errno 21] Is a directory: '/root/autodl-tmp/ComfyUI/input/'\\n\", \"exception_type\": \"av.error.IsADirectoryError\", \"traceback\": [\"  File \\\"/root/autodl-tmp/ComfyUI/execution.py\\\", line 542, in execute\\n    output_data, output_ui, has_subgraph, has_pending_tasks = await get_output_data(prompt_id, unique_id, obj, input_data_all, execution_block_cb=execution_block_cb, pre_execute_cb=pre_execute_cb, v3_data=v3_data)\\n\", \"  File \\\"/root/autodl-tmp/ComfyUI/execution.py\\\", line 341, in get_output_data\\n    return_values = await _async_map_node_over_list(prompt_id, unique_id, obj, input_data_all, obj.FUNCTION, allow_interrupt=True, execution_block_cb=execution_block_cb, pre_execute_cb=pre_execute_cb, v3_data=v3_data)\\n\", \"  File \\\"/root/autodl-tmp/ComfyUI/execution.py\\\", line 315, in _async_map_node_over_list\\n    await process_inputs(input_dict, i)\\n\", \"  File \\\"/root/autodl-tmp/ComfyUI/execution.py\\\", line 303, in process_inputs\\n    result = f(**inputs)\\n\", \"  File \\\"/root/autodl-tmp/ComfyUI/nodes.py\\\", line 1718, in load_image\\n    components = InputImpl.VideoFromFile(image_path).get_components()\\n\", \"  File \\\"/root/autodl-tmp/ComfyUI/comfy_api/latest/_input_impl/video_types.py\\\", line 370, in get_components\\n    with av.open(self.__file, mode='r') as container:\\n\", \"  File \\\"av/container/core.py\\\", line 555, in av.container.core.open\\n\", \"  File \\\"av/container/core.py\\\", line 344, in av.container.core.Container.__cinit__\\n\", \"  File \\\"av/container/core.py\\\", line 369, in av.container.core.Container.err_check\\n\", \"  File \\\"av/error.py\\\", line 411, in av.error.err_check\\n\"], \"current_inputs\": {\"image\": [\"\"]}, \"current_outputs\": [\"3\", \"5\", \"8\", \"1\", \"11\", \"15\", \"12\", \"2\", \"7\", \"9\", \"13\", \"14\", \"4\", \"6\", \"10\"], \"timestamp\": 1781840407422}]]}, \"meta\": {}}}"}
2026-06-19T03:47:59.150Z [WARN] [ComfyUI poll] 任务完成但未找到视频文件 {"outputs":"{}","video_gen_id":15}
2026-06-19T03:48:09.158Z [INFO] [ComfyUI poll] 查询history {"url":"http://localhost:18188/history/114ac47e-0e30-4824-976c-46819b2c19ab","video_gen_id":15}
2026-06-19T03:48:09.160Z [INFO] [poll] 发起查询 {"video_gen_id":15,"round":48,"url":"http://localhost:18188/history/114ac47e-0e30-4824-976c-46819b2c19ab"}
2026-06-19T03:48:09.195Z [INFO] [poll] 查询 HTTP 结果 {"video_gen_id":15,"round":48,"http_status":200,"bytes":4429,"body":"{\"114ac47e-0e30-4824-976c-46819b2c19ab\": {\"prompt\": [4, \"114ac47e-0e30-4824-976c-46819b2c19ab\", {\"1\": {\"class_type\": \"UNETLoader\", \"inputs\": {\"unet_name\": \"wan_fp8_scaled/I2V/Wan2_2-I2V-A14B-HIGH_fp8_e4m3fn_scaled_KJ.safetensors\", \"weight_dtype\": \"default\"}}, \"2\": {\"class_type\": \"UNETLoader\", \"inputs\": {\"unet_name\": \"wan_fp8_scaled/I2V/Wan2_2-I2V-A14B-LOW_fp8_e4m3fn_scaled_KJ.safetensors\", \"weight_dtype\": \"default\"}}, \"3\": {\"class_type\": \"CLIPLoader\", \"inputs\": {\"clip_name\": \"umt5_xxl_fp8_e4m3fn_scaled.safetensors\", \"type\": \"wan\"}}, \"4\": {\"class_type\": \"CLIPTextEncode\", \"inputs\": {\"text\": \"a young woman smiling gently, cinematic lighting, soft breeze in hair\", \"clip\": [\"3\", 0]}}, \"5\": {\"class_type\": \"CLIPTextEncode\", \"inputs\": {\"text\": \"low quality, blurry, distorted, bad anatomy, watermark, text, logo, nsfw\", \"clip\": [\"3\", 0]}}, \"6\": {\"class_type\": \"VAELoader\", \"inputs\": {\"vae_name\": \"wan_2.1_vae.safetensors\"}}, \"7\": {\"class_type\": \"CLIPVisionLoader\", \"inputs\": {\"clip_name\": \"clip_vision_h.safetensors\"}}, \"8\": {\"class_type\": \"LoadImage\", \"inputs\": {\"image\": \"\"}}, \"9\": {\"class_type\": \"CLIPVisionEncode\", \"inputs\": {\"clip_vision\": [\"7\", 0], \"image\": [\"8\", 0]}}, \"10\": {\"class_type\": \"Wan22ImageToVideoLatent\", \"inputs\": {\"vae\": [\"6\", 0], \"width\": 1280, \"height\": 720, \"length\": 50, \"batch_size\": 1, \"start_image\": [\"8\", 0]}}, \"11\": {\"class_type\": \"KSampler\", \"inputs\": {\"seed\": 954868916863, \"steps\": 20, \"cfg\": 3.0, \"sampler_name\": \"euler\", \"scheduler\": \"normal\", \"denoise\": 1.0, \"model\": [\"1\", 0], \"positive\": [\"4\", 0], \"negative\": [\"5\", 0], \"latent_image\": [\"10\", 0]}}, \"12\": {\"class_type\": \"KSampler\", \"inputs\": {\"seed\": 954868916863, \"steps\": 20, \"cfg\": 3.0, \"sampler_name\": \"euler\", \"scheduler\": \"normal\", \"denoise\": 1.0, \"model\": [\"2\", 0], \"positive\": [\"4\", 0], \"negative\": [\"5\", 0], \"latent_image\": [\"11\", 0]}}, \"13\": {\"class_type\": \"VAEDecode\", \"inputs\": {\"samples\": [\"12\", 0], \"vae\": [\"6\", 0]}}, \"14\": {\"class_type\": \"CreateVideo\", \"inputs\": {\"images\": [\"13\", 0], \"fps\": 25.0}}, \"15\": {\"class_type\": \"SaveVideo\", \"inputs\": {\"filename_prefix\": \"drama\", \"video\": [\"14\", 0], \"format\": \"auto\", \"codec\": \"auto\"}}}, {\"create_time\": 1781840407403}, [\"15\"]], \"outputs\": {}, \"status\": {\"status_str\": \"error\", \"completed\": false, \"messages\": [[\"execution_start\", {\"prompt_id\": \"114ac47e-0e30-4824-976c-46819b2c19ab\", \"timestamp\": 1781840407405}], [\"execution_cached\", {\"nodes\": [\"1\", \"2\", \"3\", \"6\"], \"prompt_id\": \"114ac47e-0e30-4824-976c-46819b2c19ab\", \"timestamp\": 1781840407416}], [\"execution_error\", {\"prompt_id\": \"114ac47e-0e30-4824-976c-46819b2c19ab\", \"node_id\": \"8\", \"node_type\": \"LoadImage\", \"executed\": [], \"exception_message\": \"[Errno 21] Is a directory: '/root/autodl-tmp/ComfyUI/input/'\\n\", \"exception_type\": \"av.error.IsADirectoryError\", \"traceback\": [\"  File \\\"/root/autodl-tmp/ComfyUI/execution.py\\\", line 542, in execute\\n    output_data, output_ui, has_subgraph, has_pending_tasks = await get_output_data(prompt_id, unique_id, obj, input_data_all, execution_block_cb=execution_block_cb, pre_execute_cb=pre_execute_cb, v3_data=v3_data)\\n\", \"  File \\\"/root/autodl-tmp/ComfyUI/execution.py\\\", line 341, in get_output_data\\n    return_values = await _async_map_node_over_list(prompt_id, unique_id, obj, input_data_all, obj.FUNCTION, allow_interrupt=True, execution_block_cb=execution_block_cb, pre_execute_cb=pre_execute_cb, v3_data=v3_data)\\n\", \"  File \\\"/root/autodl-tmp/ComfyUI/execution.py\\\", line 315, in _async_map_node_over_list\\n    await process_inputs(input_dict, i)\\n\", \"  File \\\"/root/autodl-tmp/ComfyUI/execution.py\\\", line 303, in process_inputs\\n    result = f(**inputs)\\n\", \"  File \\\"/root/autodl-tmp/ComfyUI/nodes.py\\\", line 1718, in load_image\\n    components = InputImpl.VideoFromFile(image_path).get_components()\\n\", \"  File \\\"/root/autodl-tmp/ComfyUI/comfy_api/latest/_input_impl/video_types.py\\\", line 370, in get_components\\n    with av.open(self.__file, mode='r') as container:\\n\", \"  File \\\"av/container/core.py\\\", line 555, in av.container.core.open\\n\", \"  File \\\"av/container/core.py\\\", line 344, in av.container.core.Container.__cinit__\\n\", \"  File \\\"av/container/core.py\\\", line 369, in av.container.core.Container.err_check\\n\", \"  File \\\"av/error.py\\\", line 411, in av.error.err_check\\n\"], \"current_inputs\": {\"image\": [\"\"]}, \"current_outputs\": [\"3\", \"5\", \"8\", \"1\", \"11\", \"15\", \"12\", \"2\", \"7\", \"9\", \"13\", \"14\", \"4\", \"6\", \"10\"], \"timestamp\": 1781840407422}]]}, \"meta\": {}}}"}
2026-06-19T03:48:09.196Z [WARN] [ComfyUI poll] 任务完成但未找到视频文件 {"outputs":"{}","video_gen_id":15}
2026-06-19T03:48:19.204Z [INFO] [ComfyUI poll] 查询history {"url":"http://localhost:18188/history/114ac47e-0e30-4824-976c-46819b2c19ab","video_gen_id":15}
2026-06-19T03:48:19.205Z [INFO] [poll] 发起查询 {"video_gen_id":15,"round":49,"url":"http://localhost:18188/history/114ac47e-0e30-4824-976c-46819b2c19ab"}
2026-06-19T03:48:19.241Z [INFO] [poll] 查询 HTTP 结果 {"video_gen_id":15,"round":49,"http_status":200,"bytes":4429,"body":"{\"114ac47e-0e30-4824-976c-46819b2c19ab\": {\"prompt\": [4, \"114ac47e-0e30-4824-976c-46819b2c19ab\", {\"1\": {\"class_type\": \"UNETLoader\", \"inputs\": {\"unet_name\": \"wan_fp8_scaled/I2V/Wan2_2-I2V-A14B-HIGH_fp8_e4m3fn_scaled_KJ.safetensors\", \"weight_dtype\": \"default\"}}, \"2\": {\"class_type\": \"UNETLoader\", \"inputs\": {\"unet_name\": \"wan_fp8_scaled/I2V/Wan2_2-I2V-A14B-LOW_fp8_e4m3fn_scaled_KJ.safetensors\", \"weight_dtype\": \"default\"}}, \"3\": {\"class_type\": \"CLIPLoader\", \"inputs\": {\"clip_name\": \"umt5_xxl_fp8_e4m3fn_scaled.safetensors\", \"type\": \"wan\"}}, \"4\": {\"class_type\": \"CLIPTextEncode\", \"inputs\": {\"text\": \"a young woman smiling gently, cinematic lighting, soft breeze in hair\", \"clip\": [\"3\", 0]}}, \"5\": {\"class_type\": \"CLIPTextEncode\", \"inputs\": {\"text\": \"low quality, blurry, distorted, bad anatomy, watermark, text, logo, nsfw\", \"clip\": [\"3\", 0]}}, \"6\": {\"class_type\": \"VAELoader\", \"inputs\": {\"vae_name\": \"wan_2.1_vae.safetensors\"}}, \"7\": {\"class_type\": \"CLIPVisionLoader\", \"inputs\": {\"clip_name\": \"clip_vision_h.safetensors\"}}, \"8\": {\"class_type\": \"LoadImage\", \"inputs\": {\"image\": \"\"}}, \"9\": {\"class_type\": \"CLIPVisionEncode\", \"inputs\": {\"clip_vision\": [\"7\", 0], \"image\": [\"8\", 0]}}, \"10\": {\"class_type\": \"Wan22ImageToVideoLatent\", \"inputs\": {\"vae\": [\"6\", 0], \"width\": 1280, \"height\": 720, \"length\": 50, \"batch_size\": 1, \"start_image\": [\"8\", 0]}}, \"11\": {\"class_type\": \"KSampler\", \"inputs\": {\"seed\": 954868916863, \"steps\": 20, \"cfg\": 3.0, \"sampler_name\": \"euler\", \"scheduler\": \"normal\", \"denoise\": 1.0, \"model\": [\"1\", 0], \"positive\": [\"4\", 0], \"negative\": [\"5\", 0], \"latent_image\": [\"10\", 0]}}, \"12\": {\"class_type\": \"KSampler\", \"inputs\": {\"seed\": 954868916863, \"steps\": 20, \"cfg\": 3.0, \"sampler_name\": \"euler\", \"scheduler\": \"normal\", \"denoise\": 1.0, \"model\": [\"2\", 0], \"positive\": [\"4\", 0], \"negative\": [\"5\", 0], \"latent_image\": [\"11\", 0]}}, \"13\": {\"class_type\": \"VAEDecode\", \"inputs\": {\"samples\": [\"12\", 0], \"vae\": [\"6\", 0]}}, \"14\": {\"class_type\": \"CreateVideo\", \"inputs\": {\"images\": [\"13\", 0], \"fps\": 25.0}}, \"15\": {\"class_type\": \"SaveVideo\", \"inputs\": {\"filename_prefix\": \"drama\", \"video\": [\"14\", 0], \"format\": \"auto\", \"codec\": \"auto\"}}}, {\"create_time\": 1781840407403}, [\"15\"]], \"outputs\": {}, \"status\": {\"status_str\": \"error\", \"completed\": false, \"messages\": [[\"execution_start\", {\"prompt_id\": \"114ac47e-0e30-4824-976c-46819b2c19ab\", \"timestamp\": 1781840407405}], [\"execution_cached\", {\"nodes\": [\"1\", \"2\", \"3\", \"6\"], \"prompt_id\": \"114ac47e-0e30-4824-976c-46819b2c19ab\", \"timestamp\": 1781840407416}], [\"execution_error\", {\"prompt_id\": \"114ac47e-0e30-4824-976c-46819b2c19ab\", \"node_id\": \"8\", \"node_type\": \"LoadImage\", \"executed\": [], \"exception_message\": \"[Errno 21] Is a directory: '/root/autodl-tmp/ComfyUI/input/'\\n\", \"exception_type\": \"av.error.IsADirectoryError\", \"traceback\": [\"  File \\\"/root/autodl-tmp/ComfyUI/execution.py\\\", line 542, in execute\\n    output_data, output_ui, has_subgraph, has_pending_tasks = await get_output_data(prompt_id, unique_id, obj, input_data_all, execution_block_cb=execution_block_cb, pre_execute_cb=pre_execute_cb, v3_data=v3_data)\\n\", \"  File \\\"/root/autodl-tmp/ComfyUI/execution.py\\\", line 341, in get_output_data\\n    return_values = await _async_map_node_over_list(prompt_id, unique_id, obj, input_data_all, obj.FUNCTION, allow_interrupt=True, execution_block_cb=execution_block_cb, pre_execute_cb=pre_execute_cb, v3_data=v3_data)\\n\", \"  File \\\"/root/autodl-tmp/ComfyUI/execution.py\\\", line 315, in _async_map_node_over_list\\n    await process_inputs(input_dict, i)\\n\", \"  File \\\"/root/autodl-tmp/ComfyUI/execution.py\\\", line 303, in process_inputs\\n    result = f(**inputs)\\n\", \"  File \\\"/root/autodl-tmp/ComfyUI/nodes.py\\\", line 1718, in load_image\\n    components = InputImpl.VideoFromFile(image_path).get_components()\\n\", \"  File \\\"/root/autodl-tmp/ComfyUI/comfy_api/latest/_input_impl/video_types.py\\\", line 370, in get_components\\n    with av.open(self.__file, mode='r') as container:\\n\", \"  File \\\"av/container/core.py\\\", line 555, in av.container.core.open\\n\", \"  File \\\"av/container/core.py\\\", line 344, in av.container.core.Container.__cinit__\\n\", \"  File \\\"av/container/core.py\\\", line 369, in av.container.core.Container.err_check\\n\", \"  File \\\"av/error.py\\\", line 411, in av.error.err_check\\n\"], \"current_inputs\": {\"image\": [\"\"]}, \"current_outputs\": [\"3\", \"5\", \"8\", \"1\", \"11\", \"15\", \"12\", \"2\", \"7\", \"9\", \"13\", \"14\", \"4\", \"6\", \"10\"], \"timestamp\": 1781840407422}]]}, \"meta\": {}}}"}
2026-06-19T03:48:19.242Z [WARN] [ComfyUI poll] 任务完成但未找到视频文件 {"outputs":"{}","video_gen_id":15}
2026-06-19T03:48:29.252Z [INFO] [ComfyUI poll] 查询history {"url":"http://localhost:18188/history/114ac47e-0e30-4824-976c-46819b2c19ab","video_gen_id":15}
2026-06-19T03:48:29.256Z [INFO] [poll] 发起查询 {"video_gen_id":15,"round":50,"url":"http://localhost:18188/history/114ac47e-0e30-4824-976c-46819b2c19ab"}
2026-06-19T03:48:29.291Z [INFO] [poll] 查询 HTTP 结果 {"video_gen_id":15,"round":50,"http_status":200,"bytes":4429,"body":"{\"114ac47e-0e30-4824-976c-46819b2c19ab\": {\"prompt\": [4, \"114ac47e-0e30-4824-976c-46819b2c19ab\", {\"1\": {\"class_type\": \"UNETLoader\", \"inputs\": {\"unet_name\": \"wan_fp8_scaled/I2V/Wan2_2-I2V-A14B-HIGH_fp8_e4m3fn_scaled_KJ.safetensors\", \"weight_dtype\": \"default\"}}, \"2\": {\"class_type\": \"UNETLoader\", \"inputs\": {\"unet_name\": \"wan_fp8_scaled/I2V/Wan2_2-I2V-A14B-LOW_fp8_e4m3fn_scaled_KJ.safetensors\", \"weight_dtype\": \"default\"}}, \"3\": {\"class_type\": \"CLIPLoader\", \"inputs\": {\"clip_name\": \"umt5_xxl_fp8_e4m3fn_scaled.safetensors\", \"type\": \"wan\"}}, \"4\": {\"class_type\": \"CLIPTextEncode\", \"inputs\": {\"text\": \"a young woman smiling gently, cinematic lighting, soft breeze in hair\", \"clip\": [\"3\", 0]}}, \"5\": {\"class_type\": \"CLIPTextEncode\", \"inputs\": {\"text\": \"low quality, blurry, distorted, bad anatomy, watermark, text, logo, nsfw\", \"clip\": [\"3\", 0]}}, \"6\": {\"class_type\": \"VAELoader\", \"inputs\": {\"vae_name\": \"wan_2.1_vae.safetensors\"}}, \"7\": {\"class_type\": \"CLIPVisionLoader\", \"inputs\": {\"clip_name\": \"clip_vision_h.safetensors\"}}, \"8\": {\"class_type\": \"LoadImage\", \"inputs\": {\"image\": \"\"}}, \"9\": {\"class_type\": \"CLIPVisionEncode\", \"inputs\": {\"clip_vision\": [\"7\", 0], \"image\": [\"8\", 0]}}, \"10\": {\"class_type\": \"Wan22ImageToVideoLatent\", \"inputs\": {\"vae\": [\"6\", 0], \"width\": 1280, \"height\": 720, \"length\": 50, \"batch_size\": 1, \"start_image\": [\"8\", 0]}}, \"11\": {\"class_type\": \"KSampler\", \"inputs\": {\"seed\": 954868916863, \"steps\": 20, \"cfg\": 3.0, \"sampler_name\": \"euler\", \"scheduler\": \"normal\", \"denoise\": 1.0, \"model\": [\"1\", 0], \"positive\": [\"4\", 0], \"negative\": [\"5\", 0], \"latent_image\": [\"10\", 0]}}, \"12\": {\"class_type\": \"KSampler\", \"inputs\": {\"seed\": 954868916863, \"steps\": 20, \"cfg\": 3.0, \"sampler_name\": \"euler\", \"scheduler\": \"normal\", \"denoise\": 1.0, \"model\": [\"2\", 0], \"positive\": [\"4\", 0], \"negative\": [\"5\", 0], \"latent_image\": [\"11\", 0]}}, \"13\": {\"class_type\": \"VAEDecode\", \"inputs\": {\"samples\": [\"12\", 0], \"vae\": [\"6\", 0]}}, \"14\": {\"class_type\": \"CreateVideo\", \"inputs\": {\"images\": [\"13\", 0], \"fps\": 25.0}}, \"15\": {\"class_type\": \"SaveVideo\", \"inputs\": {\"filename_prefix\": \"drama\", \"video\": [\"14\", 0], \"format\": \"auto\", \"codec\": \"auto\"}}}, {\"create_time\": 1781840407403}, [\"15\"]], \"outputs\": {}, \"status\": {\"status_str\": \"error\", \"completed\": false, \"messages\": [[\"execution_start\", {\"prompt_id\": \"114ac47e-0e30-4824-976c-46819b2c19ab\", \"timestamp\": 1781840407405}], [\"execution_cached\", {\"nodes\": [\"1\", \"2\", \"3\", \"6\"], \"prompt_id\": \"114ac47e-0e30-4824-976c-46819b2c19ab\", \"timestamp\": 1781840407416}], [\"execution_error\", {\"prompt_id\": \"114ac47e-0e30-4824-976c-46819b2c19ab\", \"node_id\": \"8\", \"node_type\": \"LoadImage\", \"executed\": [], \"exception_message\": \"[Errno 21] Is a directory: '/root/autodl-tmp/ComfyUI/input/'\\n\", \"exception_type\": \"av.error.IsADirectoryError\", \"traceback\": [\"  File \\\"/root/autodl-tmp/ComfyUI/execution.py\\\", line 542, in execute\\n    output_data, output_ui, has_subgraph, has_pending_tasks = await get_output_data(prompt_id, unique_id, obj, input_data_all, execution_block_cb=execution_block_cb, pre_execute_cb=pre_execute_cb, v3_data=v3_data)\\n\", \"  File \\\"/root/autodl-tmp/ComfyUI/execution.py\\\", line 341, in get_output_data\\n    return_values = await _async_map_node_over_list(prompt_id, unique_id, obj, input_data_all, obj.FUNCTION, allow_interrupt=True, execution_block_cb=execution_block_cb, pre_execute_cb=pre_execute_cb, v3_data=v3_data)\\n\", \"  File \\\"/root/autodl-tmp/ComfyUI/execution.py\\\", line 315, in _async_map_node_over_list\\n    await process_inputs(input_dict, i)\\n\", \"  File \\\"/root/autodl-tmp/ComfyUI/execution.py\\\", line 303, in process_inputs\\n    result = f(**inputs)\\n\", \"  File \\\"/root/autodl-tmp/ComfyUI/nodes.py\\\", line 1718, in load_image\\n    components = InputImpl.VideoFromFile(image_path).get_components()\\n\", \"  File \\\"/root/autodl-tmp/ComfyUI/comfy_api/latest/_input_impl/video_types.py\\\", line 370, in get_components\\n    with av.open(self.__file, mode='r') as container:\\n\", \"  File \\\"av/container/core.py\\\", line 555, in av.container.core.open\\n\", \"  File \\\"av/container/core.py\\\", line 344, in av.container.core.Container.__cinit__\\n\", \"  File \\\"av/container/core.py\\\", line 369, in av.container.core.Container.err_check\\n\", \"  File \\\"av/error.py\\\", line 411, in av.error.err_check\\n\"], \"current_inputs\": {\"image\": [\"\"]}, \"current_outputs\": [\"3\", \"5\", \"8\", \"1\", \"11\", \"15\", \"12\", \"2\", \"7\", \"9\", \"13\", \"14\", \"4\", \"6\", \"10\"], \"timestamp\": 1781840407422}]]}, \"meta\": {}}}"}
2026-06-19T03:48:29.292Z [WARN] [ComfyUI poll] 任务完成但未找到视频文件 {"outputs":"{}","video_gen_id":15}
2026-06-19T03:48:39.314Z [INFO] [ComfyUI poll] 查询history {"url":"http://localhost:18188/history/114ac47e-0e30-4824-976c-46819b2c19ab","video_gen_id":15}
2026-06-19T03:48:39.315Z [INFO] [poll] 发起查询 {"video_gen_id":15,"round":51,"url":"http://localhost:18188/history/114ac47e-0e30-4824-976c-46819b2c19ab"}
2026-06-19T03:48:39.352Z [INFO] [poll] 查询 HTTP 结果 {"video_gen_id":15,"round":51,"http_status":200,"bytes":4429,"body":"{\"114ac47e-0e30-4824-976c-46819b2c19ab\": {\"prompt\": [4, \"114ac47e-0e30-4824-976c-46819b2c19ab\", {\"1\": {\"class_type\": \"UNETLoader\", \"inputs\": {\"unet_name\": \"wan_fp8_scaled/I2V/Wan2_2-I2V-A14B-HIGH_fp8_e4m3fn_scaled_KJ.safetensors\", \"weight_dtype\": \"default\"}}, \"2\": {\"class_type\": \"UNETLoader\", \"inputs\": {\"unet_name\": \"wan_fp8_scaled/I2V/Wan2_2-I2V-A14B-LOW_fp8_e4m3fn_scaled_KJ.safetensors\", \"weight_dtype\": \"default\"}}, \"3\": {\"class_type\": \"CLIPLoader\", \"inputs\": {\"clip_name\": \"umt5_xxl_fp8_e4m3fn_scaled.safetensors\", \"type\": \"wan\"}}, \"4\": {\"class_type\": \"CLIPTextEncode\", \"inputs\": {\"text\": \"a young woman smiling gently, cinematic lighting, soft breeze in hair\", \"clip\": [\"3\", 0]}}, \"5\": {\"class_type\": \"CLIPTextEncode\", \"inputs\": {\"text\": \"low quality, blurry, distorted, bad anatomy, watermark, text, logo, nsfw\", \"clip\": [\"3\", 0]}}, \"6\": {\"class_type\": \"VAELoader\", \"inputs\": {\"vae_name\": \"wan_2.1_vae.safetensors\"}}, \"7\": {\"class_type\": \"CLIPVisionLoader\", \"inputs\": {\"clip_name\": \"clip_vision_h.safetensors\"}}, \"8\": {\"class_type\": \"LoadImage\", \"inputs\": {\"image\": \"\"}}, \"9\": {\"class_type\": \"CLIPVisionEncode\", \"inputs\": {\"clip_vision\": [\"7\", 0], \"image\": [\"8\", 0]}}, \"10\": {\"class_type\": \"Wan22ImageToVideoLatent\", \"inputs\": {\"vae\": [\"6\", 0], \"width\": 1280, \"height\": 720, \"length\": 50, \"batch_size\": 1, \"start_image\": [\"8\", 0]}}, \"11\": {\"class_type\": \"KSampler\", \"inputs\": {\"seed\": 954868916863, \"steps\": 20, \"cfg\": 3.0, \"sampler_name\": \"euler\", \"scheduler\": \"normal\", \"denoise\": 1.0, \"model\": [\"1\", 0], \"positive\": [\"4\", 0], \"negative\": [\"5\", 0], \"latent_image\": [\"10\", 0]}}, \"12\": {\"class_type\": \"KSampler\", \"inputs\": {\"seed\": 954868916863, \"steps\": 20, \"cfg\": 3.0, \"sampler_name\": \"euler\", \"scheduler\": \"normal\", \"denoise\": 1.0, \"model\": [\"2\", 0], \"positive\": [\"4\", 0], \"negative\": [\"5\", 0], \"latent_image\": [\"11\", 0]}}, \"13\": {\"class_type\": \"VAEDecode\", \"inputs\": {\"samples\": [\"12\", 0], \"vae\": [\"6\", 0]}}, \"14\": {\"class_type\": \"CreateVideo\", \"inputs\": {\"images\": [\"13\", 0], \"fps\": 25.0}}, \"15\": {\"class_type\": \"SaveVideo\", \"inputs\": {\"filename_prefix\": \"drama\", \"video\": [\"14\", 0], \"format\": \"auto\", \"codec\": \"auto\"}}}, {\"create_time\": 1781840407403}, [\"15\"]], \"outputs\": {}, \"status\": {\"status_str\": \"error\", \"completed\": false, \"messages\": [[\"execution_start\", {\"prompt_id\": \"114ac47e-0e30-4824-976c-46819b2c19ab\", \"timestamp\": 1781840407405}], [\"execution_cached\", {\"nodes\": [\"1\", \"2\", \"3\", \"6\"], \"prompt_id\": \"114ac47e-0e30-4824-976c-46819b2c19ab\", \"timestamp\": 1781840407416}], [\"execution_error\", {\"prompt_id\": \"114ac47e-0e30-4824-976c-46819b2c19ab\", \"node_id\": \"8\", \"node_type\": \"LoadImage\", \"executed\": [], \"exception_message\": \"[Errno 21] Is a directory: '/root/autodl-tmp/ComfyUI/input/'\\n\", \"exception_type\": \"av.error.IsADirectoryError\", \"traceback\": [\"  File \\\"/root/autodl-tmp/ComfyUI/execution.py\\\", line 542, in execute\\n    output_data, output_ui, has_subgraph, has_pending_tasks = await get_output_data(prompt_id, unique_id, obj, input_data_all, execution_block_cb=execution_block_cb, pre_execute_cb=pre_execute_cb, v3_data=v3_data)\\n\", \"  File \\\"/root/autodl-tmp/ComfyUI/execution.py\\\", line 341, in get_output_data\\n    return_values = await _async_map_node_over_list(prompt_id, unique_id, obj, input_data_all, obj.FUNCTION, allow_interrupt=True, execution_block_cb=execution_block_cb, pre_execute_cb=pre_execute_cb, v3_data=v3_data)\\n\", \"  File \\\"/root/autodl-tmp/ComfyUI/execution.py\\\", line 315, in _async_map_node_over_list\\n    await process_inputs(input_dict, i)\\n\", \"  File \\\"/root/autodl-tmp/ComfyUI/execution.py\\\", line 303, in process_inputs\\n    result = f(**inputs)\\n\", \"  File \\\"/root/autodl-tmp/ComfyUI/nodes.py\\\", line 1718, in load_image\\n    components = InputImpl.VideoFromFile(image_path).get_components()\\n\", \"  File \\\"/root/autodl-tmp/ComfyUI/comfy_api/latest/_input_impl/video_types.py\\\", line 370, in get_components\\n    with av.open(self.__file, mode='r') as container:\\n\", \"  File \\\"av/container/core.py\\\", line 555, in av.container.core.open\\n\", \"  File \\\"av/container/core.py\\\", line 344, in av.container.core.Container.__cinit__\\n\", \"  File \\\"av/container/core.py\\\", line 369, in av.container.core.Container.err_check\\n\", \"  File \\\"av/error.py\\\", line 411, in av.error.err_check\\n\"], \"current_inputs\": {\"image\": [\"\"]}, \"current_outputs\": [\"3\", \"5\", \"8\", \"1\", \"11\", \"15\", \"12\", \"2\", \"7\", \"9\", \"13\", \"14\", \"4\", \"6\", \"10\"], \"timestamp\": 1781840407422}]]}, \"meta\": {}}}"}
2026-06-19T03:48:39.352Z [WARN] [ComfyUI poll] 任务完成但未找到视频文件 {"outputs":"{}","video_gen_id":15}
2026-06-19T03:48:49.360Z [INFO] [ComfyUI poll] 查询history {"url":"http://localhost:18188/history/114ac47e-0e30-4824-976c-46819b2c19ab","video_gen_id":15}
2026-06-19T03:48:49.365Z [INFO] [poll] 发起查询 {"video_gen_id":15,"round":52,"url":"http://localhost:18188/history/114ac47e-0e30-4824-976c-46819b2c19ab"}
2026-06-19T03:48:49.403Z [INFO] [poll] 查询 HTTP 结果 {"video_gen_id":15,"round":52,"http_status":200,"bytes":4429,"body":"{\"114ac47e-0e30-4824-976c-46819b2c19ab\": {\"prompt\": [4, \"114ac47e-0e30-4824-976c-46819b2c19ab\", {\"1\": {\"class_type\": \"UNETLoader\", \"inputs\": {\"unet_name\": \"wan_fp8_scaled/I2V/Wan2_2-I2V-A14B-HIGH_fp8_e4m3fn_scaled_KJ.safetensors\", \"weight_dtype\": \"default\"}}, \"2\": {\"class_type\": \"UNETLoader\", \"inputs\": {\"unet_name\": \"wan_fp8_scaled/I2V/Wan2_2-I2V-A14B-LOW_fp8_e4m3fn_scaled_KJ.safetensors\", \"weight_dtype\": \"default\"}}, \"3\": {\"class_type\": \"CLIPLoader\", \"inputs\": {\"clip_name\": \"umt5_xxl_fp8_e4m3fn_scaled.safetensors\", \"type\": \"wan\"}}, \"4\": {\"class_type\": \"CLIPTextEncode\", \"inputs\": {\"text\": \"a young woman smiling gently, cinematic lighting, soft breeze in hair\", \"clip\": [\"3\", 0]}}, \"5\": {\"class_type\": \"CLIPTextEncode\", \"inputs\": {\"text\": \"low quality, blurry, distorted, bad anatomy, watermark, text, logo, nsfw\", \"clip\": [\"3\", 0]}}, \"6\": {\"class_type\": \"VAELoader\", \"inputs\": {\"vae_name\": \"wan_2.1_vae.safetensors\"}}, \"7\": {\"class_type\": \"CLIPVisionLoader\", \"inputs\": {\"clip_name\": \"clip_vision_h.safetensors\"}}, \"8\": {\"class_type\": \"LoadImage\", \"inputs\": {\"image\": \"\"}}, \"9\": {\"class_type\": \"CLIPVisionEncode\", \"inputs\": {\"clip_vision\": [\"7\", 0], \"image\": [\"8\", 0]}}, \"10\": {\"class_type\": \"Wan22ImageToVideoLatent\", \"inputs\": {\"vae\": [\"6\", 0], \"width\": 1280, \"height\": 720, \"length\": 50, \"batch_size\": 1, \"start_image\": [\"8\", 0]}}, \"11\": {\"class_type\": \"KSampler\", \"inputs\": {\"seed\": 954868916863, \"steps\": 20, \"cfg\": 3.0, \"sampler_name\": \"euler\", \"scheduler\": \"normal\", \"denoise\": 1.0, \"model\": [\"1\", 0], \"positive\": [\"4\", 0], \"negative\": [\"5\", 0], \"latent_image\": [\"10\", 0]}}, \"12\": {\"class_type\": \"KSampler\", \"inputs\": {\"seed\": 954868916863, \"steps\": 20, \"cfg\": 3.0, \"sampler_name\": \"euler\", \"scheduler\": \"normal\", \"denoise\": 1.0, \"model\": [\"2\", 0], \"positive\": [\"4\", 0], \"negative\": [\"5\", 0], \"latent_image\": [\"11\", 0]}}, \"13\": {\"class_type\": \"VAEDecode\", \"inputs\": {\"samples\": [\"12\", 0], \"vae\": [\"6\", 0]}}, \"14\": {\"class_type\": \"CreateVideo\", \"inputs\": {\"images\": [\"13\", 0], \"fps\": 25.0}}, \"15\": {\"class_type\": \"SaveVideo\", \"inputs\": {\"filename_prefix\": \"drama\", \"video\": [\"14\", 0], \"format\": \"auto\", \"codec\": \"auto\"}}}, {\"create_time\": 1781840407403}, [\"15\"]], \"outputs\": {}, \"status\": {\"status_str\": \"error\", \"completed\": false, \"messages\": [[\"execution_start\", {\"prompt_id\": \"114ac47e-0e30-4824-976c-46819b2c19ab\", \"timestamp\": 1781840407405}], [\"execution_cached\", {\"nodes\": [\"1\", \"2\", \"3\", \"6\"], \"prompt_id\": \"114ac47e-0e30-4824-976c-46819b2c19ab\", \"timestamp\": 1781840407416}], [\"execution_error\", {\"prompt_id\": \"114ac47e-0e30-4824-976c-46819b2c19ab\", \"node_id\": \"8\", \"node_type\": \"LoadImage\", \"executed\": [], \"exception_message\": \"[Errno 21] Is a directory: '/root/autodl-tmp/ComfyUI/input/'\\n\", \"exception_type\": \"av.error.IsADirectoryError\", \"traceback\": [\"  File \\\"/root/autodl-tmp/ComfyUI/execution.py\\\", line 542, in execute\\n    output_data, output_ui, has_subgraph, has_pending_tasks = await get_output_data(prompt_id, unique_id, obj, input_data_all, execution_block_cb=execution_block_cb, pre_execute_cb=pre_execute_cb, v3_data=v3_data)\\n\", \"  File \\\"/root/autodl-tmp/ComfyUI/execution.py\\\", line 341, in get_output_data\\n    return_values = await _async_map_node_over_list(prompt_id, unique_id, obj, input_data_all, obj.FUNCTION, allow_interrupt=True, execution_block_cb=execution_block_cb, pre_execute_cb=pre_execute_cb, v3_data=v3_data)\\n\", \"  File \\\"/root/autodl-tmp/ComfyUI/execution.py\\\", line 315, in _async_map_node_over_list\\n    await process_inputs(input_dict, i)\\n\", \"  File \\\"/root/autodl-tmp/ComfyUI/execution.py\\\", line 303, in process_inputs\\n    result = f(**inputs)\\n\", \"  File \\\"/root/autodl-tmp/ComfyUI/nodes.py\\\", line 1718, in load_image\\n    components = InputImpl.VideoFromFile(image_path).get_components()\\n\", \"  File \\\"/root/autodl-tmp/ComfyUI/comfy_api/latest/_input_impl/video_types.py\\\", line 370, in get_components\\n    with av.open(self.__file, mode='r') as container:\\n\", \"  File \\\"av/container/core.py\\\", line 555, in av.container.core.open\\n\", \"  File \\\"av/container/core.py\\\", line 344, in av.container.core.Container.__cinit__\\n\", \"  File \\\"av/container/core.py\\\", line 369, in av.container.core.Container.err_check\\n\", \"  File \\\"av/error.py\\\", line 411, in av.error.err_check\\n\"], \"current_inputs\": {\"image\": [\"\"]}, \"current_outputs\": [\"3\", \"5\", \"8\", \"1\", \"11\", \"15\", \"12\", \"2\", \"7\", \"9\", \"13\", \"14\", \"4\", \"6\", \"10\"], \"timestamp\": 1781840407422}]]}, \"meta\": {}}}"}
2026-06-19T03:48:49.404Z [WARN] [ComfyUI poll] 任务完成但未找到视频文件 {"outputs":"{}","video_gen_id":15}
2026-06-19T03:48:59.409Z [INFO] [ComfyUI poll] 查询history {"url":"http://localhost:18188/history/114ac47e-0e30-4824-976c-46819b2c19ab","video_gen_id":15}
2026-06-19T03:48:59.410Z [INFO] [poll] 发起查询 {"video_gen_id":15,"round":53,"url":"http://localhost:18188/history/114ac47e-0e30-4824-976c-46819b2c19ab"}
2026-06-19T03:48:59.451Z [INFO] [poll] 查询 HTTP 结果 {"video_gen_id":15,"round":53,"http_status":200,"bytes":4429,"body":"{\"114ac47e-0e30-4824-976c-46819b2c19ab\": {\"prompt\": [4, \"114ac47e-0e30-4824-976c-46819b2c19ab\", {\"1\": {\"class_type\": \"UNETLoader\", \"inputs\": {\"unet_name\": \"wan_fp8_scaled/I2V/Wan2_2-I2V-A14B-HIGH_fp8_e4m3fn_scaled_KJ.safetensors\", \"weight_dtype\": \"default\"}}, \"2\": {\"class_type\": \"UNETLoader\", \"inputs\": {\"unet_name\": \"wan_fp8_scaled/I2V/Wan2_2-I2V-A14B-LOW_fp8_e4m3fn_scaled_KJ.safetensors\", \"weight_dtype\": \"default\"}}, \"3\": {\"class_type\": \"CLIPLoader\", \"inputs\": {\"clip_name\": \"umt5_xxl_fp8_e4m3fn_scaled.safetensors\", \"type\": \"wan\"}}, \"4\": {\"class_type\": \"CLIPTextEncode\", \"inputs\": {\"text\": \"a young woman smiling gently, cinematic lighting, soft breeze in hair\", \"clip\": [\"3\", 0]}}, \"5\": {\"class_type\": \"CLIPTextEncode\", \"inputs\": {\"text\": \"low quality, blurry, distorted, bad anatomy, watermark, text, logo, nsfw\", \"clip\": [\"3\", 0]}}, \"6\": {\"class_type\": \"VAELoader\", \"inputs\": {\"vae_name\": \"wan_2.1_vae.safetensors\"}}, \"7\": {\"class_type\": \"CLIPVisionLoader\", \"inputs\": {\"clip_name\": \"clip_vision_h.safetensors\"}}, \"8\": {\"class_type\": \"LoadImage\", \"inputs\": {\"image\": \"\"}}, \"9\": {\"class_type\": \"CLIPVisionEncode\", \"inputs\": {\"clip_vision\": [\"7\", 0], \"image\": [\"8\", 0]}}, \"10\": {\"class_type\": \"Wan22ImageToVideoLatent\", \"inputs\": {\"vae\": [\"6\", 0], \"width\": 1280, \"height\": 720, \"length\": 50, \"batch_size\": 1, \"start_image\": [\"8\", 0]}}, \"11\": {\"class_type\": \"KSampler\", \"inputs\": {\"seed\": 954868916863, \"steps\": 20, \"cfg\": 3.0, \"sampler_name\": \"euler\", \"scheduler\": \"normal\", \"denoise\": 1.0, \"model\": [\"1\", 0], \"positive\": [\"4\", 0], \"negative\": [\"5\", 0], \"latent_image\": [\"10\", 0]}}, \"12\": {\"class_type\": \"KSampler\", \"inputs\": {\"seed\": 954868916863, \"steps\": 20, \"cfg\": 3.0, \"sampler_name\": \"euler\", \"scheduler\": \"normal\", \"denoise\": 1.0, \"model\": [\"2\", 0], \"positive\": [\"4\", 0], \"negative\": [\"5\", 0], \"latent_image\": [\"11\", 0]}}, \"13\": {\"class_type\": \"VAEDecode\", \"inputs\": {\"samples\": [\"12\", 0], \"vae\": [\"6\", 0]}}, \"14\": {\"class_type\": \"CreateVideo\", \"inputs\": {\"images\": [\"13\", 0], \"fps\": 25.0}}, \"15\": {\"class_type\": \"SaveVideo\", \"inputs\": {\"filename_prefix\": \"drama\", \"video\": [\"14\", 0], \"format\": \"auto\", \"codec\": \"auto\"}}}, {\"create_time\": 1781840407403}, [\"15\"]], \"outputs\": {}, \"status\": {\"status_str\": \"error\", \"completed\": false, \"messages\": [[\"execution_start\", {\"prompt_id\": \"114ac47e-0e30-4824-976c-46819b2c19ab\", \"timestamp\": 1781840407405}], [\"execution_cached\", {\"nodes\": [\"1\", \"2\", \"3\", \"6\"], \"prompt_id\": \"114ac47e-0e30-4824-976c-46819b2c19ab\", \"timestamp\": 1781840407416}], [\"execution_error\", {\"prompt_id\": \"114ac47e-0e30-4824-976c-46819b2c19ab\", \"node_id\": \"8\", \"node_type\": \"LoadImage\", \"executed\": [], \"exception_message\": \"[Errno 21] Is a directory: '/root/autodl-tmp/ComfyUI/input/'\\n\", \"exception_type\": \"av.error.IsADirectoryError\", \"traceback\": [\"  File \\\"/root/autodl-tmp/ComfyUI/execution.py\\\", line 542, in execute\\n    output_data, output_ui, has_subgraph, has_pending_tasks = await get_output_data(prompt_id, unique_id, obj, input_data_all, execution_block_cb=execution_block_cb, pre_execute_cb=pre_execute_cb, v3_data=v3_data)\\n\", \"  File \\\"/root/autodl-tmp/ComfyUI/execution.py\\\", line 341, in get_output_data\\n    return_values = await _async_map_node_over_list(prompt_id, unique_id, obj, input_data_all, obj.FUNCTION, allow_interrupt=True, execution_block_cb=execution_block_cb, pre_execute_cb=pre_execute_cb, v3_data=v3_data)\\n\", \"  File \\\"/root/autodl-tmp/ComfyUI/execution.py\\\", line 315, in _async_map_node_over_list\\n    await process_inputs(input_dict, i)\\n\", \"  File \\\"/root/autodl-tmp/ComfyUI/execution.py\\\", line 303, in process_inputs\\n    result = f(**inputs)\\n\", \"  File \\\"/root/autodl-tmp/ComfyUI/nodes.py\\\", line 1718, in load_image\\n    components = InputImpl.VideoFromFile(image_path).get_components()\\n\", \"  File \\\"/root/autodl-tmp/ComfyUI/comfy_api/latest/_input_impl/video_types.py\\\", line 370, in get_components\\n    with av.open(self.__file, mode='r') as container:\\n\", \"  File \\\"av/container/core.py\\\", line 555, in av.container.core.open\\n\", \"  File \\\"av/container/core.py\\\", line 344, in av.container.core.Container.__cinit__\\n\", \"  File \\\"av/container/core.py\\\", line 369, in av.container.core.Container.err_check\\n\", \"  File \\\"av/error.py\\\", line 411, in av.error.err_check\\n\"], \"current_inputs\": {\"image\": [\"\"]}, \"current_outputs\": [\"3\", \"5\", \"8\", \"1\", \"11\", \"15\", \"12\", \"2\", \"7\", \"9\", \"13\", \"14\", \"4\", \"6\", \"10\"], \"timestamp\": 1781840407422}]]}, \"meta\": {}}}"}
2026-06-19T03:48:59.452Z [WARN] [ComfyUI poll] 任务完成但未找到视频文件 {"outputs":"{}","video_gen_id":15}
2026-06-19T03:49:09.454Z [INFO] [ComfyUI poll] 查询history {"url":"http://localhost:18188/history/114ac47e-0e30-4824-976c-46819b2c19ab","video_gen_id":15}
2026-06-19T03:49:09.456Z [INFO] [poll] 发起查询 {"video_gen_id":15,"round":54,"url":"http://localhost:18188/history/114ac47e-0e30-4824-976c-46819b2c19ab"}
2026-06-19T03:49:09.491Z [INFO] [poll] 查询 HTTP 结果 {"video_gen_id":15,"round":54,"http_status":200,"bytes":4429,"body":"{\"114ac47e-0e30-4824-976c-46819b2c19ab\": {\"prompt\": [4, \"114ac47e-0e30-4824-976c-46819b2c19ab\", {\"1\": {\"class_type\": \"UNETLoader\", \"inputs\": {\"unet_name\": \"wan_fp8_scaled/I2V/Wan2_2-I2V-A14B-HIGH_fp8_e4m3fn_scaled_KJ.safetensors\", \"weight_dtype\": \"default\"}}, \"2\": {\"class_type\": \"UNETLoader\", \"inputs\": {\"unet_name\": \"wan_fp8_scaled/I2V/Wan2_2-I2V-A14B-LOW_fp8_e4m3fn_scaled_KJ.safetensors\", \"weight_dtype\": \"default\"}}, \"3\": {\"class_type\": \"CLIPLoader\", \"inputs\": {\"clip_name\": \"umt5_xxl_fp8_e4m3fn_scaled.safetensors\", \"type\": \"wan\"}}, \"4\": {\"class_type\": \"CLIPTextEncode\", \"inputs\": {\"text\": \"a young woman smiling gently, cinematic lighting, soft breeze in hair\", \"clip\": [\"3\", 0]}}, \"5\": {\"class_type\": \"CLIPTextEncode\", \"inputs\": {\"text\": \"low quality, blurry, distorted, bad anatomy, watermark, text, logo, nsfw\", \"clip\": [\"3\", 0]}}, \"6\": {\"class_type\": \"VAELoader\", \"inputs\": {\"vae_name\": \"wan_2.1_vae.safetensors\"}}, \"7\": {\"class_type\": \"CLIPVisionLoader\", \"inputs\": {\"clip_name\": \"clip_vision_h.safetensors\"}}, \"8\": {\"class_type\": \"LoadImage\", \"inputs\": {\"image\": \"\"}}, \"9\": {\"class_type\": \"CLIPVisionEncode\", \"inputs\": {\"clip_vision\": [\"7\", 0], \"image\": [\"8\", 0]}}, \"10\": {\"class_type\": \"Wan22ImageToVideoLatent\", \"inputs\": {\"vae\": [\"6\", 0], \"width\": 1280, \"height\": 720, \"length\": 50, \"batch_size\": 1, \"start_image\": [\"8\", 0]}}, \"11\": {\"class_type\": \"KSampler\", \"inputs\": {\"seed\": 954868916863, \"steps\": 20, \"cfg\": 3.0, \"sampler_name\": \"euler\", \"scheduler\": \"normal\", \"denoise\": 1.0, \"model\": [\"1\", 0], \"positive\": [\"4\", 0], \"negative\": [\"5\", 0], \"latent_image\": [\"10\", 0]}}, \"12\": {\"class_type\": \"KSampler\", \"inputs\": {\"seed\": 954868916863, \"steps\": 20, \"cfg\": 3.0, \"sampler_name\": \"euler\", \"scheduler\": \"normal\", \"denoise\": 1.0, \"model\": [\"2\", 0], \"positive\": [\"4\", 0], \"negative\": [\"5\", 0], \"latent_image\": [\"11\", 0]}}, \"13\": {\"class_type\": \"VAEDecode\", \"inputs\": {\"samples\": [\"12\", 0], \"vae\": [\"6\", 0]}}, \"14\": {\"class_type\": \"CreateVideo\", \"inputs\": {\"images\": [\"13\", 0], \"fps\": 25.0}}, \"15\": {\"class_type\": \"SaveVideo\", \"inputs\": {\"filename_prefix\": \"drama\", \"video\": [\"14\", 0], \"format\": \"auto\", \"codec\": \"auto\"}}}, {\"create_time\": 1781840407403}, [\"15\"]], \"outputs\": {}, \"status\": {\"status_str\": \"error\", \"completed\": false, \"messages\": [[\"execution_start\", {\"prompt_id\": \"114ac47e-0e30-4824-976c-46819b2c19ab\", \"timestamp\": 1781840407405}], [\"execution_cached\", {\"nodes\": [\"1\", \"2\", \"3\", \"6\"], \"prompt_id\": \"114ac47e-0e30-4824-976c-46819b2c19ab\", \"timestamp\": 1781840407416}], [\"execution_error\", {\"prompt_id\": \"114ac47e-0e30-4824-976c-46819b2c19ab\", \"node_id\": \"8\", \"node_type\": \"LoadImage\", \"executed\": [], \"exception_message\": \"[Errno 21] Is a directory: '/root/autodl-tmp/ComfyUI/input/'\\n\", \"exception_type\": \"av.error.IsADirectoryError\", \"traceback\": [\"  File \\\"/root/autodl-tmp/ComfyUI/execution.py\\\", line 542, in execute\\n    output_data, output_ui, has_subgraph, has_pending_tasks = await get_output_data(prompt_id, unique_id, obj, input_data_all, execution_block_cb=execution_block_cb, pre_execute_cb=pre_execute_cb, v3_data=v3_data)\\n\", \"  File \\\"/root/autodl-tmp/ComfyUI/execution.py\\\", line 341, in get_output_data\\n    return_values = await _async_map_node_over_list(prompt_id, unique_id, obj, input_data_all, obj.FUNCTION, allow_interrupt=True, execution_block_cb=execution_block_cb, pre_execute_cb=pre_execute_cb, v3_data=v3_data)\\n\", \"  File \\\"/root/autodl-tmp/ComfyUI/execution.py\\\", line 315, in _async_map_node_over_list\\n    await process_inputs(input_dict, i)\\n\", \"  File \\\"/root/autodl-tmp/ComfyUI/execution.py\\\", line 303, in process_inputs\\n    result = f(**inputs)\\n\", \"  File \\\"/root/autodl-tmp/ComfyUI/nodes.py\\\", line 1718, in load_image\\n    components = InputImpl.VideoFromFile(image_path).get_components()\\n\", \"  File \\\"/root/autodl-tmp/ComfyUI/comfy_api/latest/_input_impl/video_types.py\\\", line 370, in get_components\\n    with av.open(self.__file, mode='r') as container:\\n\", \"  File \\\"av/container/core.py\\\", line 555, in av.container.core.open\\n\", \"  File \\\"av/container/core.py\\\", line 344, in av.container.core.Container.__cinit__\\n\", \"  File \\\"av/container/core.py\\\", line 369, in av.container.core.Container.err_check\\n\", \"  File \\\"av/error.py\\\", line 411, in av.error.err_check\\n\"], \"current_inputs\": {\"image\": [\"\"]}, \"current_outputs\": [\"3\", \"5\", \"8\", \"1\", \"11\", \"15\", \"12\", \"2\", \"7\", \"9\", \"13\", \"14\", \"4\", \"6\", \"10\"], \"timestamp\": 1781840407422}]]}, \"meta\": {}}}"}
2026-06-19T03:49:09.492Z [WARN] [ComfyUI poll] 任务完成但未找到视频文件 {"outputs":"{}","video_gen_id":15}
2026-06-19T03:49:19.502Z [INFO] [ComfyUI poll] 查询history {"url":"http://localhost:18188/history/114ac47e-0e30-4824-976c-46819b2c19ab","video_gen_id":15}
2026-06-19T03:49:19.506Z [INFO] [poll] 发起查询 {"video_gen_id":15,"round":55,"url":"http://localhost:18188/history/114ac47e-0e30-4824-976c-46819b2c19ab"}
2026-06-19T03:49:19.541Z [INFO] [poll] 查询 HTTP 结果 {"video_gen_id":15,"round":55,"http_status":200,"bytes":4429,"body":"{\"114ac47e-0e30-4824-976c-46819b2c19ab\": {\"prompt\": [4, \"114ac47e-0e30-4824-976c-46819b2c19ab\", {\"1\": {\"class_type\": \"UNETLoader\", \"inputs\": {\"unet_name\": \"wan_fp8_scaled/I2V/Wan2_2-I2V-A14B-HIGH_fp8_e4m3fn_scaled_KJ.safetensors\", \"weight_dtype\": \"default\"}}, \"2\": {\"class_type\": \"UNETLoader\", \"inputs\": {\"unet_name\": \"wan_fp8_scaled/I2V/Wan2_2-I2V-A14B-LOW_fp8_e4m3fn_scaled_KJ.safetensors\", \"weight_dtype\": \"default\"}}, \"3\": {\"class_type\": \"CLIPLoader\", \"inputs\": {\"clip_name\": \"umt5_xxl_fp8_e4m3fn_scaled.safetensors\", \"type\": \"wan\"}}, \"4\": {\"class_type\": \"CLIPTextEncode\", \"inputs\": {\"text\": \"a young woman smiling gently, cinematic lighting, soft breeze in hair\", \"clip\": [\"3\", 0]}}, \"5\": {\"class_type\": \"CLIPTextEncode\", \"inputs\": {\"text\": \"low quality, blurry, distorted, bad anatomy, watermark, text, logo, nsfw\", \"clip\": [\"3\", 0]}}, \"6\": {\"class_type\": \"VAELoader\", \"inputs\": {\"vae_name\": \"wan_2.1_vae.safetensors\"}}, \"7\": {\"class_type\": \"CLIPVisionLoader\", \"inputs\": {\"clip_name\": \"clip_vision_h.safetensors\"}}, \"8\": {\"class_type\": \"LoadImage\", \"inputs\": {\"image\": \"\"}}, \"9\": {\"class_type\": \"CLIPVisionEncode\", \"inputs\": {\"clip_vision\": [\"7\", 0], \"image\": [\"8\", 0]}}, \"10\": {\"class_type\": \"Wan22ImageToVideoLatent\", \"inputs\": {\"vae\": [\"6\", 0], \"width\": 1280, \"height\": 720, \"length\": 50, \"batch_size\": 1, \"start_image\": [\"8\", 0]}}, \"11\": {\"class_type\": \"KSampler\", \"inputs\": {\"seed\": 954868916863, \"steps\": 20, \"cfg\": 3.0, \"sampler_name\": \"euler\", \"scheduler\": \"normal\", \"denoise\": 1.0, \"model\": [\"1\", 0], \"positive\": [\"4\", 0], \"negative\": [\"5\", 0], \"latent_image\": [\"10\", 0]}}, \"12\": {\"class_type\": \"KSampler\", \"inputs\": {\"seed\": 954868916863, \"steps\": 20, \"cfg\": 3.0, \"sampler_name\": \"euler\", \"scheduler\": \"normal\", \"denoise\": 1.0, \"model\": [\"2\", 0], \"positive\": [\"4\", 0], \"negative\": [\"5\", 0], \"latent_image\": [\"11\", 0]}}, \"13\": {\"class_type\": \"VAEDecode\", \"inputs\": {\"samples\": [\"12\", 0], \"vae\": [\"6\", 0]}}, \"14\": {\"class_type\": \"CreateVideo\", \"inputs\": {\"images\": [\"13\", 0], \"fps\": 25.0}}, \"15\": {\"class_type\": \"SaveVideo\", \"inputs\": {\"filename_prefix\": \"drama\", \"video\": [\"14\", 0], \"format\": \"auto\", \"codec\": \"auto\"}}}, {\"create_time\": 1781840407403}, [\"15\"]], \"outputs\": {}, \"status\": {\"status_str\": \"error\", \"completed\": false, \"messages\": [[\"execution_start\", {\"prompt_id\": \"114ac47e-0e30-4824-976c-46819b2c19ab\", \"timestamp\": 1781840407405}], [\"execution_cached\", {\"nodes\": [\"1\", \"2\", \"3\", \"6\"], \"prompt_id\": \"114ac47e-0e30-4824-976c-46819b2c19ab\", \"timestamp\": 1781840407416}], [\"execution_error\", {\"prompt_id\": \"114ac47e-0e30-4824-976c-46819b2c19ab\", \"node_id\": \"8\", \"node_type\": \"LoadImage\", \"executed\": [], \"exception_message\": \"[Errno 21] Is a directory: '/root/autodl-tmp/ComfyUI/input/'\\n\", \"exception_type\": \"av.error.IsADirectoryError\", \"traceback\": [\"  File \\\"/root/autodl-tmp/ComfyUI/execution.py\\\", line 542, in execute\\n    output_data, output_ui, has_subgraph, has_pending_tasks = await get_output_data(prompt_id, unique_id, obj, input_data_all, execution_block_cb=execution_block_cb, pre_execute_cb=pre_execute_cb, v3_data=v3_data)\\n\", \"  File \\\"/root/autodl-tmp/ComfyUI/execution.py\\\", line 341, in get_output_data\\n    return_values = await _async_map_node_over_list(prompt_id, unique_id, obj, input_data_all, obj.FUNCTION, allow_interrupt=True, execution_block_cb=execution_block_cb, pre_execute_cb=pre_execute_cb, v3_data=v3_data)\\n\", \"  File \\\"/root/autodl-tmp/ComfyUI/execution.py\\\", line 315, in _async_map_node_over_list\\n    await process_inputs(input_dict, i)\\n\", \"  File \\\"/root/autodl-tmp/ComfyUI/execution.py\\\", line 303, in process_inputs\\n    result = f(**inputs)\\n\", \"  File \\\"/root/autodl-tmp/ComfyUI/nodes.py\\\", line 1718, in load_image\\n    components = InputImpl.VideoFromFile(image_path).get_components()\\n\", \"  File \\\"/root/autodl-tmp/ComfyUI/comfy_api/latest/_input_impl/video_types.py\\\", line 370, in get_components\\n    with av.open(self.__file, mode='r') as container:\\n\", \"  File \\\"av/container/core.py\\\", line 555, in av.container.core.open\\n\", \"  File \\\"av/container/core.py\\\", line 344, in av.container.core.Container.__cinit__\\n\", \"  File \\\"av/container/core.py\\\", line 369, in av.container.core.Container.err_check\\n\", \"  File \\\"av/error.py\\\", line 411, in av.error.err_check\\n\"], \"current_inputs\": {\"image\": [\"\"]}, \"current_outputs\": [\"3\", \"5\", \"8\", \"1\", \"11\", \"15\", \"12\", \"2\", \"7\", \"9\", \"13\", \"14\", \"4\", \"6\", \"10\"], \"timestamp\": 1781840407422}]]}, \"meta\": {}}}"}
2026-06-19T03:49:19.542Z [WARN] [ComfyUI poll] 任务完成但未找到视频文件 {"outputs":"{}","video_gen_id":15}
2026-06-19T03:49:29.549Z [INFO] [ComfyUI poll] 查询history {"url":"http://localhost:18188/history/114ac47e-0e30-4824-976c-46819b2c19ab","video_gen_id":15}
2026-06-19T03:49:29.550Z [INFO] [poll] 发起查询 {"video_gen_id":15,"round":56,"url":"http://localhost:18188/history/114ac47e-0e30-4824-976c-46819b2c19ab"}
2026-06-19T03:49:29.591Z [INFO] [poll] 查询 HTTP 结果 {"video_gen_id":15,"round":56,"http_status":200,"bytes":4429,"body":"{\"114ac47e-0e30-4824-976c-46819b2c19ab\": {\"prompt\": [4, \"114ac47e-0e30-4824-976c-46819b2c19ab\", {\"1\": {\"class_type\": \"UNETLoader\", \"inputs\": {\"unet_name\": \"wan_fp8_scaled/I2V/Wan2_2-I2V-A14B-HIGH_fp8_e4m3fn_scaled_KJ.safetensors\", \"weight_dtype\": \"default\"}}, \"2\": {\"class_type\": \"UNETLoader\", \"inputs\": {\"unet_name\": \"wan_fp8_scaled/I2V/Wan2_2-I2V-A14B-LOW_fp8_e4m3fn_scaled_KJ.safetensors\", \"weight_dtype\": \"default\"}}, \"3\": {\"class_type\": \"CLIPLoader\", \"inputs\": {\"clip_name\": \"umt5_xxl_fp8_e4m3fn_scaled.safetensors\", \"type\": \"wan\"}}, \"4\": {\"class_type\": \"CLIPTextEncode\", \"inputs\": {\"text\": \"a young woman smiling gently, cinematic lighting, soft breeze in hair\", \"clip\": [\"3\", 0]}}, \"5\": {\"class_type\": \"CLIPTextEncode\", \"inputs\": {\"text\": \"low quality, blurry, distorted, bad anatomy, watermark, text, logo, nsfw\", \"clip\": [\"3\", 0]}}, \"6\": {\"class_type\": \"VAELoader\", \"inputs\": {\"vae_name\": \"wan_2.1_vae.safetensors\"}}, \"7\": {\"class_type\": \"CLIPVisionLoader\", \"inputs\": {\"clip_name\": \"clip_vision_h.safetensors\"}}, \"8\": {\"class_type\": \"LoadImage\", \"inputs\": {\"image\": \"\"}}, \"9\": {\"class_type\": \"CLIPVisionEncode\", \"inputs\": {\"clip_vision\": [\"7\", 0], \"image\": [\"8\", 0]}}, \"10\": {\"class_type\": \"Wan22ImageToVideoLatent\", \"inputs\": {\"vae\": [\"6\", 0], \"width\": 1280, \"height\": 720, \"length\": 50, \"batch_size\": 1, \"start_image\": [\"8\", 0]}}, \"11\": {\"class_type\": \"KSampler\", \"inputs\": {\"seed\": 954868916863, \"steps\": 20, \"cfg\": 3.0, \"sampler_name\": \"euler\", \"scheduler\": \"normal\", \"denoise\": 1.0, \"model\": [\"1\", 0], \"positive\": [\"4\", 0], \"negative\": [\"5\", 0], \"latent_image\": [\"10\", 0]}}, \"12\": {\"class_type\": \"KSampler\", \"inputs\": {\"seed\": 954868916863, \"steps\": 20, \"cfg\": 3.0, \"sampler_name\": \"euler\", \"scheduler\": \"normal\", \"denoise\": 1.0, \"model\": [\"2\", 0], \"positive\": [\"4\", 0], \"negative\": [\"5\", 0], \"latent_image\": [\"11\", 0]}}, \"13\": {\"class_type\": \"VAEDecode\", \"inputs\": {\"samples\": [\"12\", 0], \"vae\": [\"6\", 0]}}, \"14\": {\"class_type\": \"CreateVideo\", \"inputs\": {\"images\": [\"13\", 0], \"fps\": 25.0}}, \"15\": {\"class_type\": \"SaveVideo\", \"inputs\": {\"filename_prefix\": \"drama\", \"video\": [\"14\", 0], \"format\": \"auto\", \"codec\": \"auto\"}}}, {\"create_time\": 1781840407403}, [\"15\"]], \"outputs\": {}, \"status\": {\"status_str\": \"error\", \"completed\": false, \"messages\": [[\"execution_start\", {\"prompt_id\": \"114ac47e-0e30-4824-976c-46819b2c19ab\", \"timestamp\": 1781840407405}], [\"execution_cached\", {\"nodes\": [\"1\", \"2\", \"3\", \"6\"], \"prompt_id\": \"114ac47e-0e30-4824-976c-46819b2c19ab\", \"timestamp\": 1781840407416}], [\"execution_error\", {\"prompt_id\": \"114ac47e-0e30-4824-976c-46819b2c19ab\", \"node_id\": \"8\", \"node_type\": \"LoadImage\", \"executed\": [], \"exception_message\": \"[Errno 21] Is a directory: '/root/autodl-tmp/ComfyUI/input/'\\n\", \"exception_type\": \"av.error.IsADirectoryError\", \"traceback\": [\"  File \\\"/root/autodl-tmp/ComfyUI/execution.py\\\", line 542, in execute\\n    output_data, output_ui, has_subgraph, has_pending_tasks = await get_output_data(prompt_id, unique_id, obj, input_data_all, execution_block_cb=execution_block_cb, pre_execute_cb=pre_execute_cb, v3_data=v3_data)\\n\", \"  File \\\"/root/autodl-tmp/ComfyUI/execution.py\\\", line 341, in get_output_data\\n    return_values = await _async_map_node_over_list(prompt_id, unique_id, obj, input_data_all, obj.FUNCTION, allow_interrupt=True, execution_block_cb=execution_block_cb, pre_execute_cb=pre_execute_cb, v3_data=v3_data)\\n\", \"  File \\\"/root/autodl-tmp/ComfyUI/execution.py\\\", line 315, in _async_map_node_over_list\\n    await process_inputs(input_dict, i)\\n\", \"  File \\\"/root/autodl-tmp/ComfyUI/execution.py\\\", line 303, in process_inputs\\n    result = f(**inputs)\\n\", \"  File \\\"/root/autodl-tmp/ComfyUI/nodes.py\\\", line 1718, in load_image\\n    components = InputImpl.VideoFromFile(image_path).get_components()\\n\", \"  File \\\"/root/autodl-tmp/ComfyUI/comfy_api/latest/_input_impl/video_types.py\\\", line 370, in get_components\\n    with av.open(self.__file, mode='r') as container:\\n\", \"  File \\\"av/container/core.py\\\", line 555, in av.container.core.open\\n\", \"  File \\\"av/container/core.py\\\", line 344, in av.container.core.Container.__cinit__\\n\", \"  File \\\"av/container/core.py\\\", line 369, in av.container.core.Container.err_check\\n\", \"  File \\\"av/error.py\\\", line 411, in av.error.err_check\\n\"], \"current_inputs\": {\"image\": [\"\"]}, \"current_outputs\": [\"3\", \"5\", \"8\", \"1\", \"11\", \"15\", \"12\", \"2\", \"7\", \"9\", \"13\", \"14\", \"4\", \"6\", \"10\"], \"timestamp\": 1781840407422}]]}, \"meta\": {}}}"}
2026-06-19T03:49:29.592Z [WARN] [ComfyUI poll] 任务完成但未找到视频文件 {"outputs":"{}","video_gen_id":15}
2026-06-19T03:49:39.596Z [INFO] [ComfyUI poll] 查询history {"url":"http://localhost:18188/history/114ac47e-0e30-4824-976c-46819b2c19ab","video_gen_id":15}
2026-06-19T03:49:39.597Z [INFO] [poll] 发起查询 {"video_gen_id":15,"round":57,"url":"http://localhost:18188/history/114ac47e-0e30-4824-976c-46819b2c19ab"}
2026-06-19T03:49:39.639Z [INFO] [poll] 查询 HTTP 结果 {"video_gen_id":15,"round":57,"http_status":200,"bytes":4429,"body":"{\"114ac47e-0e30-4824-976c-46819b2c19ab\": {\"prompt\": [4, \"114ac47e-0e30-4824-976c-46819b2c19ab\", {\"1\": {\"class_type\": \"UNETLoader\", \"inputs\": {\"unet_name\": \"wan_fp8_scaled/I2V/Wan2_2-I2V-A14B-HIGH_fp8_e4m3fn_scaled_KJ.safetensors\", \"weight_dtype\": \"default\"}}, \"2\": {\"class_type\": \"UNETLoader\", \"inputs\": {\"unet_name\": \"wan_fp8_scaled/I2V/Wan2_2-I2V-A14B-LOW_fp8_e4m3fn_scaled_KJ.safetensors\", \"weight_dtype\": \"default\"}}, \"3\": {\"class_type\": \"CLIPLoader\", \"inputs\": {\"clip_name\": \"umt5_xxl_fp8_e4m3fn_scaled.safetensors\", \"type\": \"wan\"}}, \"4\": {\"class_type\": \"CLIPTextEncode\", \"inputs\": {\"text\": \"a young woman smiling gently, cinematic lighting, soft breeze in hair\", \"clip\": [\"3\", 0]}}, \"5\": {\"class_type\": \"CLIPTextEncode\", \"inputs\": {\"text\": \"low quality, blurry, distorted, bad anatomy, watermark, text, logo, nsfw\", \"clip\": [\"3\", 0]}}, \"6\": {\"class_type\": \"VAELoader\", \"inputs\": {\"vae_name\": \"wan_2.1_vae.safetensors\"}}, \"7\": {\"class_type\": \"CLIPVisionLoader\", \"inputs\": {\"clip_name\": \"clip_vision_h.safetensors\"}}, \"8\": {\"class_type\": \"LoadImage\", \"inputs\": {\"image\": \"\"}}, \"9\": {\"class_type\": \"CLIPVisionEncode\", \"inputs\": {\"clip_vision\": [\"7\", 0], \"image\": [\"8\", 0]}}, \"10\": {\"class_type\": \"Wan22ImageToVideoLatent\", \"inputs\": {\"vae\": [\"6\", 0], \"width\": 1280, \"height\": 720, \"length\": 50, \"batch_size\": 1, \"start_image\": [\"8\", 0]}}, \"11\": {\"class_type\": \"KSampler\", \"inputs\": {\"seed\": 954868916863, \"steps\": 20, \"cfg\": 3.0, \"sampler_name\": \"euler\", \"scheduler\": \"normal\", \"denoise\": 1.0, \"model\": [\"1\", 0], \"positive\": [\"4\", 0], \"negative\": [\"5\", 0], \"latent_image\": [\"10\", 0]}}, \"12\": {\"class_type\": \"KSampler\", \"inputs\": {\"seed\": 954868916863, \"steps\": 20, \"cfg\": 3.0, \"sampler_name\": \"euler\", \"scheduler\": \"normal\", \"denoise\": 1.0, \"model\": [\"2\", 0], \"positive\": [\"4\", 0], \"negative\": [\"5\", 0], \"latent_image\": [\"11\", 0]}}, \"13\": {\"class_type\": \"VAEDecode\", \"inputs\": {\"samples\": [\"12\", 0], \"vae\": [\"6\", 0]}}, \"14\": {\"class_type\": \"CreateVideo\", \"inputs\": {\"images\": [\"13\", 0], \"fps\": 25.0}}, \"15\": {\"class_type\": \"SaveVideo\", \"inputs\": {\"filename_prefix\": \"drama\", \"video\": [\"14\", 0], \"format\": \"auto\", \"codec\": \"auto\"}}}, {\"create_time\": 1781840407403}, [\"15\"]], \"outputs\": {}, \"status\": {\"status_str\": \"error\", \"completed\": false, \"messages\": [[\"execution_start\", {\"prompt_id\": \"114ac47e-0e30-4824-976c-46819b2c19ab\", \"timestamp\": 1781840407405}], [\"execution_cached\", {\"nodes\": [\"1\", \"2\", \"3\", \"6\"], \"prompt_id\": \"114ac47e-0e30-4824-976c-46819b2c19ab\", \"timestamp\": 1781840407416}], [\"execution_error\", {\"prompt_id\": \"114ac47e-0e30-4824-976c-46819b2c19ab\", \"node_id\": \"8\", \"node_type\": \"LoadImage\", \"executed\": [], \"exception_message\": \"[Errno 21] Is a directory: '/root/autodl-tmp/ComfyUI/input/'\\n\", \"exception_type\": \"av.error.IsADirectoryError\", \"traceback\": [\"  File \\\"/root/autodl-tmp/ComfyUI/execution.py\\\", line 542, in execute\\n    output_data, output_ui, has_subgraph, has_pending_tasks = await get_output_data(prompt_id, unique_id, obj, input_data_all, execution_block_cb=execution_block_cb, pre_execute_cb=pre_execute_cb, v3_data=v3_data)\\n\", \"  File \\\"/root/autodl-tmp/ComfyUI/execution.py\\\", line 341, in get_output_data\\n    return_values = await _async_map_node_over_list(prompt_id, unique_id, obj, input_data_all, obj.FUNCTION, allow_interrupt=True, execution_block_cb=execution_block_cb, pre_execute_cb=pre_execute_cb, v3_data=v3_data)\\n\", \"  File \\\"/root/autodl-tmp/ComfyUI/execution.py\\\", line 315, in _async_map_node_over_list\\n    await process_inputs(input_dict, i)\\n\", \"  File \\\"/root/autodl-tmp/ComfyUI/execution.py\\\", line 303, in process_inputs\\n    result = f(**inputs)\\n\", \"  File \\\"/root/autodl-tmp/ComfyUI/nodes.py\\\", line 1718, in load_image\\n    components = InputImpl.VideoFromFile(image_path).get_components()\\n\", \"  File \\\"/root/autodl-tmp/ComfyUI/comfy_api/latest/_input_impl/video_types.py\\\", line 370, in get_components\\n    with av.open(self.__file, mode='r') as container:\\n\", \"  File \\\"av/container/core.py\\\", line 555, in av.container.core.open\\n\", \"  File \\\"av/container/core.py\\\", line 344, in av.container.core.Container.__cinit__\\n\", \"  File \\\"av/container/core.py\\\", line 369, in av.container.core.Container.err_check\\n\", \"  File \\\"av/error.py\\\", line 411, in av.error.err_check\\n\"], \"current_inputs\": {\"image\": [\"\"]}, \"current_outputs\": [\"3\", \"5\", \"8\", \"1\", \"11\", \"15\", \"12\", \"2\", \"7\", \"9\", \"13\", \"14\", \"4\", \"6\", \"10\"], \"timestamp\": 1781840407422}]]}, \"meta\": {}}}"}
2026-06-19T03:49:39.639Z [WARN] [ComfyUI poll] 任务完成但未找到视频文件 {"outputs":"{}","video_gen_id":15}
2026-06-19T03:49:49.642Z [INFO] [ComfyUI poll] 查询history {"url":"http://localhost:18188/history/114ac47e-0e30-4824-976c-46819b2c19ab","video_gen_id":15}
2026-06-19T03:49:49.647Z [INFO] [poll] 发起查询 {"video_gen_id":15,"round":58,"url":"http://localhost:18188/history/114ac47e-0e30-4824-976c-46819b2c19ab"}
2026-06-19T03:49:49.683Z [INFO] [poll] 查询 HTTP 结果 {"video_gen_id":15,"round":58,"http_status":200,"bytes":4429,"body":"{\"114ac47e-0e30-4824-976c-46819b2c19ab\": {\"prompt\": [4, \"114ac47e-0e30-4824-976c-46819b2c19ab\", {\"1\": {\"class_type\": \"UNETLoader\", \"inputs\": {\"unet_name\": \"wan_fp8_scaled/I2V/Wan2_2-I2V-A14B-HIGH_fp8_e4m3fn_scaled_KJ.safetensors\", \"weight_dtype\": \"default\"}}, \"2\": {\"class_type\": \"UNETLoader\", \"inputs\": {\"unet_name\": \"wan_fp8_scaled/I2V/Wan2_2-I2V-A14B-LOW_fp8_e4m3fn_scaled_KJ.safetensors\", \"weight_dtype\": \"default\"}}, \"3\": {\"class_type\": \"CLIPLoader\", \"inputs\": {\"clip_name\": \"umt5_xxl_fp8_e4m3fn_scaled.safetensors\", \"type\": \"wan\"}}, \"4\": {\"class_type\": \"CLIPTextEncode\", \"inputs\": {\"text\": \"a young woman smiling gently, cinematic lighting, soft breeze in hair\", \"clip\": [\"3\", 0]}}, \"5\": {\"class_type\": \"CLIPTextEncode\", \"inputs\": {\"text\": \"low quality, blurry, distorted, bad anatomy, watermark, text, logo, nsfw\", \"clip\": [\"3\", 0]}}, \"6\": {\"class_type\": \"VAELoader\", \"inputs\": {\"vae_name\": \"wan_2.1_vae.safetensors\"}}, \"7\": {\"class_type\": \"CLIPVisionLoader\", \"inputs\": {\"clip_name\": \"clip_vision_h.safetensors\"}}, \"8\": {\"class_type\": \"LoadImage\", \"inputs\": {\"image\": \"\"}}, \"9\": {\"class_type\": \"CLIPVisionEncode\", \"inputs\": {\"clip_vision\": [\"7\", 0], \"image\": [\"8\", 0]}}, \"10\": {\"class_type\": \"Wan22ImageToVideoLatent\", \"inputs\": {\"vae\": [\"6\", 0], \"width\": 1280, \"height\": 720, \"length\": 50, \"batch_size\": 1, \"start_image\": [\"8\", 0]}}, \"11\": {\"class_type\": \"KSampler\", \"inputs\": {\"seed\": 954868916863, \"steps\": 20, \"cfg\": 3.0, \"sampler_name\": \"euler\", \"scheduler\": \"normal\", \"denoise\": 1.0, \"model\": [\"1\", 0], \"positive\": [\"4\", 0], \"negative\": [\"5\", 0], \"latent_image\": [\"10\", 0]}}, \"12\": {\"class_type\": \"KSampler\", \"inputs\": {\"seed\": 954868916863, \"steps\": 20, \"cfg\": 3.0, \"sampler_name\": \"euler\", \"scheduler\": \"normal\", \"denoise\": 1.0, \"model\": [\"2\", 0], \"positive\": [\"4\", 0], \"negative\": [\"5\", 0], \"latent_image\": [\"11\", 0]}}, \"13\": {\"class_type\": \"VAEDecode\", \"inputs\": {\"samples\": [\"12\", 0], \"vae\": [\"6\", 0]}}, \"14\": {\"class_type\": \"CreateVideo\", \"inputs\": {\"images\": [\"13\", 0], \"fps\": 25.0}}, \"15\": {\"class_type\": \"SaveVideo\", \"inputs\": {\"filename_prefix\": \"drama\", \"video\": [\"14\", 0], \"format\": \"auto\", \"codec\": \"auto\"}}}, {\"create_time\": 1781840407403}, [\"15\"]], \"outputs\": {}, \"status\": {\"status_str\": \"error\", \"completed\": false, \"messages\": [[\"execution_start\", {\"prompt_id\": \"114ac47e-0e30-4824-976c-46819b2c19ab\", \"timestamp\": 1781840407405}], [\"execution_cached\", {\"nodes\": [\"1\", \"2\", \"3\", \"6\"], \"prompt_id\": \"114ac47e-0e30-4824-976c-46819b2c19ab\", \"timestamp\": 1781840407416}], [\"execution_error\", {\"prompt_id\": \"114ac47e-0e30-4824-976c-46819b2c19ab\", \"node_id\": \"8\", \"node_type\": \"LoadImage\", \"executed\": [], \"exception_message\": \"[Errno 21] Is a directory: '/root/autodl-tmp/ComfyUI/input/'\\n\", \"exception_type\": \"av.error.IsADirectoryError\", \"traceback\": [\"  File \\\"/root/autodl-tmp/ComfyUI/execution.py\\\", line 542, in execute\\n    output_data, output_ui, has_subgraph, has_pending_tasks = await get_output_data(prompt_id, unique_id, obj, input_data_all, execution_block_cb=execution_block_cb, pre_execute_cb=pre_execute_cb, v3_data=v3_data)\\n\", \"  File \\\"/root/autodl-tmp/ComfyUI/execution.py\\\", line 341, in get_output_data\\n    return_values = await _async_map_node_over_list(prompt_id, unique_id, obj, input_data_all, obj.FUNCTION, allow_interrupt=True, execution_block_cb=execution_block_cb, pre_execute_cb=pre_execute_cb, v3_data=v3_data)\\n\", \"  File \\\"/root/autodl-tmp/ComfyUI/execution.py\\\", line 315, in _async_map_node_over_list\\n    await process_inputs(input_dict, i)\\n\", \"  File \\\"/root/autodl-tmp/ComfyUI/execution.py\\\", line 303, in process_inputs\\n    result = f(**inputs)\\n\", \"  File \\\"/root/autodl-tmp/ComfyUI/nodes.py\\\", line 1718, in load_image\\n    components = InputImpl.VideoFromFile(image_path).get_components()\\n\", \"  File \\\"/root/autodl-tmp/ComfyUI/comfy_api/latest/_input_impl/video_types.py\\\", line 370, in get_components\\n    with av.open(self.__file, mode='r') as container:\\n\", \"  File \\\"av/container/core.py\\\", line 555, in av.container.core.open\\n\", \"  File \\\"av/container/core.py\\\", line 344, in av.container.core.Container.__cinit__\\n\", \"  File \\\"av/container/core.py\\\", line 369, in av.container.core.Container.err_check\\n\", \"  File \\\"av/error.py\\\", line 411, in av.error.err_check\\n\"], \"current_inputs\": {\"image\": [\"\"]}, \"current_outputs\": [\"3\", \"5\", \"8\", \"1\", \"11\", \"15\", \"12\", \"2\", \"7\", \"9\", \"13\", \"14\", \"4\", \"6\", \"10\"], \"timestamp\": 1781840407422}]]}, \"meta\": {}}}"}
2026-06-19T03:49:49.684Z [WARN] [ComfyUI poll] 任务完成但未找到视频文件 {"outputs":"{}","video_gen_id":15}
2026-06-19T03:49:59.689Z [INFO] [ComfyUI poll] 查询history {"url":"http://localhost:18188/history/114ac47e-0e30-4824-976c-46819b2c19ab","video_gen_id":15}
2026-06-19T03:49:59.691Z [INFO] [poll] 发起查询 {"video_gen_id":15,"round":59,"url":"http://localhost:18188/history/114ac47e-0e30-4824-976c-46819b2c19ab"}
2026-06-19T03:49:59.726Z [INFO] [poll] 查询 HTTP 结果 {"video_gen_id":15,"round":59,"http_status":200,"bytes":4429,"body":"{\"114ac47e-0e30-4824-976c-46819b2c19ab\": {\"prompt\": [4, \"114ac47e-0e30-4824-976c-46819b2c19ab\", {\"1\": {\"class_type\": \"UNETLoader\", \"inputs\": {\"unet_name\": \"wan_fp8_scaled/I2V/Wan2_2-I2V-A14B-HIGH_fp8_e4m3fn_scaled_KJ.safetensors\", \"weight_dtype\": \"default\"}}, \"2\": {\"class_type\": \"UNETLoader\", \"inputs\": {\"unet_name\": \"wan_fp8_scaled/I2V/Wan2_2-I2V-A14B-LOW_fp8_e4m3fn_scaled_KJ.safetensors\", \"weight_dtype\": \"default\"}}, \"3\": {\"class_type\": \"CLIPLoader\", \"inputs\": {\"clip_name\": \"umt5_xxl_fp8_e4m3fn_scaled.safetensors\", \"type\": \"wan\"}}, \"4\": {\"class_type\": \"CLIPTextEncode\", \"inputs\": {\"text\": \"a young woman smiling gently, cinematic lighting, soft breeze in hair\", \"clip\": [\"3\", 0]}}, \"5\": {\"class_type\": \"CLIPTextEncode\", \"inputs\": {\"text\": \"low quality, blurry, distorted, bad anatomy, watermark, text, logo, nsfw\", \"clip\": [\"3\", 0]}}, \"6\": {\"class_type\": \"VAELoader\", \"inputs\": {\"vae_name\": \"wan_2.1_vae.safetensors\"}}, \"7\": {\"class_type\": \"CLIPVisionLoader\", \"inputs\": {\"clip_name\": \"clip_vision_h.safetensors\"}}, \"8\": {\"class_type\": \"LoadImage\", \"inputs\": {\"image\": \"\"}}, \"9\": {\"class_type\": \"CLIPVisionEncode\", \"inputs\": {\"clip_vision\": [\"7\", 0], \"image\": [\"8\", 0]}}, \"10\": {\"class_type\": \"Wan22ImageToVideoLatent\", \"inputs\": {\"vae\": [\"6\", 0], \"width\": 1280, \"height\": 720, \"length\": 50, \"batch_size\": 1, \"start_image\": [\"8\", 0]}}, \"11\": {\"class_type\": \"KSampler\", \"inputs\": {\"seed\": 954868916863, \"steps\": 20, \"cfg\": 3.0, \"sampler_name\": \"euler\", \"scheduler\": \"normal\", \"denoise\": 1.0, \"model\": [\"1\", 0], \"positive\": [\"4\", 0], \"negative\": [\"5\", 0], \"latent_image\": [\"10\", 0]}}, \"12\": {\"class_type\": \"KSampler\", \"inputs\": {\"seed\": 954868916863, \"steps\": 20, \"cfg\": 3.0, \"sampler_name\": \"euler\", \"scheduler\": \"normal\", \"denoise\": 1.0, \"model\": [\"2\", 0], \"positive\": [\"4\", 0], \"negative\": [\"5\", 0], \"latent_image\": [\"11\", 0]}}, \"13\": {\"class_type\": \"VAEDecode\", \"inputs\": {\"samples\": [\"12\", 0], \"vae\": [\"6\", 0]}}, \"14\": {\"class_type\": \"CreateVideo\", \"inputs\": {\"images\": [\"13\", 0], \"fps\": 25.0}}, \"15\": {\"class_type\": \"SaveVideo\", \"inputs\": {\"filename_prefix\": \"drama\", \"video\": [\"14\", 0], \"format\": \"auto\", \"codec\": \"auto\"}}}, {\"create_time\": 1781840407403}, [\"15\"]], \"outputs\": {}, \"status\": {\"status_str\": \"error\", \"completed\": false, \"messages\": [[\"execution_start\", {\"prompt_id\": \"114ac47e-0e30-4824-976c-46819b2c19ab\", \"timestamp\": 1781840407405}], [\"execution_cached\", {\"nodes\": [\"1\", \"2\", \"3\", \"6\"], \"prompt_id\": \"114ac47e-0e30-4824-976c-46819b2c19ab\", \"timestamp\": 1781840407416}], [\"execution_error\", {\"prompt_id\": \"114ac47e-0e30-4824-976c-46819b2c19ab\", \"node_id\": \"8\", \"node_type\": \"LoadImage\", \"executed\": [], \"exception_message\": \"[Errno 21] Is a directory: '/root/autodl-tmp/ComfyUI/input/'\\n\", \"exception_type\": \"av.error.IsADirectoryError\", \"traceback\": [\"  File \\\"/root/autodl-tmp/ComfyUI/execution.py\\\", line 542, in execute\\n    output_data, output_ui, has_subgraph, has_pending_tasks = await get_output_data(prompt_id, unique_id, obj, input_data_all, execution_block_cb=execution_block_cb, pre_execute_cb=pre_execute_cb, v3_data=v3_data)\\n\", \"  File \\\"/root/autodl-tmp/ComfyUI/execution.py\\\", line 341, in get_output_data\\n    return_values = await _async_map_node_over_list(prompt_id, unique_id, obj, input_data_all, obj.FUNCTION, allow_interrupt=True, execution_block_cb=execution_block_cb, pre_execute_cb=pre_execute_cb, v3_data=v3_data)\\n\", \"  File \\\"/root/autodl-tmp/ComfyUI/execution.py\\\", line 315, in _async_map_node_over_list\\n    await process_inputs(input_dict, i)\\n\", \"  File \\\"/root/autodl-tmp/ComfyUI/execution.py\\\", line 303, in process_inputs\\n    result = f(**inputs)\\n\", \"  File \\\"/root/autodl-tmp/ComfyUI/nodes.py\\\", line 1718, in load_image\\n    components = InputImpl.VideoFromFile(image_path).get_components()\\n\", \"  File \\\"/root/autodl-tmp/ComfyUI/comfy_api/latest/_input_impl/video_types.py\\\", line 370, in get_components\\n    with av.open(self.__file, mode='r') as container:\\n\", \"  File \\\"av/container/core.py\\\", line 555, in av.container.core.open\\n\", \"  File \\\"av/container/core.py\\\", line 344, in av.container.core.Container.__cinit__\\n\", \"  File \\\"av/container/core.py\\\", line 369, in av.container.core.Container.err_check\\n\", \"  File \\\"av/error.py\\\", line 411, in av.error.err_check\\n\"], \"current_inputs\": {\"image\": [\"\"]}, \"current_outputs\": [\"3\", \"5\", \"8\", \"1\", \"11\", \"15\", \"12\", \"2\", \"7\", \"9\", \"13\", \"14\", \"4\", \"6\", \"10\"], \"timestamp\": 1781840407422}]]}, \"meta\": {}}}"}
2026-06-19T03:49:59.726Z [WARN] [ComfyUI poll] 任务完成但未找到视频文件 {"outputs":"{}","video_gen_id":15}
2026-06-19T03:50:09.736Z [INFO] [ComfyUI poll] 查询history {"url":"http://localhost:18188/history/114ac47e-0e30-4824-976c-46819b2c19ab","video_gen_id":15}
2026-06-19T03:50:09.741Z [INFO] [poll] 发起查询 {"video_gen_id":15,"round":60,"url":"http://localhost:18188/history/114ac47e-0e30-4824-976c-46819b2c19ab"}
2026-06-19T03:50:09.782Z [INFO] [poll] 查询 HTTP 结果 {"video_gen_id":15,"round":60,"http_status":200,"bytes":4429,"body":"{\"114ac47e-0e30-4824-976c-46819b2c19ab\": {\"prompt\": [4, \"114ac47e-0e30-4824-976c-46819b2c19ab\", {\"1\": {\"class_type\": \"UNETLoader\", \"inputs\": {\"unet_name\": \"wan_fp8_scaled/I2V/Wan2_2-I2V-A14B-HIGH_fp8_e4m3fn_scaled_KJ.safetensors\", \"weight_dtype\": \"default\"}}, \"2\": {\"class_type\": \"UNETLoader\", \"inputs\": {\"unet_name\": \"wan_fp8_scaled/I2V/Wan2_2-I2V-A14B-LOW_fp8_e4m3fn_scaled_KJ.safetensors\", \"weight_dtype\": \"default\"}}, \"3\": {\"class_type\": \"CLIPLoader\", \"inputs\": {\"clip_name\": \"umt5_xxl_fp8_e4m3fn_scaled.safetensors\", \"type\": \"wan\"}}, \"4\": {\"class_type\": \"CLIPTextEncode\", \"inputs\": {\"text\": \"a young woman smiling gently, cinematic lighting, soft breeze in hair\", \"clip\": [\"3\", 0]}}, \"5\": {\"class_type\": \"CLIPTextEncode\", \"inputs\": {\"text\": \"low quality, blurry, distorted, bad anatomy, watermark, text, logo, nsfw\", \"clip\": [\"3\", 0]}}, \"6\": {\"class_type\": \"VAELoader\", \"inputs\": {\"vae_name\": \"wan_2.1_vae.safetensors\"}}, \"7\": {\"class_type\": \"CLIPVisionLoader\", \"inputs\": {\"clip_name\": \"clip_vision_h.safetensors\"}}, \"8\": {\"class_type\": \"LoadImage\", \"inputs\": {\"image\": \"\"}}, \"9\": {\"class_type\": \"CLIPVisionEncode\", \"inputs\": {\"clip_vision\": [\"7\", 0], \"image\": [\"8\", 0]}}, \"10\": {\"class_type\": \"Wan22ImageToVideoLatent\", \"inputs\": {\"vae\": [\"6\", 0], \"width\": 1280, \"height\": 720, \"length\": 50, \"batch_size\": 1, \"start_image\": [\"8\", 0]}}, \"11\": {\"class_type\": \"KSampler\", \"inputs\": {\"seed\": 954868916863, \"steps\": 20, \"cfg\": 3.0, \"sampler_name\": \"euler\", \"scheduler\": \"normal\", \"denoise\": 1.0, \"model\": [\"1\", 0], \"positive\": [\"4\", 0], \"negative\": [\"5\", 0], \"latent_image\": [\"10\", 0]}}, \"12\": {\"class_type\": \"KSampler\", \"inputs\": {\"seed\": 954868916863, \"steps\": 20, \"cfg\": 3.0, \"sampler_name\": \"euler\", \"scheduler\": \"normal\", \"denoise\": 1.0, \"model\": [\"2\", 0], \"positive\": [\"4\", 0], \"negative\": [\"5\", 0], \"latent_image\": [\"11\", 0]}}, \"13\": {\"class_type\": \"VAEDecode\", \"inputs\": {\"samples\": [\"12\", 0], \"vae\": [\"6\", 0]}}, \"14\": {\"class_type\": \"CreateVideo\", \"inputs\": {\"images\": [\"13\", 0], \"fps\": 25.0}}, \"15\": {\"class_type\": \"SaveVideo\", \"inputs\": {\"filename_prefix\": \"drama\", \"video\": [\"14\", 0], \"format\": \"auto\", \"codec\": \"auto\"}}}, {\"create_time\": 1781840407403}, [\"15\"]], \"outputs\": {}, \"status\": {\"status_str\": \"error\", \"completed\": false, \"messages\": [[\"execution_start\", {\"prompt_id\": \"114ac47e-0e30-4824-976c-46819b2c19ab\", \"timestamp\": 1781840407405}], [\"execution_cached\", {\"nodes\": [\"1\", \"2\", \"3\", \"6\"], \"prompt_id\": \"114ac47e-0e30-4824-976c-46819b2c19ab\", \"timestamp\": 1781840407416}], [\"execution_error\", {\"prompt_id\": \"114ac47e-0e30-4824-976c-46819b2c19ab\", \"node_id\": \"8\", \"node_type\": \"LoadImage\", \"executed\": [], \"exception_message\": \"[Errno 21] Is a directory: '/root/autodl-tmp/ComfyUI/input/'\\n\", \"exception_type\": \"av.error.IsADirectoryError\", \"traceback\": [\"  File \\\"/root/autodl-tmp/ComfyUI/execution.py\\\", line 542, in execute\\n    output_data, output_ui, has_subgraph, has_pending_tasks = await get_output_data(prompt_id, unique_id, obj, input_data_all, execution_block_cb=execution_block_cb, pre_execute_cb=pre_execute_cb, v3_data=v3_data)\\n\", \"  File \\\"/root/autodl-tmp/ComfyUI/execution.py\\\", line 341, in get_output_data\\n    return_values = await _async_map_node_over_list(prompt_id, unique_id, obj, input_data_all, obj.FUNCTION, allow_interrupt=True, execution_block_cb=execution_block_cb, pre_execute_cb=pre_execute_cb, v3_data=v3_data)\\n\", \"  File \\\"/root/autodl-tmp/ComfyUI/execution.py\\\", line 315, in _async_map_node_over_list\\n    await process_inputs(input_dict, i)\\n\", \"  File \\\"/root/autodl-tmp/ComfyUI/execution.py\\\", line 303, in process_inputs\\n    result = f(**inputs)\\n\", \"  File \\\"/root/autodl-tmp/ComfyUI/nodes.py\\\", line 1718, in load_image\\n    components = InputImpl.VideoFromFile(image_path).get_components()\\n\", \"  File \\\"/root/autodl-tmp/ComfyUI/comfy_api/latest/_input_impl/video_types.py\\\", line 370, in get_components\\n    with av.open(self.__file, mode='r') as container:\\n\", \"  File \\\"av/container/core.py\\\", line 555, in av.container.core.open\\n\", \"  File \\\"av/container/core.py\\\", line 344, in av.container.core.Container.__cinit__\\n\", \"  File \\\"av/container/core.py\\\", line 369, in av.container.core.Container.err_check\\n\", \"  File \\\"av/error.py\\\", line 411, in av.error.err_check\\n\"], \"current_inputs\": {\"image\": [\"\"]}, \"current_outputs\": [\"3\", \"5\", \"8\", \"1\", \"11\", \"15\", \"12\", \"2\", \"7\", \"9\", \"13\", \"14\", \"4\", \"6\", \"10\"], \"timestamp\": 1781840407422}]]}, \"meta\": {}}}"}
2026-06-19T03:50:09.782Z [WARN] [ComfyUI poll] 任务完成但未找到视频文件 {"outputs":"{}","video_gen_id":15}
2026-06-19T03:50:19.784Z [INFO] [ComfyUI poll] 查询history {"url":"http://localhost:18188/history/114ac47e-0e30-4824-976c-46819b2c19ab","video_gen_id":15}
2026-06-19T03:50:19.785Z [INFO] [poll] 发起查询 {"video_gen_id":15,"round":61,"url":"http://localhost:18188/history/114ac47e-0e30-4824-976c-46819b2c19ab"}
2026-06-19T03:50:19.825Z [INFO] [poll] 查询 HTTP 结果 {"video_gen_id":15,"round":61,"http_status":200,"bytes":4429,"body":"{\"114ac47e-0e30-4824-976c-46819b2c19ab\": {\"prompt\": [4, \"114ac47e-0e30-4824-976c-46819b2c19ab\", {\"1\": {\"class_type\": \"UNETLoader\", \"inputs\": {\"unet_name\": \"wan_fp8_scaled/I2V/Wan2_2-I2V-A14B-HIGH_fp8_e4m3fn_scaled_KJ.safetensors\", \"weight_dtype\": \"default\"}}, \"2\": {\"class_type\": \"UNETLoader\", \"inputs\": {\"unet_name\": \"wan_fp8_scaled/I2V/Wan2_2-I2V-A14B-LOW_fp8_e4m3fn_scaled_KJ.safetensors\", \"weight_dtype\": \"default\"}}, \"3\": {\"class_type\": \"CLIPLoader\", \"inputs\": {\"clip_name\": \"umt5_xxl_fp8_e4m3fn_scaled.safetensors\", \"type\": \"wan\"}}, \"4\": {\"class_type\": \"CLIPTextEncode\", \"inputs\": {\"text\": \"a young woman smiling gently, cinematic lighting, soft breeze in hair\", \"clip\": [\"3\", 0]}}, \"5\": {\"class_type\": \"CLIPTextEncode\", \"inputs\": {\"text\": \"low quality, blurry, distorted, bad anatomy, watermark, text, logo, nsfw\", \"clip\": [\"3\", 0]}}, \"6\": {\"class_type\": \"VAELoader\", \"inputs\": {\"vae_name\": \"wan_2.1_vae.safetensors\"}}, \"7\": {\"class_type\": \"CLIPVisionLoader\", \"inputs\": {\"clip_name\": \"clip_vision_h.safetensors\"}}, \"8\": {\"class_type\": \"LoadImage\", \"inputs\": {\"image\": \"\"}}, \"9\": {\"class_type\": \"CLIPVisionEncode\", \"inputs\": {\"clip_vision\": [\"7\", 0], \"image\": [\"8\", 0]}}, \"10\": {\"class_type\": \"Wan22ImageToVideoLatent\", \"inputs\": {\"vae\": [\"6\", 0], \"width\": 1280, \"height\": 720, \"length\": 50, \"batch_size\": 1, \"start_image\": [\"8\", 0]}}, \"11\": {\"class_type\": \"KSampler\", \"inputs\": {\"seed\": 954868916863, \"steps\": 20, \"cfg\": 3.0, \"sampler_name\": \"euler\", \"scheduler\": \"normal\", \"denoise\": 1.0, \"model\": [\"1\", 0], \"positive\": [\"4\", 0], \"negative\": [\"5\", 0], \"latent_image\": [\"10\", 0]}}, \"12\": {\"class_type\": \"KSampler\", \"inputs\": {\"seed\": 954868916863, \"steps\": 20, \"cfg\": 3.0, \"sampler_name\": \"euler\", \"scheduler\": \"normal\", \"denoise\": 1.0, \"model\": [\"2\", 0], \"positive\": [\"4\", 0], \"negative\": [\"5\", 0], \"latent_image\": [\"11\", 0]}}, \"13\": {\"class_type\": \"VAEDecode\", \"inputs\": {\"samples\": [\"12\", 0], \"vae\": [\"6\", 0]}}, \"14\": {\"class_type\": \"CreateVideo\", \"inputs\": {\"images\": [\"13\", 0], \"fps\": 25.0}}, \"15\": {\"class_type\": \"SaveVideo\", \"inputs\": {\"filename_prefix\": \"drama\", \"video\": [\"14\", 0], \"format\": \"auto\", \"codec\": \"auto\"}}}, {\"create_time\": 1781840407403}, [\"15\"]], \"outputs\": {}, \"status\": {\"status_str\": \"error\", \"completed\": false, \"messages\": [[\"execution_start\", {\"prompt_id\": \"114ac47e-0e30-4824-976c-46819b2c19ab\", \"timestamp\": 1781840407405}], [\"execution_cached\", {\"nodes\": [\"1\", \"2\", \"3\", \"6\"], \"prompt_id\": \"114ac47e-0e30-4824-976c-46819b2c19ab\", \"timestamp\": 1781840407416}], [\"execution_error\", {\"prompt_id\": \"114ac47e-0e30-4824-976c-46819b2c19ab\", \"node_id\": \"8\", \"node_type\": \"LoadImage\", \"executed\": [], \"exception_message\": \"[Errno 21] Is a directory: '/root/autodl-tmp/ComfyUI/input/'\\n\", \"exception_type\": \"av.error.IsADirectoryError\", \"traceback\": [\"  File \\\"/root/autodl-tmp/ComfyUI/execution.py\\\", line 542, in execute\\n    output_data, output_ui, has_subgraph, has_pending_tasks = await get_output_data(prompt_id, unique_id, obj, input_data_all, execution_block_cb=execution_block_cb, pre_execute_cb=pre_execute_cb, v3_data=v3_data)\\n\", \"  File \\\"/root/autodl-tmp/ComfyUI/execution.py\\\", line 341, in get_output_data\\n    return_values = await _async_map_node_over_list(prompt_id, unique_id, obj, input_data_all, obj.FUNCTION, allow_interrupt=True, execution_block_cb=execution_block_cb, pre_execute_cb=pre_execute_cb, v3_data=v3_data)\\n\", \"  File \\\"/root/autodl-tmp/ComfyUI/execution.py\\\", line 315, in _async_map_node_over_list\\n    await process_inputs(input_dict, i)\\n\", \"  File \\\"/root/autodl-tmp/ComfyUI/execution.py\\\", line 303, in process_inputs\\n    result = f(**inputs)\\n\", \"  File \\\"/root/autodl-tmp/ComfyUI/nodes.py\\\", line 1718, in load_image\\n    components = InputImpl.VideoFromFile(image_path).get_components()\\n\", \"  File \\\"/root/autodl-tmp/ComfyUI/comfy_api/latest/_input_impl/video_types.py\\\", line 370, in get_components\\n    with av.open(self.__file, mode='r') as container:\\n\", \"  File \\\"av/container/core.py\\\", line 555, in av.container.core.open\\n\", \"  File \\\"av/container/core.py\\\", line 344, in av.container.core.Container.__cinit__\\n\", \"  File \\\"av/container/core.py\\\", line 369, in av.container.core.Container.err_check\\n\", \"  File \\\"av/error.py\\\", line 411, in av.error.err_check\\n\"], \"current_inputs\": {\"image\": [\"\"]}, \"current_outputs\": [\"3\", \"5\", \"8\", \"1\", \"11\", \"15\", \"12\", \"2\", \"7\", \"9\", \"13\", \"14\", \"4\", \"6\", \"10\"], \"timestamp\": 1781840407422}]]}, \"meta\": {}}}"}
2026-06-19T03:50:19.826Z [WARN] [ComfyUI poll] 任务完成但未找到视频文件 {"outputs":"{}","video_gen_id":15}
2026-06-19T03:50:29.831Z [INFO] [ComfyUI poll] 查询history {"url":"http://localhost:18188/history/114ac47e-0e30-4824-976c-46819b2c19ab","video_gen_id":15}
2026-06-19T03:50:29.832Z [INFO] [poll] 发起查询 {"video_gen_id":15,"round":62,"url":"http://localhost:18188/history/114ac47e-0e30-4824-976c-46819b2c19ab"}
2026-06-19T03:50:29.868Z [INFO] [poll] 查询 HTTP 结果 {"video_gen_id":15,"round":62,"http_status":200,"bytes":4429,"body":"{\"114ac47e-0e30-4824-976c-46819b2c19ab\": {\"prompt\": [4, \"114ac47e-0e30-4824-976c-46819b2c19ab\", {\"1\": {\"class_type\": \"UNETLoader\", \"inputs\": {\"unet_name\": \"wan_fp8_scaled/I2V/Wan2_2-I2V-A14B-HIGH_fp8_e4m3fn_scaled_KJ.safetensors\", \"weight_dtype\": \"default\"}}, \"2\": {\"class_type\": \"UNETLoader\", \"inputs\": {\"unet_name\": \"wan_fp8_scaled/I2V/Wan2_2-I2V-A14B-LOW_fp8_e4m3fn_scaled_KJ.safetensors\", \"weight_dtype\": \"default\"}}, \"3\": {\"class_type\": \"CLIPLoader\", \"inputs\": {\"clip_name\": \"umt5_xxl_fp8_e4m3fn_scaled.safetensors\", \"type\": \"wan\"}}, \"4\": {\"class_type\": \"CLIPTextEncode\", \"inputs\": {\"text\": \"a young woman smiling gently, cinematic lighting, soft breeze in hair\", \"clip\": [\"3\", 0]}}, \"5\": {\"class_type\": \"CLIPTextEncode\", \"inputs\": {\"text\": \"low quality, blurry, distorted, bad anatomy, watermark, text, logo, nsfw\", \"clip\": [\"3\", 0]}}, \"6\": {\"class_type\": \"VAELoader\", \"inputs\": {\"vae_name\": \"wan_2.1_vae.safetensors\"}}, \"7\": {\"class_type\": \"CLIPVisionLoader\", \"inputs\": {\"clip_name\": \"clip_vision_h.safetensors\"}}, \"8\": {\"class_type\": \"LoadImage\", \"inputs\": {\"image\": \"\"}}, \"9\": {\"class_type\": \"CLIPVisionEncode\", \"inputs\": {\"clip_vision\": [\"7\", 0], \"image\": [\"8\", 0]}}, \"10\": {\"class_type\": \"Wan22ImageToVideoLatent\", \"inputs\": {\"vae\": [\"6\", 0], \"width\": 1280, \"height\": 720, \"length\": 50, \"batch_size\": 1, \"start_image\": [\"8\", 0]}}, \"11\": {\"class_type\": \"KSampler\", \"inputs\": {\"seed\": 954868916863, \"steps\": 20, \"cfg\": 3.0, \"sampler_name\": \"euler\", \"scheduler\": \"normal\", \"denoise\": 1.0, \"model\": [\"1\", 0], \"positive\": [\"4\", 0], \"negative\": [\"5\", 0], \"latent_image\": [\"10\", 0]}}, \"12\": {\"class_type\": \"KSampler\", \"inputs\": {\"seed\": 954868916863, \"steps\": 20, \"cfg\": 3.0, \"sampler_name\": \"euler\", \"scheduler\": \"normal\", \"denoise\": 1.0, \"model\": [\"2\", 0], \"positive\": [\"4\", 0], \"negative\": [\"5\", 0], \"latent_image\": [\"11\", 0]}}, \"13\": {\"class_type\": \"VAEDecode\", \"inputs\": {\"samples\": [\"12\", 0], \"vae\": [\"6\", 0]}}, \"14\": {\"class_type\": \"CreateVideo\", \"inputs\": {\"images\": [\"13\", 0], \"fps\": 25.0}}, \"15\": {\"class_type\": \"SaveVideo\", \"inputs\": {\"filename_prefix\": \"drama\", \"video\": [\"14\", 0], \"format\": \"auto\", \"codec\": \"auto\"}}}, {\"create_time\": 1781840407403}, [\"15\"]], \"outputs\": {}, \"status\": {\"status_str\": \"error\", \"completed\": false, \"messages\": [[\"execution_start\", {\"prompt_id\": \"114ac47e-0e30-4824-976c-46819b2c19ab\", \"timestamp\": 1781840407405}], [\"execution_cached\", {\"nodes\": [\"1\", \"2\", \"3\", \"6\"], \"prompt_id\": \"114ac47e-0e30-4824-976c-46819b2c19ab\", \"timestamp\": 1781840407416}], [\"execution_error\", {\"prompt_id\": \"114ac47e-0e30-4824-976c-46819b2c19ab\", \"node_id\": \"8\", \"node_type\": \"LoadImage\", \"executed\": [], \"exception_message\": \"[Errno 21] Is a directory: '/root/autodl-tmp/ComfyUI/input/'\\n\", \"exception_type\": \"av.error.IsADirectoryError\", \"traceback\": [\"  File \\\"/root/autodl-tmp/ComfyUI/execution.py\\\", line 542, in execute\\n    output_data, output_ui, has_subgraph, has_pending_tasks = await get_output_data(prompt_id, unique_id, obj, input_data_all, execution_block_cb=execution_block_cb, pre_execute_cb=pre_execute_cb, v3_data=v3_data)\\n\", \"  File \\\"/root/autodl-tmp/ComfyUI/execution.py\\\", line 341, in get_output_data\\n    return_values = await _async_map_node_over_list(prompt_id, unique_id, obj, input_data_all, obj.FUNCTION, allow_interrupt=True, execution_block_cb=execution_block_cb, pre_execute_cb=pre_execute_cb, v3_data=v3_data)\\n\", \"  File \\\"/root/autodl-tmp/ComfyUI/execution.py\\\", line 315, in _async_map_node_over_list\\n    await process_inputs(input_dict, i)\\n\", \"  File \\\"/root/autodl-tmp/ComfyUI/execution.py\\\", line 303, in process_inputs\\n    result = f(**inputs)\\n\", \"  File \\\"/root/autodl-tmp/ComfyUI/nodes.py\\\", line 1718, in load_image\\n    components = InputImpl.VideoFromFile(image_path).get_components()\\n\", \"  File \\\"/root/autodl-tmp/ComfyUI/comfy_api/latest/_input_impl/video_types.py\\\", line 370, in get_components\\n    with av.open(self.__file, mode='r') as container:\\n\", \"  File \\\"av/container/core.py\\\", line 555, in av.container.core.open\\n\", \"  File \\\"av/container/core.py\\\", line 344, in av.container.core.Container.__cinit__\\n\", \"  File \\\"av/container/core.py\\\", line 369, in av.container.core.Container.err_check\\n\", \"  File \\\"av/error.py\\\", line 411, in av.error.err_check\\n\"], \"current_inputs\": {\"image\": [\"\"]}, \"current_outputs\": [\"3\", \"5\", \"8\", \"1\", \"11\", \"15\", \"12\", \"2\", \"7\", \"9\", \"13\", \"14\", \"4\", \"6\", \"10\"], \"timestamp\": 1781840407422}]]}, \"meta\": {}}}"}
2026-06-19T03:50:29.869Z [WARN] [ComfyUI poll] 任务完成但未找到视频文件 {"outputs":"{}","video_gen_id":15}
2026-06-19T03:50:39.869Z [INFO] [ComfyUI poll] 查询history {"url":"http://localhost:18188/history/114ac47e-0e30-4824-976c-46819b2c19ab","video_gen_id":15}
2026-06-19T03:50:39.870Z [INFO] [poll] 发起查询 {"video_gen_id":15,"round":63,"url":"http://localhost:18188/history/114ac47e-0e30-4824-976c-46819b2c19ab"}
2026-06-19T03:50:39.909Z [INFO] [poll] 查询 HTTP 结果 {"video_gen_id":15,"round":63,"http_status":200,"bytes":4429,"body":"{\"114ac47e-0e30-4824-976c-46819b2c19ab\": {\"prompt\": [4, \"114ac47e-0e30-4824-976c-46819b2c19ab\", {\"1\": {\"class_type\": \"UNETLoader\", \"inputs\": {\"unet_name\": \"wan_fp8_scaled/I2V/Wan2_2-I2V-A14B-HIGH_fp8_e4m3fn_scaled_KJ.safetensors\", \"weight_dtype\": \"default\"}}, \"2\": {\"class_type\": \"UNETLoader\", \"inputs\": {\"unet_name\": \"wan_fp8_scaled/I2V/Wan2_2-I2V-A14B-LOW_fp8_e4m3fn_scaled_KJ.safetensors\", \"weight_dtype\": \"default\"}}, \"3\": {\"class_type\": \"CLIPLoader\", \"inputs\": {\"clip_name\": \"umt5_xxl_fp8_e4m3fn_scaled.safetensors\", \"type\": \"wan\"}}, \"4\": {\"class_type\": \"CLIPTextEncode\", \"inputs\": {\"text\": \"a young woman smiling gently, cinematic lighting, soft breeze in hair\", \"clip\": [\"3\", 0]}}, \"5\": {\"class_type\": \"CLIPTextEncode\", \"inputs\": {\"text\": \"low quality, blurry, distorted, bad anatomy, watermark, text, logo, nsfw\", \"clip\": [\"3\", 0]}}, \"6\": {\"class_type\": \"VAELoader\", \"inputs\": {\"vae_name\": \"wan_2.1_vae.safetensors\"}}, \"7\": {\"class_type\": \"CLIPVisionLoader\", \"inputs\": {\"clip_name\": \"clip_vision_h.safetensors\"}}, \"8\": {\"class_type\": \"LoadImage\", \"inputs\": {\"image\": \"\"}}, \"9\": {\"class_type\": \"CLIPVisionEncode\", \"inputs\": {\"clip_vision\": [\"7\", 0], \"image\": [\"8\", 0]}}, \"10\": {\"class_type\": \"Wan22ImageToVideoLatent\", \"inputs\": {\"vae\": [\"6\", 0], \"width\": 1280, \"height\": 720, \"length\": 50, \"batch_size\": 1, \"start_image\": [\"8\", 0]}}, \"11\": {\"class_type\": \"KSampler\", \"inputs\": {\"seed\": 954868916863, \"steps\": 20, \"cfg\": 3.0, \"sampler_name\": \"euler\", \"scheduler\": \"normal\", \"denoise\": 1.0, \"model\": [\"1\", 0], \"positive\": [\"4\", 0], \"negative\": [\"5\", 0], \"latent_image\": [\"10\", 0]}}, \"12\": {\"class_type\": \"KSampler\", \"inputs\": {\"seed\": 954868916863, \"steps\": 20, \"cfg\": 3.0, \"sampler_name\": \"euler\", \"scheduler\": \"normal\", \"denoise\": 1.0, \"model\": [\"2\", 0], \"positive\": [\"4\", 0], \"negative\": [\"5\", 0], \"latent_image\": [\"11\", 0]}}, \"13\": {\"class_type\": \"VAEDecode\", \"inputs\": {\"samples\": [\"12\", 0], \"vae\": [\"6\", 0]}}, \"14\": {\"class_type\": \"CreateVideo\", \"inputs\": {\"images\": [\"13\", 0], \"fps\": 25.0}}, \"15\": {\"class_type\": \"SaveVideo\", \"inputs\": {\"filename_prefix\": \"drama\", \"video\": [\"14\", 0], \"format\": \"auto\", \"codec\": \"auto\"}}}, {\"create_time\": 1781840407403}, [\"15\"]], \"outputs\": {}, \"status\": {\"status_str\": \"error\", \"completed\": false, \"messages\": [[\"execution_start\", {\"prompt_id\": \"114ac47e-0e30-4824-976c-46819b2c19ab\", \"timestamp\": 1781840407405}], [\"execution_cached\", {\"nodes\": [\"1\", \"2\", \"3\", \"6\"], \"prompt_id\": \"114ac47e-0e30-4824-976c-46819b2c19ab\", \"timestamp\": 1781840407416}], [\"execution_error\", {\"prompt_id\": \"114ac47e-0e30-4824-976c-46819b2c19ab\", \"node_id\": \"8\", \"node_type\": \"LoadImage\", \"executed\": [], \"exception_message\": \"[Errno 21] Is a directory: '/root/autodl-tmp/ComfyUI/input/'\\n\", \"exception_type\": \"av.error.IsADirectoryError\", \"traceback\": [\"  File \\\"/root/autodl-tmp/ComfyUI/execution.py\\\", line 542, in execute\\n    output_data, output_ui, has_subgraph, has_pending_tasks = await get_output_data(prompt_id, unique_id, obj, input_data_all, execution_block_cb=execution_block_cb, pre_execute_cb=pre_execute_cb, v3_data=v3_data)\\n\", \"  File \\\"/root/autodl-tmp/ComfyUI/execution.py\\\", line 341, in get_output_data\\n    return_values = await _async_map_node_over_list(prompt_id, unique_id, obj, input_data_all, obj.FUNCTION, allow_interrupt=True, execution_block_cb=execution_block_cb, pre_execute_cb=pre_execute_cb, v3_data=v3_data)\\n\", \"  File \\\"/root/autodl-tmp/ComfyUI/execution.py\\\", line 315, in _async_map_node_over_list\\n    await process_inputs(input_dict, i)\\n\", \"  File \\\"/root/autodl-tmp/ComfyUI/execution.py\\\", line 303, in process_inputs\\n    result = f(**inputs)\\n\", \"  File \\\"/root/autodl-tmp/ComfyUI/nodes.py\\\", line 1718, in load_image\\n    components = InputImpl.VideoFromFile(image_path).get_components()\\n\", \"  File \\\"/root/autodl-tmp/ComfyUI/comfy_api/latest/_input_impl/video_types.py\\\", line 370, in get_components\\n    with av.open(self.__file, mode='r') as container:\\n\", \"  File \\\"av/container/core.py\\\", line 555, in av.container.core.open\\n\", \"  File \\\"av/container/core.py\\\", line 344, in av.container.core.Container.__cinit__\\n\", \"  File \\\"av/container/core.py\\\", line 369, in av.container.core.Container.err_check\\n\", \"  File \\\"av/error.py\\\", line 411, in av.error.err_check\\n\"], \"current_inputs\": {\"image\": [\"\"]}, \"current_outputs\": [\"3\", \"5\", \"8\", \"1\", \"11\", \"15\", \"12\", \"2\", \"7\", \"9\", \"13\", \"14\", \"4\", \"6\", \"10\"], \"timestamp\": 1781840407422}]]}, \"meta\": {}}}"}
2026-06-19T03:50:39.910Z [WARN] [ComfyUI poll] 任务完成但未找到视频文件 {"outputs":"{}","video_gen_id":15}
2026-06-19T03:50:49.919Z [INFO] [ComfyUI poll] 查询history {"url":"http://localhost:18188/history/114ac47e-0e30-4824-976c-46819b2c19ab","video_gen_id":15}
2026-06-19T03:50:49.924Z [INFO] [poll] 发起查询 {"video_gen_id":15,"round":64,"url":"http://localhost:18188/history/114ac47e-0e30-4824-976c-46819b2c19ab"}
2026-06-19T03:50:49.959Z [INFO] [poll] 查询 HTTP 结果 {"video_gen_id":15,"round":64,"http_status":200,"bytes":4429,"body":"{\"114ac47e-0e30-4824-976c-46819b2c19ab\": {\"prompt\": [4, \"114ac47e-0e30-4824-976c-46819b2c19ab\", {\"1\": {\"class_type\": \"UNETLoader\", \"inputs\": {\"unet_name\": \"wan_fp8_scaled/I2V/Wan2_2-I2V-A14B-HIGH_fp8_e4m3fn_scaled_KJ.safetensors\", \"weight_dtype\": \"default\"}}, \"2\": {\"class_type\": \"UNETLoader\", \"inputs\": {\"unet_name\": \"wan_fp8_scaled/I2V/Wan2_2-I2V-A14B-LOW_fp8_e4m3fn_scaled_KJ.safetensors\", \"weight_dtype\": \"default\"}}, \"3\": {\"class_type\": \"CLIPLoader\", \"inputs\": {\"clip_name\": \"umt5_xxl_fp8_e4m3fn_scaled.safetensors\", \"type\": \"wan\"}}, \"4\": {\"class_type\": \"CLIPTextEncode\", \"inputs\": {\"text\": \"a young woman smiling gently, cinematic lighting, soft breeze in hair\", \"clip\": [\"3\", 0]}}, \"5\": {\"class_type\": \"CLIPTextEncode\", \"inputs\": {\"text\": \"low quality, blurry, distorted, bad anatomy, watermark, text, logo, nsfw\", \"clip\": [\"3\", 0]}}, \"6\": {\"class_type\": \"VAELoader\", \"inputs\": {\"vae_name\": \"wan_2.1_vae.safetensors\"}}, \"7\": {\"class_type\": \"CLIPVisionLoader\", \"inputs\": {\"clip_name\": \"clip_vision_h.safetensors\"}}, \"8\": {\"class_type\": \"LoadImage\", \"inputs\": {\"image\": \"\"}}, \"9\": {\"class_type\": \"CLIPVisionEncode\", \"inputs\": {\"clip_vision\": [\"7\", 0], \"image\": [\"8\", 0]}}, \"10\": {\"class_type\": \"Wan22ImageToVideoLatent\", \"inputs\": {\"vae\": [\"6\", 0], \"width\": 1280, \"height\": 720, \"length\": 50, \"batch_size\": 1, \"start_image\": [\"8\", 0]}}, \"11\": {\"class_type\": \"KSampler\", \"inputs\": {\"seed\": 954868916863, \"steps\": 20, \"cfg\": 3.0, \"sampler_name\": \"euler\", \"scheduler\": \"normal\", \"denoise\": 1.0, \"model\": [\"1\", 0], \"positive\": [\"4\", 0], \"negative\": [\"5\", 0], \"latent_image\": [\"10\", 0]}}, \"12\": {\"class_type\": \"KSampler\", \"inputs\": {\"seed\": 954868916863, \"steps\": 20, \"cfg\": 3.0, \"sampler_name\": \"euler\", \"scheduler\": \"normal\", \"denoise\": 1.0, \"model\": [\"2\", 0], \"positive\": [\"4\", 0], \"negative\": [\"5\", 0], \"latent_image\": [\"11\", 0]}}, \"13\": {\"class_type\": \"VAEDecode\", \"inputs\": {\"samples\": [\"12\", 0], \"vae\": [\"6\", 0]}}, \"14\": {\"class_type\": \"CreateVideo\", \"inputs\": {\"images\": [\"13\", 0], \"fps\": 25.0}}, \"15\": {\"class_type\": \"SaveVideo\", \"inputs\": {\"filename_prefix\": \"drama\", \"video\": [\"14\", 0], \"format\": \"auto\", \"codec\": \"auto\"}}}, {\"create_time\": 1781840407403}, [\"15\"]], \"outputs\": {}, \"status\": {\"status_str\": \"error\", \"completed\": false, \"messages\": [[\"execution_start\", {\"prompt_id\": \"114ac47e-0e30-4824-976c-46819b2c19ab\", \"timestamp\": 1781840407405}], [\"execution_cached\", {\"nodes\": [\"1\", \"2\", \"3\", \"6\"], \"prompt_id\": \"114ac47e-0e30-4824-976c-46819b2c19ab\", \"timestamp\": 1781840407416}], [\"execution_error\", {\"prompt_id\": \"114ac47e-0e30-4824-976c-46819b2c19ab\", \"node_id\": \"8\", \"node_type\": \"LoadImage\", \"executed\": [], \"exception_message\": \"[Errno 21] Is a directory: '/root/autodl-tmp/ComfyUI/input/'\\n\", \"exception_type\": \"av.error.IsADirectoryError\", \"traceback\": [\"  File \\\"/root/autodl-tmp/ComfyUI/execution.py\\\", line 542, in execute\\n    output_data, output_ui, has_subgraph, has_pending_tasks = await get_output_data(prompt_id, unique_id, obj, input_data_all, execution_block_cb=execution_block_cb, pre_execute_cb=pre_execute_cb, v3_data=v3_data)\\n\", \"  File \\\"/root/autodl-tmp/ComfyUI/execution.py\\\", line 341, in get_output_data\\n    return_values = await _async_map_node_over_list(prompt_id, unique_id, obj, input_data_all, obj.FUNCTION, allow_interrupt=True, execution_block_cb=execution_block_cb, pre_execute_cb=pre_execute_cb, v3_data=v3_data)\\n\", \"  File \\\"/root/autodl-tmp/ComfyUI/execution.py\\\", line 315, in _async_map_node_over_list\\n    await process_inputs(input_dict, i)\\n\", \"  File \\\"/root/autodl-tmp/ComfyUI/execution.py\\\", line 303, in process_inputs\\n    result = f(**inputs)\\n\", \"  File \\\"/root/autodl-tmp/ComfyUI/nodes.py\\\", line 1718, in load_image\\n    components = InputImpl.VideoFromFile(image_path).get_components()\\n\", \"  File \\\"/root/autodl-tmp/ComfyUI/comfy_api/latest/_input_impl/video_types.py\\\", line 370, in get_components\\n    with av.open(self.__file, mode='r') as container:\\n\", \"  File \\\"av/container/core.py\\\", line 555, in av.container.core.open\\n\", \"  File \\\"av/container/core.py\\\", line 344, in av.container.core.Container.__cinit__\\n\", \"  File \\\"av/container/core.py\\\", line 369, in av.container.core.Container.err_check\\n\", \"  File \\\"av/error.py\\\", line 411, in av.error.err_check\\n\"], \"current_inputs\": {\"image\": [\"\"]}, \"current_outputs\": [\"3\", \"5\", \"8\", \"1\", \"11\", \"15\", \"12\", \"2\", \"7\", \"9\", \"13\", \"14\", \"4\", \"6\", \"10\"], \"timestamp\": 1781840407422}]]}, \"meta\": {}}}"}
2026-06-19T03:50:49.960Z [WARN] [ComfyUI poll] 任务完成但未找到视频文件 {"outputs":"{}","video_gen_id":15}
2026-06-19T03:50:59.969Z [INFO] [ComfyUI poll] 查询history {"url":"http://localhost:18188/history/114ac47e-0e30-4824-976c-46819b2c19ab","video_gen_id":15}
2026-06-19T03:50:59.970Z [INFO] [poll] 发起查询 {"video_gen_id":15,"round":65,"url":"http://localhost:18188/history/114ac47e-0e30-4824-976c-46819b2c19ab"}
2026-06-19T03:51:00.004Z [INFO] [poll] 查询 HTTP 结果 {"video_gen_id":15,"round":65,"http_status":200,"bytes":4429,"body":"{\"114ac47e-0e30-4824-976c-46819b2c19ab\": {\"prompt\": [4, \"114ac47e-0e30-4824-976c-46819b2c19ab\", {\"1\": {\"class_type\": \"UNETLoader\", \"inputs\": {\"unet_name\": \"wan_fp8_scaled/I2V/Wan2_2-I2V-A14B-HIGH_fp8_e4m3fn_scaled_KJ.safetensors\", \"weight_dtype\": \"default\"}}, \"2\": {\"class_type\": \"UNETLoader\", \"inputs\": {\"unet_name\": \"wan_fp8_scaled/I2V/Wan2_2-I2V-A14B-LOW_fp8_e4m3fn_scaled_KJ.safetensors\", \"weight_dtype\": \"default\"}}, \"3\": {\"class_type\": \"CLIPLoader\", \"inputs\": {\"clip_name\": \"umt5_xxl_fp8_e4m3fn_scaled.safetensors\", \"type\": \"wan\"}}, \"4\": {\"class_type\": \"CLIPTextEncode\", \"inputs\": {\"text\": \"a young woman smiling gently, cinematic lighting, soft breeze in hair\", \"clip\": [\"3\", 0]}}, \"5\": {\"class_type\": \"CLIPTextEncode\", \"inputs\": {\"text\": \"low quality, blurry, distorted, bad anatomy, watermark, text, logo, nsfw\", \"clip\": [\"3\", 0]}}, \"6\": {\"class_type\": \"VAELoader\", \"inputs\": {\"vae_name\": \"wan_2.1_vae.safetensors\"}}, \"7\": {\"class_type\": \"CLIPVisionLoader\", \"inputs\": {\"clip_name\": \"clip_vision_h.safetensors\"}}, \"8\": {\"class_type\": \"LoadImage\", \"inputs\": {\"image\": \"\"}}, \"9\": {\"class_type\": \"CLIPVisionEncode\", \"inputs\": {\"clip_vision\": [\"7\", 0], \"image\": [\"8\", 0]}}, \"10\": {\"class_type\": \"Wan22ImageToVideoLatent\", \"inputs\": {\"vae\": [\"6\", 0], \"width\": 1280, \"height\": 720, \"length\": 50, \"batch_size\": 1, \"start_image\": [\"8\", 0]}}, \"11\": {\"class_type\": \"KSampler\", \"inputs\": {\"seed\": 954868916863, \"steps\": 20, \"cfg\": 3.0, \"sampler_name\": \"euler\", \"scheduler\": \"normal\", \"denoise\": 1.0, \"model\": [\"1\", 0], \"positive\": [\"4\", 0], \"negative\": [\"5\", 0], \"latent_image\": [\"10\", 0]}}, \"12\": {\"class_type\": \"KSampler\", \"inputs\": {\"seed\": 954868916863, \"steps\": 20, \"cfg\": 3.0, \"sampler_name\": \"euler\", \"scheduler\": \"normal\", \"denoise\": 1.0, \"model\": [\"2\", 0], \"positive\": [\"4\", 0], \"negative\": [\"5\", 0], \"latent_image\": [\"11\", 0]}}, \"13\": {\"class_type\": \"VAEDecode\", \"inputs\": {\"samples\": [\"12\", 0], \"vae\": [\"6\", 0]}}, \"14\": {\"class_type\": \"CreateVideo\", \"inputs\": {\"images\": [\"13\", 0], \"fps\": 25.0}}, \"15\": {\"class_type\": \"SaveVideo\", \"inputs\": {\"filename_prefix\": \"drama\", \"video\": [\"14\", 0], \"format\": \"auto\", \"codec\": \"auto\"}}}, {\"create_time\": 1781840407403}, [\"15\"]], \"outputs\": {}, \"status\": {\"status_str\": \"error\", \"completed\": false, \"messages\": [[\"execution_start\", {\"prompt_id\": \"114ac47e-0e30-4824-976c-46819b2c19ab\", \"timestamp\": 1781840407405}], [\"execution_cached\", {\"nodes\": [\"1\", \"2\", \"3\", \"6\"], \"prompt_id\": \"114ac47e-0e30-4824-976c-46819b2c19ab\", \"timestamp\": 1781840407416}], [\"execution_error\", {\"prompt_id\": \"114ac47e-0e30-4824-976c-46819b2c19ab\", \"node_id\": \"8\", \"node_type\": \"LoadImage\", \"executed\": [], \"exception_message\": \"[Errno 21] Is a directory: '/root/autodl-tmp/ComfyUI/input/'\\n\", \"exception_type\": \"av.error.IsADirectoryError\", \"traceback\": [\"  File \\\"/root/autodl-tmp/ComfyUI/execution.py\\\", line 542, in execute\\n    output_data, output_ui, has_subgraph, has_pending_tasks = await get_output_data(prompt_id, unique_id, obj, input_data_all, execution_block_cb=execution_block_cb, pre_execute_cb=pre_execute_cb, v3_data=v3_data)\\n\", \"  File \\\"/root/autodl-tmp/ComfyUI/execution.py\\\", line 341, in get_output_data\\n    return_values = await _async_map_node_over_list(prompt_id, unique_id, obj, input_data_all, obj.FUNCTION, allow_interrupt=True, execution_block_cb=execution_block_cb, pre_execute_cb=pre_execute_cb, v3_data=v3_data)\\n\", \"  File \\\"/root/autodl-tmp/ComfyUI/execution.py\\\", line 315, in _async_map_node_over_list\\n    await process_inputs(input_dict, i)\\n\", \"  File \\\"/root/autodl-tmp/ComfyUI/execution.py\\\", line 303, in process_inputs\\n    result = f(**inputs)\\n\", \"  File \\\"/root/autodl-tmp/ComfyUI/nodes.py\\\", line 1718, in load_image\\n    components = InputImpl.VideoFromFile(image_path).get_components()\\n\", \"  File \\\"/root/autodl-tmp/ComfyUI/comfy_api/latest/_input_impl/video_types.py\\\", line 370, in get_components\\n    with av.open(self.__file, mode='r') as container:\\n\", \"  File \\\"av/container/core.py\\\", line 555, in av.container.core.open\\n\", \"  File \\\"av/container/core.py\\\", line 344, in av.container.core.Container.__cinit__\\n\", \"  File \\\"av/container/core.py\\\", line 369, in av.container.core.Container.err_check\\n\", \"  File \\\"av/error.py\\\", line 411, in av.error.err_check\\n\"], \"current_inputs\": {\"image\": [\"\"]}, \"current_outputs\": [\"3\", \"5\", \"8\", \"1\", \"11\", \"15\", \"12\", \"2\", \"7\", \"9\", \"13\", \"14\", \"4\", \"6\", \"10\"], \"timestamp\": 1781840407422}]]}, \"meta\": {}}}"}
2026-06-19T03:51:00.005Z [WARN] [ComfyUI poll] 任务完成但未找到视频文件 {"outputs":"{}","video_gen_id":15}
2026-06-19T03:51:10.017Z [INFO] [ComfyUI poll] 查询history {"url":"http://localhost:18188/history/114ac47e-0e30-4824-976c-46819b2c19ab","video_gen_id":15}
2026-06-19T03:51:10.018Z [INFO] [poll] 发起查询 {"video_gen_id":15,"round":66,"url":"http://localhost:18188/history/114ac47e-0e30-4824-976c-46819b2c19ab"}
2026-06-19T03:51:10.053Z [INFO] [poll] 查询 HTTP 结果 {"video_gen_id":15,"round":66,"http_status":200,"bytes":4429,"body":"{\"114ac47e-0e30-4824-976c-46819b2c19ab\": {\"prompt\": [4, \"114ac47e-0e30-4824-976c-46819b2c19ab\", {\"1\": {\"class_type\": \"UNETLoader\", \"inputs\": {\"unet_name\": \"wan_fp8_scaled/I2V/Wan2_2-I2V-A14B-HIGH_fp8_e4m3fn_scaled_KJ.safetensors\", \"weight_dtype\": \"default\"}}, \"2\": {\"class_type\": \"UNETLoader\", \"inputs\": {\"unet_name\": \"wan_fp8_scaled/I2V/Wan2_2-I2V-A14B-LOW_fp8_e4m3fn_scaled_KJ.safetensors\", \"weight_dtype\": \"default\"}}, \"3\": {\"class_type\": \"CLIPLoader\", \"inputs\": {\"clip_name\": \"umt5_xxl_fp8_e4m3fn_scaled.safetensors\", \"type\": \"wan\"}}, \"4\": {\"class_type\": \"CLIPTextEncode\", \"inputs\": {\"text\": \"a young woman smiling gently, cinematic lighting, soft breeze in hair\", \"clip\": [\"3\", 0]}}, \"5\": {\"class_type\": \"CLIPTextEncode\", \"inputs\": {\"text\": \"low quality, blurry, distorted, bad anatomy, watermark, text, logo, nsfw\", \"clip\": [\"3\", 0]}}, \"6\": {\"class_type\": \"VAELoader\", \"inputs\": {\"vae_name\": \"wan_2.1_vae.safetensors\"}}, \"7\": {\"class_type\": \"CLIPVisionLoader\", \"inputs\": {\"clip_name\": \"clip_vision_h.safetensors\"}}, \"8\": {\"class_type\": \"LoadImage\", \"inputs\": {\"image\": \"\"}}, \"9\": {\"class_type\": \"CLIPVisionEncode\", \"inputs\": {\"clip_vision\": [\"7\", 0], \"image\": [\"8\", 0]}}, \"10\": {\"class_type\": \"Wan22ImageToVideoLatent\", \"inputs\": {\"vae\": [\"6\", 0], \"width\": 1280, \"height\": 720, \"length\": 50, \"batch_size\": 1, \"start_image\": [\"8\", 0]}}, \"11\": {\"class_type\": \"KSampler\", \"inputs\": {\"seed\": 954868916863, \"steps\": 20, \"cfg\": 3.0, \"sampler_name\": \"euler\", \"scheduler\": \"normal\", \"denoise\": 1.0, \"model\": [\"1\", 0], \"positive\": [\"4\", 0], \"negative\": [\"5\", 0], \"latent_image\": [\"10\", 0]}}, \"12\": {\"class_type\": \"KSampler\", \"inputs\": {\"seed\": 954868916863, \"steps\": 20, \"cfg\": 3.0, \"sampler_name\": \"euler\", \"scheduler\": \"normal\", \"denoise\": 1.0, \"model\": [\"2\", 0], \"positive\": [\"4\", 0], \"negative\": [\"5\", 0], \"latent_image\": [\"11\", 0]}}, \"13\": {\"class_type\": \"VAEDecode\", \"inputs\": {\"samples\": [\"12\", 0], \"vae\": [\"6\", 0]}}, \"14\": {\"class_type\": \"CreateVideo\", \"inputs\": {\"images\": [\"13\", 0], \"fps\": 25.0}}, \"15\": {\"class_type\": \"SaveVideo\", \"inputs\": {\"filename_prefix\": \"drama\", \"video\": [\"14\", 0], \"format\": \"auto\", \"codec\": \"auto\"}}}, {\"create_time\": 1781840407403}, [\"15\"]], \"outputs\": {}, \"status\": {\"status_str\": \"error\", \"completed\": false, \"messages\": [[\"execution_start\", {\"prompt_id\": \"114ac47e-0e30-4824-976c-46819b2c19ab\", \"timestamp\": 1781840407405}], [\"execution_cached\", {\"nodes\": [\"1\", \"2\", \"3\", \"6\"], \"prompt_id\": \"114ac47e-0e30-4824-976c-46819b2c19ab\", \"timestamp\": 1781840407416}], [\"execution_error\", {\"prompt_id\": \"114ac47e-0e30-4824-976c-46819b2c19ab\", \"node_id\": \"8\", \"node_type\": \"LoadImage\", \"executed\": [], \"exception_message\": \"[Errno 21] Is a directory: '/root/autodl-tmp/ComfyUI/input/'\\n\", \"exception_type\": \"av.error.IsADirectoryError\", \"traceback\": [\"  File \\\"/root/autodl-tmp/ComfyUI/execution.py\\\", line 542, in execute\\n    output_data, output_ui, has_subgraph, has_pending_tasks = await get_output_data(prompt_id, unique_id, obj, input_data_all, execution_block_cb=execution_block_cb, pre_execute_cb=pre_execute_cb, v3_data=v3_data)\\n\", \"  File \\\"/root/autodl-tmp/ComfyUI/execution.py\\\", line 341, in get_output_data\\n    return_values = await _async_map_node_over_list(prompt_id, unique_id, obj, input_data_all, obj.FUNCTION, allow_interrupt=True, execution_block_cb=execution_block_cb, pre_execute_cb=pre_execute_cb, v3_data=v3_data)\\n\", \"  File \\\"/root/autodl-tmp/ComfyUI/execution.py\\\", line 315, in _async_map_node_over_list\\n    await process_inputs(input_dict, i)\\n\", \"  File \\\"/root/autodl-tmp/ComfyUI/execution.py\\\", line 303, in process_inputs\\n    result = f(**inputs)\\n\", \"  File \\\"/root/autodl-tmp/ComfyUI/nodes.py\\\", line 1718, in load_image\\n    components = InputImpl.VideoFromFile(image_path).get_components()\\n\", \"  File \\\"/root/autodl-tmp/ComfyUI/comfy_api/latest/_input_impl/video_types.py\\\", line 370, in get_components\\n    with av.open(self.__file, mode='r') as container:\\n\", \"  File \\\"av/container/core.py\\\", line 555, in av.container.core.open\\n\", \"  File \\\"av/container/core.py\\\", line 344, in av.container.core.Container.__cinit__\\n\", \"  File \\\"av/container/core.py\\\", line 369, in av.container.core.Container.err_check\\n\", \"  File \\\"av/error.py\\\", line 411, in av.error.err_check\\n\"], \"current_inputs\": {\"image\": [\"\"]}, \"current_outputs\": [\"3\", \"5\", \"8\", \"1\", \"11\", \"15\", \"12\", \"2\", \"7\", \"9\", \"13\", \"14\", \"4\", \"6\", \"10\"], \"timestamp\": 1781840407422}]]}, \"meta\": {}}}"}
2026-06-19T03:51:10.054Z [WARN] [ComfyUI poll] 任务完成但未找到视频文件 {"outputs":"{}","video_gen_id":15}
2026-06-19T03:51:20.063Z [INFO] [ComfyUI poll] 查询history {"url":"http://localhost:18188/history/114ac47e-0e30-4824-976c-46819b2c19ab","video_gen_id":15}
2026-06-19T03:51:20.065Z [INFO] [poll] 发起查询 {"video_gen_id":15,"round":67,"url":"http://localhost:18188/history/114ac47e-0e30-4824-976c-46819b2c19ab"}
2026-06-19T03:51:20.110Z [INFO] [poll] 查询 HTTP 结果 {"video_gen_id":15,"round":67,"http_status":200,"bytes":4429,"body":"{\"114ac47e-0e30-4824-976c-46819b2c19ab\": {\"prompt\": [4, \"114ac47e-0e30-4824-976c-46819b2c19ab\", {\"1\": {\"class_type\": \"UNETLoader\", \"inputs\": {\"unet_name\": \"wan_fp8_scaled/I2V/Wan2_2-I2V-A14B-HIGH_fp8_e4m3fn_scaled_KJ.safetensors\", \"weight_dtype\": \"default\"}}, \"2\": {\"class_type\": \"UNETLoader\", \"inputs\": {\"unet_name\": \"wan_fp8_scaled/I2V/Wan2_2-I2V-A14B-LOW_fp8_e4m3fn_scaled_KJ.safetensors\", \"weight_dtype\": \"default\"}}, \"3\": {\"class_type\": \"CLIPLoader\", \"inputs\": {\"clip_name\": \"umt5_xxl_fp8_e4m3fn_scaled.safetensors\", \"type\": \"wan\"}}, \"4\": {\"class_type\": \"CLIPTextEncode\", \"inputs\": {\"text\": \"a young woman smiling gently, cinematic lighting, soft breeze in hair\", \"clip\": [\"3\", 0]}}, \"5\": {\"class_type\": \"CLIPTextEncode\", \"inputs\": {\"text\": \"low quality, blurry, distorted, bad anatomy, watermark, text, logo, nsfw\", \"clip\": [\"3\", 0]}}, \"6\": {\"class_type\": \"VAELoader\", \"inputs\": {\"vae_name\": \"wan_2.1_vae.safetensors\"}}, \"7\": {\"class_type\": \"CLIPVisionLoader\", \"inputs\": {\"clip_name\": \"clip_vision_h.safetensors\"}}, \"8\": {\"class_type\": \"LoadImage\", \"inputs\": {\"image\": \"\"}}, \"9\": {\"class_type\": \"CLIPVisionEncode\", \"inputs\": {\"clip_vision\": [\"7\", 0], \"image\": [\"8\", 0]}}, \"10\": {\"class_type\": \"Wan22ImageToVideoLatent\", \"inputs\": {\"vae\": [\"6\", 0], \"width\": 1280, \"height\": 720, \"length\": 50, \"batch_size\": 1, \"start_image\": [\"8\", 0]}}, \"11\": {\"class_type\": \"KSampler\", \"inputs\": {\"seed\": 954868916863, \"steps\": 20, \"cfg\": 3.0, \"sampler_name\": \"euler\", \"scheduler\": \"normal\", \"denoise\": 1.0, \"model\": [\"1\", 0], \"positive\": [\"4\", 0], \"negative\": [\"5\", 0], \"latent_image\": [\"10\", 0]}}, \"12\": {\"class_type\": \"KSampler\", \"inputs\": {\"seed\": 954868916863, \"steps\": 20, \"cfg\": 3.0, \"sampler_name\": \"euler\", \"scheduler\": \"normal\", \"denoise\": 1.0, \"model\": [\"2\", 0], \"positive\": [\"4\", 0], \"negative\": [\"5\", 0], \"latent_image\": [\"11\", 0]}}, \"13\": {\"class_type\": \"VAEDecode\", \"inputs\": {\"samples\": [\"12\", 0], \"vae\": [\"6\", 0]}}, \"14\": {\"class_type\": \"CreateVideo\", \"inputs\": {\"images\": [\"13\", 0], \"fps\": 25.0}}, \"15\": {\"class_type\": \"SaveVideo\", \"inputs\": {\"filename_prefix\": \"drama\", \"video\": [\"14\", 0], \"format\": \"auto\", \"codec\": \"auto\"}}}, {\"create_time\": 1781840407403}, [\"15\"]], \"outputs\": {}, \"status\": {\"status_str\": \"error\", \"completed\": false, \"messages\": [[\"execution_start\", {\"prompt_id\": \"114ac47e-0e30-4824-976c-46819b2c19ab\", \"timestamp\": 1781840407405}], [\"execution_cached\", {\"nodes\": [\"1\", \"2\", \"3\", \"6\"], \"prompt_id\": \"114ac47e-0e30-4824-976c-46819b2c19ab\", \"timestamp\": 1781840407416}], [\"execution_error\", {\"prompt_id\": \"114ac47e-0e30-4824-976c-46819b2c19ab\", \"node_id\": \"8\", \"node_type\": \"LoadImage\", \"executed\": [], \"exception_message\": \"[Errno 21] Is a directory: '/root/autodl-tmp/ComfyUI/input/'\\n\", \"exception_type\": \"av.error.IsADirectoryError\", \"traceback\": [\"  File \\\"/root/autodl-tmp/ComfyUI/execution.py\\\", line 542, in execute\\n    output_data, output_ui, has_subgraph, has_pending_tasks = await get_output_data(prompt_id, unique_id, obj, input_data_all, execution_block_cb=execution_block_cb, pre_execute_cb=pre_execute_cb, v3_data=v3_data)\\n\", \"  File \\\"/root/autodl-tmp/ComfyUI/execution.py\\\", line 341, in get_output_data\\n    return_values = await _async_map_node_over_list(prompt_id, unique_id, obj, input_data_all, obj.FUNCTION, allow_interrupt=True, execution_block_cb=execution_block_cb, pre_execute_cb=pre_execute_cb, v3_data=v3_data)\\n\", \"  File \\\"/root/autodl-tmp/ComfyUI/execution.py\\\", line 315, in _async_map_node_over_list\\n    await process_inputs(input_dict, i)\\n\", \"  File \\\"/root/autodl-tmp/ComfyUI/execution.py\\\", line 303, in process_inputs\\n    result = f(**inputs)\\n\", \"  File \\\"/root/autodl-tmp/ComfyUI/nodes.py\\\", line 1718, in load_image\\n    components = InputImpl.VideoFromFile(image_path).get_components()\\n\", \"  File \\\"/root/autodl-tmp/ComfyUI/comfy_api/latest/_input_impl/video_types.py\\\", line 370, in get_components\\n    with av.open(self.__file, mode='r') as container:\\n\", \"  File \\\"av/container/core.py\\\", line 555, in av.container.core.open\\n\", \"  File \\\"av/container/core.py\\\", line 344, in av.container.core.Container.__cinit__\\n\", \"  File \\\"av/container/core.py\\\", line 369, in av.container.core.Container.err_check\\n\", \"  File \\\"av/error.py\\\", line 411, in av.error.err_check\\n\"], \"current_inputs\": {\"image\": [\"\"]}, \"current_outputs\": [\"3\", \"5\", \"8\", \"1\", \"11\", \"15\", \"12\", \"2\", \"7\", \"9\", \"13\", \"14\", \"4\", \"6\", \"10\"], \"timestamp\": 1781840407422}]]}, \"meta\": {}}}"}
2026-06-19T03:51:20.110Z [WARN] [ComfyUI poll] 任务完成但未找到视频文件 {"outputs":"{}","video_gen_id":15}
2026-06-19T03:51:30.126Z [INFO] [ComfyUI poll] 查询history {"url":"http://localhost:18188/history/114ac47e-0e30-4824-976c-46819b2c19ab","video_gen_id":15}
2026-06-19T03:51:30.127Z [INFO] [poll] 发起查询 {"video_gen_id":15,"round":68,"url":"http://localhost:18188/history/114ac47e-0e30-4824-976c-46819b2c19ab"}
2026-06-19T03:51:30.165Z [INFO] [poll] 查询 HTTP 结果 {"video_gen_id":15,"round":68,"http_status":200,"bytes":4429,"body":"{\"114ac47e-0e30-4824-976c-46819b2c19ab\": {\"prompt\": [4, \"114ac47e-0e30-4824-976c-46819b2c19ab\", {\"1\": {\"class_type\": \"UNETLoader\", \"inputs\": {\"unet_name\": \"wan_fp8_scaled/I2V/Wan2_2-I2V-A14B-HIGH_fp8_e4m3fn_scaled_KJ.safetensors\", \"weight_dtype\": \"default\"}}, \"2\": {\"class_type\": \"UNETLoader\", \"inputs\": {\"unet_name\": \"wan_fp8_scaled/I2V/Wan2_2-I2V-A14B-LOW_fp8_e4m3fn_scaled_KJ.safetensors\", \"weight_dtype\": \"default\"}}, \"3\": {\"class_type\": \"CLIPLoader\", \"inputs\": {\"clip_name\": \"umt5_xxl_fp8_e4m3fn_scaled.safetensors\", \"type\": \"wan\"}}, \"4\": {\"class_type\": \"CLIPTextEncode\", \"inputs\": {\"text\": \"a young woman smiling gently, cinematic lighting, soft breeze in hair\", \"clip\": [\"3\", 0]}}, \"5\": {\"class_type\": \"CLIPTextEncode\", \"inputs\": {\"text\": \"low quality, blurry, distorted, bad anatomy, watermark, text, logo, nsfw\", \"clip\": [\"3\", 0]}}, \"6\": {\"class_type\": \"VAELoader\", \"inputs\": {\"vae_name\": \"wan_2.1_vae.safetensors\"}}, \"7\": {\"class_type\": \"CLIPVisionLoader\", \"inputs\": {\"clip_name\": \"clip_vision_h.safetensors\"}}, \"8\": {\"class_type\": \"LoadImage\", \"inputs\": {\"image\": \"\"}}, \"9\": {\"class_type\": \"CLIPVisionEncode\", \"inputs\": {\"clip_vision\": [\"7\", 0], \"image\": [\"8\", 0]}}, \"10\": {\"class_type\": \"Wan22ImageToVideoLatent\", \"inputs\": {\"vae\": [\"6\", 0], \"width\": 1280, \"height\": 720, \"length\": 50, \"batch_size\": 1, \"start_image\": [\"8\", 0]}}, \"11\": {\"class_type\": \"KSampler\", \"inputs\": {\"seed\": 954868916863, \"steps\": 20, \"cfg\": 3.0, \"sampler_name\": \"euler\", \"scheduler\": \"normal\", \"denoise\": 1.0, \"model\": [\"1\", 0], \"positive\": [\"4\", 0], \"negative\": [\"5\", 0], \"latent_image\": [\"10\", 0]}}, \"12\": {\"class_type\": \"KSampler\", \"inputs\": {\"seed\": 954868916863, \"steps\": 20, \"cfg\": 3.0, \"sampler_name\": \"euler\", \"scheduler\": \"normal\", \"denoise\": 1.0, \"model\": [\"2\", 0], \"positive\": [\"4\", 0], \"negative\": [\"5\", 0], \"latent_image\": [\"11\", 0]}}, \"13\": {\"class_type\": \"VAEDecode\", \"inputs\": {\"samples\": [\"12\", 0], \"vae\": [\"6\", 0]}}, \"14\": {\"class_type\": \"CreateVideo\", \"inputs\": {\"images\": [\"13\", 0], \"fps\": 25.0}}, \"15\": {\"class_type\": \"SaveVideo\", \"inputs\": {\"filename_prefix\": \"drama\", \"video\": [\"14\", 0], \"format\": \"auto\", \"codec\": \"auto\"}}}, {\"create_time\": 1781840407403}, [\"15\"]], \"outputs\": {}, \"status\": {\"status_str\": \"error\", \"completed\": false, \"messages\": [[\"execution_start\", {\"prompt_id\": \"114ac47e-0e30-4824-976c-46819b2c19ab\", \"timestamp\": 1781840407405}], [\"execution_cached\", {\"nodes\": [\"1\", \"2\", \"3\", \"6\"], \"prompt_id\": \"114ac47e-0e30-4824-976c-46819b2c19ab\", \"timestamp\": 1781840407416}], [\"execution_error\", {\"prompt_id\": \"114ac47e-0e30-4824-976c-46819b2c19ab\", \"node_id\": \"8\", \"node_type\": \"LoadImage\", \"executed\": [], \"exception_message\": \"[Errno 21] Is a directory: '/root/autodl-tmp/ComfyUI/input/'\\n\", \"exception_type\": \"av.error.IsADirectoryError\", \"traceback\": [\"  File \\\"/root/autodl-tmp/ComfyUI/execution.py\\\", line 542, in execute\\n    output_data, output_ui, has_subgraph, has_pending_tasks = await get_output_data(prompt_id, unique_id, obj, input_data_all, execution_block_cb=execution_block_cb, pre_execute_cb=pre_execute_cb, v3_data=v3_data)\\n\", \"  File \\\"/root/autodl-tmp/ComfyUI/execution.py\\\", line 341, in get_output_data\\n    return_values = await _async_map_node_over_list(prompt_id, unique_id, obj, input_data_all, obj.FUNCTION, allow_interrupt=True, execution_block_cb=execution_block_cb, pre_execute_cb=pre_execute_cb, v3_data=v3_data)\\n\", \"  File \\\"/root/autodl-tmp/ComfyUI/execution.py\\\", line 315, in _async_map_node_over_list\\n    await process_inputs(input_dict, i)\\n\", \"  File \\\"/root/autodl-tmp/ComfyUI/execution.py\\\", line 303, in process_inputs\\n    result = f(**inputs)\\n\", \"  File \\\"/root/autodl-tmp/ComfyUI/nodes.py\\\", line 1718, in load_image\\n    components = InputImpl.VideoFromFile(image_path).get_components()\\n\", \"  File \\\"/root/autodl-tmp/ComfyUI/comfy_api/latest/_input_impl/video_types.py\\\", line 370, in get_components\\n    with av.open(self.__file, mode='r') as container:\\n\", \"  File \\\"av/container/core.py\\\", line 555, in av.container.core.open\\n\", \"  File \\\"av/container/core.py\\\", line 344, in av.container.core.Container.__cinit__\\n\", \"  File \\\"av/container/core.py\\\", line 369, in av.container.core.Container.err_check\\n\", \"  File \\\"av/error.py\\\", line 411, in av.error.err_check\\n\"], \"current_inputs\": {\"image\": [\"\"]}, \"current_outputs\": [\"3\", \"5\", \"8\", \"1\", \"11\", \"15\", \"12\", \"2\", \"7\", \"9\", \"13\", \"14\", \"4\", \"6\", \"10\"], \"timestamp\": 1781840407422}]]}, \"meta\": {}}}"}
2026-06-19T03:51:30.166Z [WARN] [ComfyUI poll] 任务完成但未找到视频文件 {"outputs":"{}","video_gen_id":15}
2026-06-19T03:51:40.174Z [INFO] [ComfyUI poll] 查询history {"url":"http://localhost:18188/history/114ac47e-0e30-4824-976c-46819b2c19ab","video_gen_id":15}
2026-06-19T03:51:40.176Z [INFO] [poll] 发起查询 {"video_gen_id":15,"round":69,"url":"http://localhost:18188/history/114ac47e-0e30-4824-976c-46819b2c19ab"}
2026-06-19T03:51:40.213Z [INFO] [poll] 查询 HTTP 结果 {"video_gen_id":15,"round":69,"http_status":200,"bytes":4429,"body":"{\"114ac47e-0e30-4824-976c-46819b2c19ab\": {\"prompt\": [4, \"114ac47e-0e30-4824-976c-46819b2c19ab\", {\"1\": {\"class_type\": \"UNETLoader\", \"inputs\": {\"unet_name\": \"wan_fp8_scaled/I2V/Wan2_2-I2V-A14B-HIGH_fp8_e4m3fn_scaled_KJ.safetensors\", \"weight_dtype\": \"default\"}}, \"2\": {\"class_type\": \"UNETLoader\", \"inputs\": {\"unet_name\": \"wan_fp8_scaled/I2V/Wan2_2-I2V-A14B-LOW_fp8_e4m3fn_scaled_KJ.safetensors\", \"weight_dtype\": \"default\"}}, \"3\": {\"class_type\": \"CLIPLoader\", \"inputs\": {\"clip_name\": \"umt5_xxl_fp8_e4m3fn_scaled.safetensors\", \"type\": \"wan\"}}, \"4\": {\"class_type\": \"CLIPTextEncode\", \"inputs\": {\"text\": \"a young woman smiling gently, cinematic lighting, soft breeze in hair\", \"clip\": [\"3\", 0]}}, \"5\": {\"class_type\": \"CLIPTextEncode\", \"inputs\": {\"text\": \"low quality, blurry, distorted, bad anatomy, watermark, text, logo, nsfw\", \"clip\": [\"3\", 0]}}, \"6\": {\"class_type\": \"VAELoader\", \"inputs\": {\"vae_name\": \"wan_2.1_vae.safetensors\"}}, \"7\": {\"class_type\": \"CLIPVisionLoader\", \"inputs\": {\"clip_name\": \"clip_vision_h.safetensors\"}}, \"8\": {\"class_type\": \"LoadImage\", \"inputs\": {\"image\": \"\"}}, \"9\": {\"class_type\": \"CLIPVisionEncode\", \"inputs\": {\"clip_vision\": [\"7\", 0], \"image\": [\"8\", 0]}}, \"10\": {\"class_type\": \"Wan22ImageToVideoLatent\", \"inputs\": {\"vae\": [\"6\", 0], \"width\": 1280, \"height\": 720, \"length\": 50, \"batch_size\": 1, \"start_image\": [\"8\", 0]}}, \"11\": {\"class_type\": \"KSampler\", \"inputs\": {\"seed\": 954868916863, \"steps\": 20, \"cfg\": 3.0, \"sampler_name\": \"euler\", \"scheduler\": \"normal\", \"denoise\": 1.0, \"model\": [\"1\", 0], \"positive\": [\"4\", 0], \"negative\": [\"5\", 0], \"latent_image\": [\"10\", 0]}}, \"12\": {\"class_type\": \"KSampler\", \"inputs\": {\"seed\": 954868916863, \"steps\": 20, \"cfg\": 3.0, \"sampler_name\": \"euler\", \"scheduler\": \"normal\", \"denoise\": 1.0, \"model\": [\"2\", 0], \"positive\": [\"4\", 0], \"negative\": [\"5\", 0], \"latent_image\": [\"11\", 0]}}, \"13\": {\"class_type\": \"VAEDecode\", \"inputs\": {\"samples\": [\"12\", 0], \"vae\": [\"6\", 0]}}, \"14\": {\"class_type\": \"CreateVideo\", \"inputs\": {\"images\": [\"13\", 0], \"fps\": 25.0}}, \"15\": {\"class_type\": \"SaveVideo\", \"inputs\": {\"filename_prefix\": \"drama\", \"video\": [\"14\", 0], \"format\": \"auto\", \"codec\": \"auto\"}}}, {\"create_time\": 1781840407403}, [\"15\"]], \"outputs\": {}, \"status\": {\"status_str\": \"error\", \"completed\": false, \"messages\": [[\"execution_start\", {\"prompt_id\": \"114ac47e-0e30-4824-976c-46819b2c19ab\", \"timestamp\": 1781840407405}], [\"execution_cached\", {\"nodes\": [\"1\", \"2\", \"3\", \"6\"], \"prompt_id\": \"114ac47e-0e30-4824-976c-46819b2c19ab\", \"timestamp\": 1781840407416}], [\"execution_error\", {\"prompt_id\": \"114ac47e-0e30-4824-976c-46819b2c19ab\", \"node_id\": \"8\", \"node_type\": \"LoadImage\", \"executed\": [], \"exception_message\": \"[Errno 21] Is a directory: '/root/autodl-tmp/ComfyUI/input/'\\n\", \"exception_type\": \"av.error.IsADirectoryError\", \"traceback\": [\"  File \\\"/root/autodl-tmp/ComfyUI/execution.py\\\", line 542, in execute\\n    output_data, output_ui, has_subgraph, has_pending_tasks = await get_output_data(prompt_id, unique_id, obj, input_data_all, execution_block_cb=execution_block_cb, pre_execute_cb=pre_execute_cb, v3_data=v3_data)\\n\", \"  File \\\"/root/autodl-tmp/ComfyUI/execution.py\\\", line 341, in get_output_data\\n    return_values = await _async_map_node_over_list(prompt_id, unique_id, obj, input_data_all, obj.FUNCTION, allow_interrupt=True, execution_block_cb=execution_block_cb, pre_execute_cb=pre_execute_cb, v3_data=v3_data)\\n\", \"  File \\\"/root/autodl-tmp/ComfyUI/execution.py\\\", line 315, in _async_map_node_over_list\\n    await process_inputs(input_dict, i)\\n\", \"  File \\\"/root/autodl-tmp/ComfyUI/execution.py\\\", line 303, in process_inputs\\n    result = f(**inputs)\\n\", \"  File \\\"/root/autodl-tmp/ComfyUI/nodes.py\\\", line 1718, in load_image\\n    components = InputImpl.VideoFromFile(image_path).get_components()\\n\", \"  File \\\"/root/autodl-tmp/ComfyUI/comfy_api/latest/_input_impl/video_types.py\\\", line 370, in get_components\\n    with av.open(self.__file, mode='r') as container:\\n\", \"  File \\\"av/container/core.py\\\", line 555, in av.container.core.open\\n\", \"  File \\\"av/container/core.py\\\", line 344, in av.container.core.Container.__cinit__\\n\", \"  File \\\"av/container/core.py\\\", line 369, in av.container.core.Container.err_check\\n\", \"  File \\\"av/error.py\\\", line 411, in av.error.err_check\\n\"], \"current_inputs\": {\"image\": [\"\"]}, \"current_outputs\": [\"3\", \"5\", \"8\", \"1\", \"11\", \"15\", \"12\", \"2\", \"7\", \"9\", \"13\", \"14\", \"4\", \"6\", \"10\"], \"timestamp\": 1781840407422}]]}, \"meta\": {}}}"}
2026-06-19T03:51:40.213Z [WARN] [ComfyUI poll] 任务完成但未找到视频文件 {"outputs":"{}","video_gen_id":15}
2026-06-19T03:51:50.222Z [INFO] [ComfyUI poll] 查询history {"url":"http://localhost:18188/history/114ac47e-0e30-4824-976c-46819b2c19ab","video_gen_id":15}
2026-06-19T03:51:50.227Z [INFO] [poll] 发起查询 {"video_gen_id":15,"round":70,"url":"http://localhost:18188/history/114ac47e-0e30-4824-976c-46819b2c19ab"}
2026-06-19T03:51:50.265Z [INFO] [poll] 查询 HTTP 结果 {"video_gen_id":15,"round":70,"http_status":200,"bytes":4429,"body":"{\"114ac47e-0e30-4824-976c-46819b2c19ab\": {\"prompt\": [4, \"114ac47e-0e30-4824-976c-46819b2c19ab\", {\"1\": {\"class_type\": \"UNETLoader\", \"inputs\": {\"unet_name\": \"wan_fp8_scaled/I2V/Wan2_2-I2V-A14B-HIGH_fp8_e4m3fn_scaled_KJ.safetensors\", \"weight_dtype\": \"default\"}}, \"2\": {\"class_type\": \"UNETLoader\", \"inputs\": {\"unet_name\": \"wan_fp8_scaled/I2V/Wan2_2-I2V-A14B-LOW_fp8_e4m3fn_scaled_KJ.safetensors\", \"weight_dtype\": \"default\"}}, \"3\": {\"class_type\": \"CLIPLoader\", \"inputs\": {\"clip_name\": \"umt5_xxl_fp8_e4m3fn_scaled.safetensors\", \"type\": \"wan\"}}, \"4\": {\"class_type\": \"CLIPTextEncode\", \"inputs\": {\"text\": \"a young woman smiling gently, cinematic lighting, soft breeze in hair\", \"clip\": [\"3\", 0]}}, \"5\": {\"class_type\": \"CLIPTextEncode\", \"inputs\": {\"text\": \"low quality, blurry, distorted, bad anatomy, watermark, text, logo, nsfw\", \"clip\": [\"3\", 0]}}, \"6\": {\"class_type\": \"VAELoader\", \"inputs\": {\"vae_name\": \"wan_2.1_vae.safetensors\"}}, \"7\": {\"class_type\": \"CLIPVisionLoader\", \"inputs\": {\"clip_name\": \"clip_vision_h.safetensors\"}}, \"8\": {\"class_type\": \"LoadImage\", \"inputs\": {\"image\": \"\"}}, \"9\": {\"class_type\": \"CLIPVisionEncode\", \"inputs\": {\"clip_vision\": [\"7\", 0], \"image\": [\"8\", 0]}}, \"10\": {\"class_type\": \"Wan22ImageToVideoLatent\", \"inputs\": {\"vae\": [\"6\", 0], \"width\": 1280, \"height\": 720, \"length\": 50, \"batch_size\": 1, \"start_image\": [\"8\", 0]}}, \"11\": {\"class_type\": \"KSampler\", \"inputs\": {\"seed\": 954868916863, \"steps\": 20, \"cfg\": 3.0, \"sampler_name\": \"euler\", \"scheduler\": \"normal\", \"denoise\": 1.0, \"model\": [\"1\", 0], \"positive\": [\"4\", 0], \"negative\": [\"5\", 0], \"latent_image\": [\"10\", 0]}}, \"12\": {\"class_type\": \"KSampler\", \"inputs\": {\"seed\": 954868916863, \"steps\": 20, \"cfg\": 3.0, \"sampler_name\": \"euler\", \"scheduler\": \"normal\", \"denoise\": 1.0, \"model\": [\"2\", 0], \"positive\": [\"4\", 0], \"negative\": [\"5\", 0], \"latent_image\": [\"11\", 0]}}, \"13\": {\"class_type\": \"VAEDecode\", \"inputs\": {\"samples\": [\"12\", 0], \"vae\": [\"6\", 0]}}, \"14\": {\"class_type\": \"CreateVideo\", \"inputs\": {\"images\": [\"13\", 0], \"fps\": 25.0}}, \"15\": {\"class_type\": \"SaveVideo\", \"inputs\": {\"filename_prefix\": \"drama\", \"video\": [\"14\", 0], \"format\": \"auto\", \"codec\": \"auto\"}}}, {\"create_time\": 1781840407403}, [\"15\"]], \"outputs\": {}, \"status\": {\"status_str\": \"error\", \"completed\": false, \"messages\": [[\"execution_start\", {\"prompt_id\": \"114ac47e-0e30-4824-976c-46819b2c19ab\", \"timestamp\": 1781840407405}], [\"execution_cached\", {\"nodes\": [\"1\", \"2\", \"3\", \"6\"], \"prompt_id\": \"114ac47e-0e30-4824-976c-46819b2c19ab\", \"timestamp\": 1781840407416}], [\"execution_error\", {\"prompt_id\": \"114ac47e-0e30-4824-976c-46819b2c19ab\", \"node_id\": \"8\", \"node_type\": \"LoadImage\", \"executed\": [], \"exception_message\": \"[Errno 21] Is a directory: '/root/autodl-tmp/ComfyUI/input/'\\n\", \"exception_type\": \"av.error.IsADirectoryError\", \"traceback\": [\"  File \\\"/root/autodl-tmp/ComfyUI/execution.py\\\", line 542, in execute\\n    output_data, output_ui, has_subgraph, has_pending_tasks = await get_output_data(prompt_id, unique_id, obj, input_data_all, execution_block_cb=execution_block_cb, pre_execute_cb=pre_execute_cb, v3_data=v3_data)\\n\", \"  File \\\"/root/autodl-tmp/ComfyUI/execution.py\\\", line 341, in get_output_data\\n    return_values = await _async_map_node_over_list(prompt_id, unique_id, obj, input_data_all, obj.FUNCTION, allow_interrupt=True, execution_block_cb=execution_block_cb, pre_execute_cb=pre_execute_cb, v3_data=v3_data)\\n\", \"  File \\\"/root/autodl-tmp/ComfyUI/execution.py\\\", line 315, in _async_map_node_over_list\\n    await process_inputs(input_dict, i)\\n\", \"  File \\\"/root/autodl-tmp/ComfyUI/execution.py\\\", line 303, in process_inputs\\n    result = f(**inputs)\\n\", \"  File \\\"/root/autodl-tmp/ComfyUI/nodes.py\\\", line 1718, in load_image\\n    components = InputImpl.VideoFromFile(image_path).get_components()\\n\", \"  File \\\"/root/autodl-tmp/ComfyUI/comfy_api/latest/_input_impl/video_types.py\\\", line 370, in get_components\\n    with av.open(self.__file, mode='r') as container:\\n\", \"  File \\\"av/container/core.py\\\", line 555, in av.container.core.open\\n\", \"  File \\\"av/container/core.py\\\", line 344, in av.container.core.Container.__cinit__\\n\", \"  File \\\"av/container/core.py\\\", line 369, in av.container.core.Container.err_check\\n\", \"  File \\\"av/error.py\\\", line 411, in av.error.err_check\\n\"], \"current_inputs\": {\"image\": [\"\"]}, \"current_outputs\": [\"3\", \"5\", \"8\", \"1\", \"11\", \"15\", \"12\", \"2\", \"7\", \"9\", \"13\", \"14\", \"4\", \"6\", \"10\"], \"timestamp\": 1781840407422}]]}, \"meta\": {}}}"}
2026-06-19T03:51:50.266Z [WARN] [ComfyUI poll] 任务完成但未找到视频文件 {"outputs":"{}","video_gen_id":15}
2026-06-19T03:52:00.268Z [INFO] [ComfyUI poll] 查询history {"url":"http://localhost:18188/history/114ac47e-0e30-4824-976c-46819b2c19ab","video_gen_id":15}
2026-06-19T03:52:00.269Z [INFO] [poll] 发起查询 {"video_gen_id":15,"round":71,"url":"http://localhost:18188/history/114ac47e-0e30-4824-976c-46819b2c19ab"}
2026-06-19T03:52:00.306Z [INFO] [poll] 查询 HTTP 结果 {"video_gen_id":15,"round":71,"http_status":200,"bytes":4429,"body":"{\"114ac47e-0e30-4824-976c-46819b2c19ab\": {\"prompt\": [4, \"114ac47e-0e30-4824-976c-46819b2c19ab\", {\"1\": {\"class_type\": \"UNETLoader\", \"inputs\": {\"unet_name\": \"wan_fp8_scaled/I2V/Wan2_2-I2V-A14B-HIGH_fp8_e4m3fn_scaled_KJ.safetensors\", \"weight_dtype\": \"default\"}}, \"2\": {\"class_type\": \"UNETLoader\", \"inputs\": {\"unet_name\": \"wan_fp8_scaled/I2V/Wan2_2-I2V-A14B-LOW_fp8_e4m3fn_scaled_KJ.safetensors\", \"weight_dtype\": \"default\"}}, \"3\": {\"class_type\": \"CLIPLoader\", \"inputs\": {\"clip_name\": \"umt5_xxl_fp8_e4m3fn_scaled.safetensors\", \"type\": \"wan\"}}, \"4\": {\"class_type\": \"CLIPTextEncode\", \"inputs\": {\"text\": \"a young woman smiling gently, cinematic lighting, soft breeze in hair\", \"clip\": [\"3\", 0]}}, \"5\": {\"class_type\": \"CLIPTextEncode\", \"inputs\": {\"text\": \"low quality, blurry, distorted, bad anatomy, watermark, text, logo, nsfw\", \"clip\": [\"3\", 0]}}, \"6\": {\"class_type\": \"VAELoader\", \"inputs\": {\"vae_name\": \"wan_2.1_vae.safetensors\"}}, \"7\": {\"class_type\": \"CLIPVisionLoader\", \"inputs\": {\"clip_name\": \"clip_vision_h.safetensors\"}}, \"8\": {\"class_type\": \"LoadImage\", \"inputs\": {\"image\": \"\"}}, \"9\": {\"class_type\": \"CLIPVisionEncode\", \"inputs\": {\"clip_vision\": [\"7\", 0], \"image\": [\"8\", 0]}}, \"10\": {\"class_type\": \"Wan22ImageToVideoLatent\", \"inputs\": {\"vae\": [\"6\", 0], \"width\": 1280, \"height\": 720, \"length\": 50, \"batch_size\": 1, \"start_image\": [\"8\", 0]}}, \"11\": {\"class_type\": \"KSampler\", \"inputs\": {\"seed\": 954868916863, \"steps\": 20, \"cfg\": 3.0, \"sampler_name\": \"euler\", \"scheduler\": \"normal\", \"denoise\": 1.0, \"model\": [\"1\", 0], \"positive\": [\"4\", 0], \"negative\": [\"5\", 0], \"latent_image\": [\"10\", 0]}}, \"12\": {\"class_type\": \"KSampler\", \"inputs\": {\"seed\": 954868916863, \"steps\": 20, \"cfg\": 3.0, \"sampler_name\": \"euler\", \"scheduler\": \"normal\", \"denoise\": 1.0, \"model\": [\"2\", 0], \"positive\": [\"4\", 0], \"negative\": [\"5\", 0], \"latent_image\": [\"11\", 0]}}, \"13\": {\"class_type\": \"VAEDecode\", \"inputs\": {\"samples\": [\"12\", 0], \"vae\": [\"6\", 0]}}, \"14\": {\"class_type\": \"CreateVideo\", \"inputs\": {\"images\": [\"13\", 0], \"fps\": 25.0}}, \"15\": {\"class_type\": \"SaveVideo\", \"inputs\": {\"filename_prefix\": \"drama\", \"video\": [\"14\", 0], \"format\": \"auto\", \"codec\": \"auto\"}}}, {\"create_time\": 1781840407403}, [\"15\"]], \"outputs\": {}, \"status\": {\"status_str\": \"error\", \"completed\": false, \"messages\": [[\"execution_start\", {\"prompt_id\": \"114ac47e-0e30-4824-976c-46819b2c19ab\", \"timestamp\": 1781840407405}], [\"execution_cached\", {\"nodes\": [\"1\", \"2\", \"3\", \"6\"], \"prompt_id\": \"114ac47e-0e30-4824-976c-46819b2c19ab\", \"timestamp\": 1781840407416}], [\"execution_error\", {\"prompt_id\": \"114ac47e-0e30-4824-976c-46819b2c19ab\", \"node_id\": \"8\", \"node_type\": \"LoadImage\", \"executed\": [], \"exception_message\": \"[Errno 21] Is a directory: '/root/autodl-tmp/ComfyUI/input/'\\n\", \"exception_type\": \"av.error.IsADirectoryError\", \"traceback\": [\"  File \\\"/root/autodl-tmp/ComfyUI/execution.py\\\", line 542, in execute\\n    output_data, output_ui, has_subgraph, has_pending_tasks = await get_output_data(prompt_id, unique_id, obj, input_data_all, execution_block_cb=execution_block_cb, pre_execute_cb=pre_execute_cb, v3_data=v3_data)\\n\", \"  File \\\"/root/autodl-tmp/ComfyUI/execution.py\\\", line 341, in get_output_data\\n    return_values = await _async_map_node_over_list(prompt_id, unique_id, obj, input_data_all, obj.FUNCTION, allow_interrupt=True, execution_block_cb=execution_block_cb, pre_execute_cb=pre_execute_cb, v3_data=v3_data)\\n\", \"  File \\\"/root/autodl-tmp/ComfyUI/execution.py\\\", line 315, in _async_map_node_over_list\\n    await process_inputs(input_dict, i)\\n\", \"  File \\\"/root/autodl-tmp/ComfyUI/execution.py\\\", line 303, in process_inputs\\n    result = f(**inputs)\\n\", \"  File \\\"/root/autodl-tmp/ComfyUI/nodes.py\\\", line 1718, in load_image\\n    components = InputImpl.VideoFromFile(image_path).get_components()\\n\", \"  File \\\"/root/autodl-tmp/ComfyUI/comfy_api/latest/_input_impl/video_types.py\\\", line 370, in get_components\\n    with av.open(self.__file, mode='r') as container:\\n\", \"  File \\\"av/container/core.py\\\", line 555, in av.container.core.open\\n\", \"  File \\\"av/container/core.py\\\", line 344, in av.container.core.Container.__cinit__\\n\", \"  File \\\"av/container/core.py\\\", line 369, in av.container.core.Container.err_check\\n\", \"  File \\\"av/error.py\\\", line 411, in av.error.err_check\\n\"], \"current_inputs\": {\"image\": [\"\"]}, \"current_outputs\": [\"3\", \"5\", \"8\", \"1\", \"11\", \"15\", \"12\", \"2\", \"7\", \"9\", \"13\", \"14\", \"4\", \"6\", \"10\"], \"timestamp\": 1781840407422}]]}, \"meta\": {}}}"}
2026-06-19T03:52:00.307Z [WARN] [ComfyUI poll] 任务完成但未找到视频文件 {"outputs":"{}","video_gen_id":15}
2026-06-19T03:52:10.316Z [INFO] [ComfyUI poll] 查询history {"url":"http://localhost:18188/history/114ac47e-0e30-4824-976c-46819b2c19ab","video_gen_id":15}
2026-06-19T03:52:10.317Z [INFO] [poll] 发起查询 {"video_gen_id":15,"round":72,"url":"http://localhost:18188/history/114ac47e-0e30-4824-976c-46819b2c19ab"}
2026-06-19T03:52:10.376Z [INFO] [poll] 查询 HTTP 结果 {"video_gen_id":15,"round":72,"http_status":200,"bytes":4429,"body":"{\"114ac47e-0e30-4824-976c-46819b2c19ab\": {\"prompt\": [4, \"114ac47e-0e30-4824-976c-46819b2c19ab\", {\"1\": {\"class_type\": \"UNETLoader\", \"inputs\": {\"unet_name\": \"wan_fp8_scaled/I2V/Wan2_2-I2V-A14B-HIGH_fp8_e4m3fn_scaled_KJ.safetensors\", \"weight_dtype\": \"default\"}}, \"2\": {\"class_type\": \"UNETLoader\", \"inputs\": {\"unet_name\": \"wan_fp8_scaled/I2V/Wan2_2-I2V-A14B-LOW_fp8_e4m3fn_scaled_KJ.safetensors\", \"weight_dtype\": \"default\"}}, \"3\": {\"class_type\": \"CLIPLoader\", \"inputs\": {\"clip_name\": \"umt5_xxl_fp8_e4m3fn_scaled.safetensors\", \"type\": \"wan\"}}, \"4\": {\"class_type\": \"CLIPTextEncode\", \"inputs\": {\"text\": \"a young woman smiling gently, cinematic lighting, soft breeze in hair\", \"clip\": [\"3\", 0]}}, \"5\": {\"class_type\": \"CLIPTextEncode\", \"inputs\": {\"text\": \"low quality, blurry, distorted, bad anatomy, watermark, text, logo, nsfw\", \"clip\": [\"3\", 0]}}, \"6\": {\"class_type\": \"VAELoader\", \"inputs\": {\"vae_name\": \"wan_2.1_vae.safetensors\"}}, \"7\": {\"class_type\": \"CLIPVisionLoader\", \"inputs\": {\"clip_name\": \"clip_vision_h.safetensors\"}}, \"8\": {\"class_type\": \"LoadImage\", \"inputs\": {\"image\": \"\"}}, \"9\": {\"class_type\": \"CLIPVisionEncode\", \"inputs\": {\"clip_vision\": [\"7\", 0], \"image\": [\"8\", 0]}}, \"10\": {\"class_type\": \"Wan22ImageToVideoLatent\", \"inputs\": {\"vae\": [\"6\", 0], \"width\": 1280, \"height\": 720, \"length\": 50, \"batch_size\": 1, \"start_image\": [\"8\", 0]}}, \"11\": {\"class_type\": \"KSampler\", \"inputs\": {\"seed\": 954868916863, \"steps\": 20, \"cfg\": 3.0, \"sampler_name\": \"euler\", \"scheduler\": \"normal\", \"denoise\": 1.0, \"model\": [\"1\", 0], \"positive\": [\"4\", 0], \"negative\": [\"5\", 0], \"latent_image\": [\"10\", 0]}}, \"12\": {\"class_type\": \"KSampler\", \"inputs\": {\"seed\": 954868916863, \"steps\": 20, \"cfg\": 3.0, \"sampler_name\": \"euler\", \"scheduler\": \"normal\", \"denoise\": 1.0, \"model\": [\"2\", 0], \"positive\": [\"4\", 0], \"negative\": [\"5\", 0], \"latent_image\": [\"11\", 0]}}, \"13\": {\"class_type\": \"VAEDecode\", \"inputs\": {\"samples\": [\"12\", 0], \"vae\": [\"6\", 0]}}, \"14\": {\"class_type\": \"CreateVideo\", \"inputs\": {\"images\": [\"13\", 0], \"fps\": 25.0}}, \"15\": {\"class_type\": \"SaveVideo\", \"inputs\": {\"filename_prefix\": \"drama\", \"video\": [\"14\", 0], \"format\": \"auto\", \"codec\": \"auto\"}}}, {\"create_time\": 1781840407403}, [\"15\"]], \"outputs\": {}, \"status\": {\"status_str\": \"error\", \"completed\": false, \"messages\": [[\"execution_start\", {\"prompt_id\": \"114ac47e-0e30-4824-976c-46819b2c19ab\", \"timestamp\": 1781840407405}], [\"execution_cached\", {\"nodes\": [\"1\", \"2\", \"3\", \"6\"], \"prompt_id\": \"114ac47e-0e30-4824-976c-46819b2c19ab\", \"timestamp\": 1781840407416}], [\"execution_error\", {\"prompt_id\": \"114ac47e-0e30-4824-976c-46819b2c19ab\", \"node_id\": \"8\", \"node_type\": \"LoadImage\", \"executed\": [], \"exception_message\": \"[Errno 21] Is a directory: '/root/autodl-tmp/ComfyUI/input/'\\n\", \"exception_type\": \"av.error.IsADirectoryError\", \"traceback\": [\"  File \\\"/root/autodl-tmp/ComfyUI/execution.py\\\", line 542, in execute\\n    output_data, output_ui, has_subgraph, has_pending_tasks = await get_output_data(prompt_id, unique_id, obj, input_data_all, execution_block_cb=execution_block_cb, pre_execute_cb=pre_execute_cb, v3_data=v3_data)\\n\", \"  File \\\"/root/autodl-tmp/ComfyUI/execution.py\\\", line 341, in get_output_data\\n    return_values = await _async_map_node_over_list(prompt_id, unique_id, obj, input_data_all, obj.FUNCTION, allow_interrupt=True, execution_block_cb=execution_block_cb, pre_execute_cb=pre_execute_cb, v3_data=v3_data)\\n\", \"  File \\\"/root/autodl-tmp/ComfyUI/execution.py\\\", line 315, in _async_map_node_over_list\\n    await process_inputs(input_dict, i)\\n\", \"  File \\\"/root/autodl-tmp/ComfyUI/execution.py\\\", line 303, in process_inputs\\n    result = f(**inputs)\\n\", \"  File \\\"/root/autodl-tmp/ComfyUI/nodes.py\\\", line 1718, in load_image\\n    components = InputImpl.VideoFromFile(image_path).get_components()\\n\", \"  File \\\"/root/autodl-tmp/ComfyUI/comfy_api/latest/_input_impl/video_types.py\\\", line 370, in get_components\\n    with av.open(self.__file, mode='r') as container:\\n\", \"  File \\\"av/container/core.py\\\", line 555, in av.container.core.open\\n\", \"  File \\\"av/container/core.py\\\", line 344, in av.container.core.Container.__cinit__\\n\", \"  File \\\"av/container/core.py\\\", line 369, in av.container.core.Container.err_check\\n\", \"  File \\\"av/error.py\\\", line 411, in av.error.err_check\\n\"], \"current_inputs\": {\"image\": [\"\"]}, \"current_outputs\": [\"3\", \"5\", \"8\", \"1\", \"11\", \"15\", \"12\", \"2\", \"7\", \"9\", \"13\", \"14\", \"4\", \"6\", \"10\"], \"timestamp\": 1781840407422}]]}, \"meta\": {}}}"}
2026-06-19T03:52:10.377Z [WARN] [ComfyUI poll] 任务完成但未找到视频文件 {"outputs":"{}","video_gen_id":15}
2026-06-19T03:52:20.378Z [INFO] [ComfyUI poll] 查询history {"url":"http://localhost:18188/history/114ac47e-0e30-4824-976c-46819b2c19ab","video_gen_id":15}
2026-06-19T03:52:20.379Z [INFO] [poll] 发起查询 {"video_gen_id":15,"round":73,"url":"http://localhost:18188/history/114ac47e-0e30-4824-976c-46819b2c19ab"}
2026-06-19T03:52:20.416Z [INFO] [poll] 查询 HTTP 结果 {"video_gen_id":15,"round":73,"http_status":200,"bytes":4429,"body":"{\"114ac47e-0e30-4824-976c-46819b2c19ab\": {\"prompt\": [4, \"114ac47e-0e30-4824-976c-46819b2c19ab\", {\"1\": {\"class_type\": \"UNETLoader\", \"inputs\": {\"unet_name\": \"wan_fp8_scaled/I2V/Wan2_2-I2V-A14B-HIGH_fp8_e4m3fn_scaled_KJ.safetensors\", \"weight_dtype\": \"default\"}}, \"2\": {\"class_type\": \"UNETLoader\", \"inputs\": {\"unet_name\": \"wan_fp8_scaled/I2V/Wan2_2-I2V-A14B-LOW_fp8_e4m3fn_scaled_KJ.safetensors\", \"weight_dtype\": \"default\"}}, \"3\": {\"class_type\": \"CLIPLoader\", \"inputs\": {\"clip_name\": \"umt5_xxl_fp8_e4m3fn_scaled.safetensors\", \"type\": \"wan\"}}, \"4\": {\"class_type\": \"CLIPTextEncode\", \"inputs\": {\"text\": \"a young woman smiling gently, cinematic lighting, soft breeze in hair\", \"clip\": [\"3\", 0]}}, \"5\": {\"class_type\": \"CLIPTextEncode\", \"inputs\": {\"text\": \"low quality, blurry, distorted, bad anatomy, watermark, text, logo, nsfw\", \"clip\": [\"3\", 0]}}, \"6\": {\"class_type\": \"VAELoader\", \"inputs\": {\"vae_name\": \"wan_2.1_vae.safetensors\"}}, \"7\": {\"class_type\": \"CLIPVisionLoader\", \"inputs\": {\"clip_name\": \"clip_vision_h.safetensors\"}}, \"8\": {\"class_type\": \"LoadImage\", \"inputs\": {\"image\": \"\"}}, \"9\": {\"class_type\": \"CLIPVisionEncode\", \"inputs\": {\"clip_vision\": [\"7\", 0], \"image\": [\"8\", 0]}}, \"10\": {\"class_type\": \"Wan22ImageToVideoLatent\", \"inputs\": {\"vae\": [\"6\", 0], \"width\": 1280, \"height\": 720, \"length\": 50, \"batch_size\": 1, \"start_image\": [\"8\", 0]}}, \"11\": {\"class_type\": \"KSampler\", \"inputs\": {\"seed\": 954868916863, \"steps\": 20, \"cfg\": 3.0, \"sampler_name\": \"euler\", \"scheduler\": \"normal\", \"denoise\": 1.0, \"model\": [\"1\", 0], \"positive\": [\"4\", 0], \"negative\": [\"5\", 0], \"latent_image\": [\"10\", 0]}}, \"12\": {\"class_type\": \"KSampler\", \"inputs\": {\"seed\": 954868916863, \"steps\": 20, \"cfg\": 3.0, \"sampler_name\": \"euler\", \"scheduler\": \"normal\", \"denoise\": 1.0, \"model\": [\"2\", 0], \"positive\": [\"4\", 0], \"negative\": [\"5\", 0], \"latent_image\": [\"11\", 0]}}, \"13\": {\"class_type\": \"VAEDecode\", \"inputs\": {\"samples\": [\"12\", 0], \"vae\": [\"6\", 0]}}, \"14\": {\"class_type\": \"CreateVideo\", \"inputs\": {\"images\": [\"13\", 0], \"fps\": 25.0}}, \"15\": {\"class_type\": \"SaveVideo\", \"inputs\": {\"filename_prefix\": \"drama\", \"video\": [\"14\", 0], \"format\": \"auto\", \"codec\": \"auto\"}}}, {\"create_time\": 1781840407403}, [\"15\"]], \"outputs\": {}, \"status\": {\"status_str\": \"error\", \"completed\": false, \"messages\": [[\"execution_start\", {\"prompt_id\": \"114ac47e-0e30-4824-976c-46819b2c19ab\", \"timestamp\": 1781840407405}], [\"execution_cached\", {\"nodes\": [\"1\", \"2\", \"3\", \"6\"], \"prompt_id\": \"114ac47e-0e30-4824-976c-46819b2c19ab\", \"timestamp\": 1781840407416}], [\"execution_error\", {\"prompt_id\": \"114ac47e-0e30-4824-976c-46819b2c19ab\", \"node_id\": \"8\", \"node_type\": \"LoadImage\", \"executed\": [], \"exception_message\": \"[Errno 21] Is a directory: '/root/autodl-tmp/ComfyUI/input/'\\n\", \"exception_type\": \"av.error.IsADirectoryError\", \"traceback\": [\"  File \\\"/root/autodl-tmp/ComfyUI/execution.py\\\", line 542, in execute\\n    output_data, output_ui, has_subgraph, has_pending_tasks = await get_output_data(prompt_id, unique_id, obj, input_data_all, execution_block_cb=execution_block_cb, pre_execute_cb=pre_execute_cb, v3_data=v3_data)\\n\", \"  File \\\"/root/autodl-tmp/ComfyUI/execution.py\\\", line 341, in get_output_data\\n    return_values = await _async_map_node_over_list(prompt_id, unique_id, obj, input_data_all, obj.FUNCTION, allow_interrupt=True, execution_block_cb=execution_block_cb, pre_execute_cb=pre_execute_cb, v3_data=v3_data)\\n\", \"  File \\\"/root/autodl-tmp/ComfyUI/execution.py\\\", line 315, in _async_map_node_over_list\\n    await process_inputs(input_dict, i)\\n\", \"  File \\\"/root/autodl-tmp/ComfyUI/execution.py\\\", line 303, in process_inputs\\n    result = f(**inputs)\\n\", \"  File \\\"/root/autodl-tmp/ComfyUI/nodes.py\\\", line 1718, in load_image\\n    components = InputImpl.VideoFromFile(image_path).get_components()\\n\", \"  File \\\"/root/autodl-tmp/ComfyUI/comfy_api/latest/_input_impl/video_types.py\\\", line 370, in get_components\\n    with av.open(self.__file, mode='r') as container:\\n\", \"  File \\\"av/container/core.py\\\", line 555, in av.container.core.open\\n\", \"  File \\\"av/container/core.py\\\", line 344, in av.container.core.Container.__cinit__\\n\", \"  File \\\"av/container/core.py\\\", line 369, in av.container.core.Container.err_check\\n\", \"  File \\\"av/error.py\\\", line 411, in av.error.err_check\\n\"], \"current_inputs\": {\"image\": [\"\"]}, \"current_outputs\": [\"3\", \"5\", \"8\", \"1\", \"11\", \"15\", \"12\", \"2\", \"7\", \"9\", \"13\", \"14\", \"4\", \"6\", \"10\"], \"timestamp\": 1781840407422}]]}, \"meta\": {}}}"}
2026-06-19T03:52:20.417Z [WARN] [ComfyUI poll] 任务完成但未找到视频文件 {"outputs":"{}","video_gen_id":15}
2026-06-19T03:52:30.425Z [INFO] [ComfyUI poll] 查询history {"url":"http://localhost:18188/history/114ac47e-0e30-4824-976c-46819b2c19ab","video_gen_id":15}
2026-06-19T03:52:30.426Z [INFO] [poll] 发起查询 {"video_gen_id":15,"round":74,"url":"http://localhost:18188/history/114ac47e-0e30-4824-976c-46819b2c19ab"}
2026-06-19T03:52:30.460Z [INFO] [poll] 查询 HTTP 结果 {"video_gen_id":15,"round":74,"http_status":200,"bytes":4429,"body":"{\"114ac47e-0e30-4824-976c-46819b2c19ab\": {\"prompt\": [4, \"114ac47e-0e30-4824-976c-46819b2c19ab\", {\"1\": {\"class_type\": \"UNETLoader\", \"inputs\": {\"unet_name\": \"wan_fp8_scaled/I2V/Wan2_2-I2V-A14B-HIGH_fp8_e4m3fn_scaled_KJ.safetensors\", \"weight_dtype\": \"default\"}}, \"2\": {\"class_type\": \"UNETLoader\", \"inputs\": {\"unet_name\": \"wan_fp8_scaled/I2V/Wan2_2-I2V-A14B-LOW_fp8_e4m3fn_scaled_KJ.safetensors\", \"weight_dtype\": \"default\"}}, \"3\": {\"class_type\": \"CLIPLoader\", \"inputs\": {\"clip_name\": \"umt5_xxl_fp8_e4m3fn_scaled.safetensors\", \"type\": \"wan\"}}, \"4\": {\"class_type\": \"CLIPTextEncode\", \"inputs\": {\"text\": \"a young woman smiling gently, cinematic lighting, soft breeze in hair\", \"clip\": [\"3\", 0]}}, \"5\": {\"class_type\": \"CLIPTextEncode\", \"inputs\": {\"text\": \"low quality, blurry, distorted, bad anatomy, watermark, text, logo, nsfw\", \"clip\": [\"3\", 0]}}, \"6\": {\"class_type\": \"VAELoader\", \"inputs\": {\"vae_name\": \"wan_2.1_vae.safetensors\"}}, \"7\": {\"class_type\": \"CLIPVisionLoader\", \"inputs\": {\"clip_name\": \"clip_vision_h.safetensors\"}}, \"8\": {\"class_type\": \"LoadImage\", \"inputs\": {\"image\": \"\"}}, \"9\": {\"class_type\": \"CLIPVisionEncode\", \"inputs\": {\"clip_vision\": [\"7\", 0], \"image\": [\"8\", 0]}}, \"10\": {\"class_type\": \"Wan22ImageToVideoLatent\", \"inputs\": {\"vae\": [\"6\", 0], \"width\": 1280, \"height\": 720, \"length\": 50, \"batch_size\": 1, \"start_image\": [\"8\", 0]}}, \"11\": {\"class_type\": \"KSampler\", \"inputs\": {\"seed\": 954868916863, \"steps\": 20, \"cfg\": 3.0, \"sampler_name\": \"euler\", \"scheduler\": \"normal\", \"denoise\": 1.0, \"model\": [\"1\", 0], \"positive\": [\"4\", 0], \"negative\": [\"5\", 0], \"latent_image\": [\"10\", 0]}}, \"12\": {\"class_type\": \"KSampler\", \"inputs\": {\"seed\": 954868916863, \"steps\": 20, \"cfg\": 3.0, \"sampler_name\": \"euler\", \"scheduler\": \"normal\", \"denoise\": 1.0, \"model\": [\"2\", 0], \"positive\": [\"4\", 0], \"negative\": [\"5\", 0], \"latent_image\": [\"11\", 0]}}, \"13\": {\"class_type\": \"VAEDecode\", \"inputs\": {\"samples\": [\"12\", 0], \"vae\": [\"6\", 0]}}, \"14\": {\"class_type\": \"CreateVideo\", \"inputs\": {\"images\": [\"13\", 0], \"fps\": 25.0}}, \"15\": {\"class_type\": \"SaveVideo\", \"inputs\": {\"filename_prefix\": \"drama\", \"video\": [\"14\", 0], \"format\": \"auto\", \"codec\": \"auto\"}}}, {\"create_time\": 1781840407403}, [\"15\"]], \"outputs\": {}, \"status\": {\"status_str\": \"error\", \"completed\": false, \"messages\": [[\"execution_start\", {\"prompt_id\": \"114ac47e-0e30-4824-976c-46819b2c19ab\", \"timestamp\": 1781840407405}], [\"execution_cached\", {\"nodes\": [\"1\", \"2\", \"3\", \"6\"], \"prompt_id\": \"114ac47e-0e30-4824-976c-46819b2c19ab\", \"timestamp\": 1781840407416}], [\"execution_error\", {\"prompt_id\": \"114ac47e-0e30-4824-976c-46819b2c19ab\", \"node_id\": \"8\", \"node_type\": \"LoadImage\", \"executed\": [], \"exception_message\": \"[Errno 21] Is a directory: '/root/autodl-tmp/ComfyUI/input/'\\n\", \"exception_type\": \"av.error.IsADirectoryError\", \"traceback\": [\"  File \\\"/root/autodl-tmp/ComfyUI/execution.py\\\", line 542, in execute\\n    output_data, output_ui, has_subgraph, has_pending_tasks = await get_output_data(prompt_id, unique_id, obj, input_data_all, execution_block_cb=execution_block_cb, pre_execute_cb=pre_execute_cb, v3_data=v3_data)\\n\", \"  File \\\"/root/autodl-tmp/ComfyUI/execution.py\\\", line 341, in get_output_data\\n    return_values = await _async_map_node_over_list(prompt_id, unique_id, obj, input_data_all, obj.FUNCTION, allow_interrupt=True, execution_block_cb=execution_block_cb, pre_execute_cb=pre_execute_cb, v3_data=v3_data)\\n\", \"  File \\\"/root/autodl-tmp/ComfyUI/execution.py\\\", line 315, in _async_map_node_over_list\\n    await process_inputs(input_dict, i)\\n\", \"  File \\\"/root/autodl-tmp/ComfyUI/execution.py\\\", line 303, in process_inputs\\n    result = f(**inputs)\\n\", \"  File \\\"/root/autodl-tmp/ComfyUI/nodes.py\\\", line 1718, in load_image\\n    components = InputImpl.VideoFromFile(image_path).get_components()\\n\", \"  File \\\"/root/autodl-tmp/ComfyUI/comfy_api/latest/_input_impl/video_types.py\\\", line 370, in get_components\\n    with av.open(self.__file, mode='r') as container:\\n\", \"  File \\\"av/container/core.py\\\", line 555, in av.container.core.open\\n\", \"  File \\\"av/container/core.py\\\", line 344, in av.container.core.Container.__cinit__\\n\", \"  File \\\"av/container/core.py\\\", line 369, in av.container.core.Container.err_check\\n\", \"  File \\\"av/error.py\\\", line 411, in av.error.err_check\\n\"], \"current_inputs\": {\"image\": [\"\"]}, \"current_outputs\": [\"3\", \"5\", \"8\", \"1\", \"11\", \"15\", \"12\", \"2\", \"7\", \"9\", \"13\", \"14\", \"4\", \"6\", \"10\"], \"timestamp\": 1781840407422}]]}, \"meta\": {}}}"}
2026-06-19T03:52:30.461Z [WARN] [ComfyUI poll] 任务完成但未找到视频文件 {"outputs":"{}","video_gen_id":15}
2026-06-19T03:52:40.471Z [INFO] [ComfyUI poll] 查询history {"url":"http://localhost:18188/history/114ac47e-0e30-4824-976c-46819b2c19ab","video_gen_id":15}
2026-06-19T03:52:40.472Z [INFO] [poll] 发起查询 {"video_gen_id":15,"round":75,"url":"http://localhost:18188/history/114ac47e-0e30-4824-976c-46819b2c19ab"}
2026-06-19T03:52:40.508Z [INFO] [poll] 查询 HTTP 结果 {"video_gen_id":15,"round":75,"http_status":200,"bytes":4429,"body":"{\"114ac47e-0e30-4824-976c-46819b2c19ab\": {\"prompt\": [4, \"114ac47e-0e30-4824-976c-46819b2c19ab\", {\"1\": {\"class_type\": \"UNETLoader\", \"inputs\": {\"unet_name\": \"wan_fp8_scaled/I2V/Wan2_2-I2V-A14B-HIGH_fp8_e4m3fn_scaled_KJ.safetensors\", \"weight_dtype\": \"default\"}}, \"2\": {\"class_type\": \"UNETLoader\", \"inputs\": {\"unet_name\": \"wan_fp8_scaled/I2V/Wan2_2-I2V-A14B-LOW_fp8_e4m3fn_scaled_KJ.safetensors\", \"weight_dtype\": \"default\"}}, \"3\": {\"class_type\": \"CLIPLoader\", \"inputs\": {\"clip_name\": \"umt5_xxl_fp8_e4m3fn_scaled.safetensors\", \"type\": \"wan\"}}, \"4\": {\"class_type\": \"CLIPTextEncode\", \"inputs\": {\"text\": \"a young woman smiling gently, cinematic lighting, soft breeze in hair\", \"clip\": [\"3\", 0]}}, \"5\": {\"class_type\": \"CLIPTextEncode\", \"inputs\": {\"text\": \"low quality, blurry, distorted, bad anatomy, watermark, text, logo, nsfw\", \"clip\": [\"3\", 0]}}, \"6\": {\"class_type\": \"VAELoader\", \"inputs\": {\"vae_name\": \"wan_2.1_vae.safetensors\"}}, \"7\": {\"class_type\": \"CLIPVisionLoader\", \"inputs\": {\"clip_name\": \"clip_vision_h.safetensors\"}}, \"8\": {\"class_type\": \"LoadImage\", \"inputs\": {\"image\": \"\"}}, \"9\": {\"class_type\": \"CLIPVisionEncode\", \"inputs\": {\"clip_vision\": [\"7\", 0], \"image\": [\"8\", 0]}}, \"10\": {\"class_type\": \"Wan22ImageToVideoLatent\", \"inputs\": {\"vae\": [\"6\", 0], \"width\": 1280, \"height\": 720, \"length\": 50, \"batch_size\": 1, \"start_image\": [\"8\", 0]}}, \"11\": {\"class_type\": \"KSampler\", \"inputs\": {\"seed\": 954868916863, \"steps\": 20, \"cfg\": 3.0, \"sampler_name\": \"euler\", \"scheduler\": \"normal\", \"denoise\": 1.0, \"model\": [\"1\", 0], \"positive\": [\"4\", 0], \"negative\": [\"5\", 0], \"latent_image\": [\"10\", 0]}}, \"12\": {\"class_type\": \"KSampler\", \"inputs\": {\"seed\": 954868916863, \"steps\": 20, \"cfg\": 3.0, \"sampler_name\": \"euler\", \"scheduler\": \"normal\", \"denoise\": 1.0, \"model\": [\"2\", 0], \"positive\": [\"4\", 0], \"negative\": [\"5\", 0], \"latent_image\": [\"11\", 0]}}, \"13\": {\"class_type\": \"VAEDecode\", \"inputs\": {\"samples\": [\"12\", 0], \"vae\": [\"6\", 0]}}, \"14\": {\"class_type\": \"CreateVideo\", \"inputs\": {\"images\": [\"13\", 0], \"fps\": 25.0}}, \"15\": {\"class_type\": \"SaveVideo\", \"inputs\": {\"filename_prefix\": \"drama\", \"video\": [\"14\", 0], \"format\": \"auto\", \"codec\": \"auto\"}}}, {\"create_time\": 1781840407403}, [\"15\"]], \"outputs\": {}, \"status\": {\"status_str\": \"error\", \"completed\": false, \"messages\": [[\"execution_start\", {\"prompt_id\": \"114ac47e-0e30-4824-976c-46819b2c19ab\", \"timestamp\": 1781840407405}], [\"execution_cached\", {\"nodes\": [\"1\", \"2\", \"3\", \"6\"], \"prompt_id\": \"114ac47e-0e30-4824-976c-46819b2c19ab\", \"timestamp\": 1781840407416}], [\"execution_error\", {\"prompt_id\": \"114ac47e-0e30-4824-976c-46819b2c19ab\", \"node_id\": \"8\", \"node_type\": \"LoadImage\", \"executed\": [], \"exception_message\": \"[Errno 21] Is a directory: '/root/autodl-tmp/ComfyUI/input/'\\n\", \"exception_type\": \"av.error.IsADirectoryError\", \"traceback\": [\"  File \\\"/root/autodl-tmp/ComfyUI/execution.py\\\", line 542, in execute\\n    output_data, output_ui, has_subgraph, has_pending_tasks = await get_output_data(prompt_id, unique_id, obj, input_data_all, execution_block_cb=execution_block_cb, pre_execute_cb=pre_execute_cb, v3_data=v3_data)\\n\", \"  File \\\"/root/autodl-tmp/ComfyUI/execution.py\\\", line 341, in get_output_data\\n    return_values = await _async_map_node_over_list(prompt_id, unique_id, obj, input_data_all, obj.FUNCTION, allow_interrupt=True, execution_block_cb=execution_block_cb, pre_execute_cb=pre_execute_cb, v3_data=v3_data)\\n\", \"  File \\\"/root/autodl-tmp/ComfyUI/execution.py\\\", line 315, in _async_map_node_over_list\\n    await process_inputs(input_dict, i)\\n\", \"  File \\\"/root/autodl-tmp/ComfyUI/execution.py\\\", line 303, in process_inputs\\n    result = f(**inputs)\\n\", \"  File \\\"/root/autodl-tmp/ComfyUI/nodes.py\\\", line 1718, in load_image\\n    components = InputImpl.VideoFromFile(image_path).get_components()\\n\", \"  File \\\"/root/autodl-tmp/ComfyUI/comfy_api/latest/_input_impl/video_types.py\\\", line 370, in get_components\\n    with av.open(self.__file, mode='r') as container:\\n\", \"  File \\\"av/container/core.py\\\", line 555, in av.container.core.open\\n\", \"  File \\\"av/container/core.py\\\", line 344, in av.container.core.Container.__cinit__\\n\", \"  File \\\"av/container/core.py\\\", line 369, in av.container.core.Container.err_check\\n\", \"  File \\\"av/error.py\\\", line 411, in av.error.err_check\\n\"], \"current_inputs\": {\"image\": [\"\"]}, \"current_outputs\": [\"3\", \"5\", \"8\", \"1\", \"11\", \"15\", \"12\", \"2\", \"7\", \"9\", \"13\", \"14\", \"4\", \"6\", \"10\"], \"timestamp\": 1781840407422}]]}, \"meta\": {}}}"}
2026-06-19T03:52:40.509Z [WARN] [ComfyUI poll] 任务完成但未找到视频文件 {"outputs":"{}","video_gen_id":15}
2026-06-19T03:52:50.533Z [INFO] [ComfyUI poll] 查询history {"url":"http://localhost:18188/history/114ac47e-0e30-4824-976c-46819b2c19ab","video_gen_id":15}
2026-06-19T03:52:50.535Z [INFO] [poll] 发起查询 {"video_gen_id":15,"round":76,"url":"http://localhost:18188/history/114ac47e-0e30-4824-976c-46819b2c19ab"}
2026-06-19T03:52:50.573Z [INFO] [poll] 查询 HTTP 结果 {"video_gen_id":15,"round":76,"http_status":200,"bytes":4429,"body":"{\"114ac47e-0e30-4824-976c-46819b2c19ab\": {\"prompt\": [4, \"114ac47e-0e30-4824-976c-46819b2c19ab\", {\"1\": {\"class_type\": \"UNETLoader\", \"inputs\": {\"unet_name\": \"wan_fp8_scaled/I2V/Wan2_2-I2V-A14B-HIGH_fp8_e4m3fn_scaled_KJ.safetensors\", \"weight_dtype\": \"default\"}}, \"2\": {\"class_type\": \"UNETLoader\", \"inputs\": {\"unet_name\": \"wan_fp8_scaled/I2V/Wan2_2-I2V-A14B-LOW_fp8_e4m3fn_scaled_KJ.safetensors\", \"weight_dtype\": \"default\"}}, \"3\": {\"class_type\": \"CLIPLoader\", \"inputs\": {\"clip_name\": \"umt5_xxl_fp8_e4m3fn_scaled.safetensors\", \"type\": \"wan\"}}, \"4\": {\"class_type\": \"CLIPTextEncode\", \"inputs\": {\"text\": \"a young woman smiling gently, cinematic lighting, soft breeze in hair\", \"clip\": [\"3\", 0]}}, \"5\": {\"class_type\": \"CLIPTextEncode\", \"inputs\": {\"text\": \"low quality, blurry, distorted, bad anatomy, watermark, text, logo, nsfw\", \"clip\": [\"3\", 0]}}, \"6\": {\"class_type\": \"VAELoader\", \"inputs\": {\"vae_name\": \"wan_2.1_vae.safetensors\"}}, \"7\": {\"class_type\": \"CLIPVisionLoader\", \"inputs\": {\"clip_name\": \"clip_vision_h.safetensors\"}}, \"8\": {\"class_type\": \"LoadImage\", \"inputs\": {\"image\": \"\"}}, \"9\": {\"class_type\": \"CLIPVisionEncode\", \"inputs\": {\"clip_vision\": [\"7\", 0], \"image\": [\"8\", 0]}}, \"10\": {\"class_type\": \"Wan22ImageToVideoLatent\", \"inputs\": {\"vae\": [\"6\", 0], \"width\": 1280, \"height\": 720, \"length\": 50, \"batch_size\": 1, \"start_image\": [\"8\", 0]}}, \"11\": {\"class_type\": \"KSampler\", \"inputs\": {\"seed\": 954868916863, \"steps\": 20, \"cfg\": 3.0, \"sampler_name\": \"euler\", \"scheduler\": \"normal\", \"denoise\": 1.0, \"model\": [\"1\", 0], \"positive\": [\"4\", 0], \"negative\": [\"5\", 0], \"latent_image\": [\"10\", 0]}}, \"12\": {\"class_type\": \"KSampler\", \"inputs\": {\"seed\": 954868916863, \"steps\": 20, \"cfg\": 3.0, \"sampler_name\": \"euler\", \"scheduler\": \"normal\", \"denoise\": 1.0, \"model\": [\"2\", 0], \"positive\": [\"4\", 0], \"negative\": [\"5\", 0], \"latent_image\": [\"11\", 0]}}, \"13\": {\"class_type\": \"VAEDecode\", \"inputs\": {\"samples\": [\"12\", 0], \"vae\": [\"6\", 0]}}, \"14\": {\"class_type\": \"CreateVideo\", \"inputs\": {\"images\": [\"13\", 0], \"fps\": 25.0}}, \"15\": {\"class_type\": \"SaveVideo\", \"inputs\": {\"filename_prefix\": \"drama\", \"video\": [\"14\", 0], \"format\": \"auto\", \"codec\": \"auto\"}}}, {\"create_time\": 1781840407403}, [\"15\"]], \"outputs\": {}, \"status\": {\"status_str\": \"error\", \"completed\": false, \"messages\": [[\"execution_start\", {\"prompt_id\": \"114ac47e-0e30-4824-976c-46819b2c19ab\", \"timestamp\": 1781840407405}], [\"execution_cached\", {\"nodes\": [\"1\", \"2\", \"3\", \"6\"], \"prompt_id\": \"114ac47e-0e30-4824-976c-46819b2c19ab\", \"timestamp\": 1781840407416}], [\"execution_error\", {\"prompt_id\": \"114ac47e-0e30-4824-976c-46819b2c19ab\", \"node_id\": \"8\", \"node_type\": \"LoadImage\", \"executed\": [], \"exception_message\": \"[Errno 21] Is a directory: '/root/autodl-tmp/ComfyUI/input/'\\n\", \"exception_type\": \"av.error.IsADirectoryError\", \"traceback\": [\"  File \\\"/root/autodl-tmp/ComfyUI/execution.py\\\", line 542, in execute\\n    output_data, output_ui, has_subgraph, has_pending_tasks = await get_output_data(prompt_id, unique_id, obj, input_data_all, execution_block_cb=execution_block_cb, pre_execute_cb=pre_execute_cb, v3_data=v3_data)\\n\", \"  File \\\"/root/autodl-tmp/ComfyUI/execution.py\\\", line 341, in get_output_data\\n    return_values = await _async_map_node_over_list(prompt_id, unique_id, obj, input_data_all, obj.FUNCTION, allow_interrupt=True, execution_block_cb=execution_block_cb, pre_execute_cb=pre_execute_cb, v3_data=v3_data)\\n\", \"  File \\\"/root/autodl-tmp/ComfyUI/execution.py\\\", line 315, in _async_map_node_over_list\\n    await process_inputs(input_dict, i)\\n\", \"  File \\\"/root/autodl-tmp/ComfyUI/execution.py\\\", line 303, in process_inputs\\n    result = f(**inputs)\\n\", \"  File \\\"/root/autodl-tmp/ComfyUI/nodes.py\\\", line 1718, in load_image\\n    components = InputImpl.VideoFromFile(image_path).get_components()\\n\", \"  File \\\"/root/autodl-tmp/ComfyUI/comfy_api/latest/_input_impl/video_types.py\\\", line 370, in get_components\\n    with av.open(self.__file, mode='r') as container:\\n\", \"  File \\\"av/container/core.py\\\", line 555, in av.container.core.open\\n\", \"  File \\\"av/container/core.py\\\", line 344, in av.container.core.Container.__cinit__\\n\", \"  File \\\"av/container/core.py\\\", line 369, in av.container.core.Container.err_check\\n\", \"  File \\\"av/error.py\\\", line 411, in av.error.err_check\\n\"], \"current_inputs\": {\"image\": [\"\"]}, \"current_outputs\": [\"3\", \"5\", \"8\", \"1\", \"11\", \"15\", \"12\", \"2\", \"7\", \"9\", \"13\", \"14\", \"4\", \"6\", \"10\"], \"timestamp\": 1781840407422}]]}, \"meta\": {}}}"}
2026-06-19T03:52:50.574Z [WARN] [ComfyUI poll] 任务完成但未找到视频文件 {"outputs":"{}","video_gen_id":15}
2026-06-19T03:53:00.579Z [INFO] [ComfyUI poll] 查询history {"url":"http://localhost:18188/history/114ac47e-0e30-4824-976c-46819b2c19ab","video_gen_id":15}
2026-06-19T03:53:00.580Z [INFO] [poll] 发起查询 {"video_gen_id":15,"round":77,"url":"http://localhost:18188/history/114ac47e-0e30-4824-976c-46819b2c19ab"}
2026-06-19T03:53:00.601Z [WARN] Video poll request failed {"attempt":76,"error":"fetch failed"}
2026-06-19T03:53:10.627Z [INFO] [ComfyUI poll] 查询history {"url":"http://localhost:18188/history/114ac47e-0e30-4824-976c-46819b2c19ab","video_gen_id":15}
2026-06-19T03:53:10.628Z [INFO] [poll] 发起查询 {"video_gen_id":15,"round":78,"url":"http://localhost:18188/history/114ac47e-0e30-4824-976c-46819b2c19ab"}
2026-06-19T03:53:10.661Z [INFO] [poll] 查询 HTTP 结果 {"video_gen_id":15,"round":78,"http_status":200,"bytes":2,"body":"{}"}
2026-06-19T03:53:10.661Z [INFO] [ComfyUI poll] 任务尚未完成，继续轮询 {"attempt":77,"video_gen_id":15}
2026-06-19T03:53:20.667Z [INFO] [ComfyUI poll] 查询history {"url":"http://localhost:18188/history/114ac47e-0e30-4824-976c-46819b2c19ab","video_gen_id":15}
2026-06-19T03:53:20.672Z [INFO] [poll] 发起查询 {"video_gen_id":15,"round":79,"url":"http://localhost:18188/history/114ac47e-0e30-4824-976c-46819b2c19ab"}
2026-06-19T03:53:20.709Z [INFO] [poll] 查询 HTTP 结果 {"video_gen_id":15,"round":79,"http_status":200,"bytes":2,"body":"{}"}
2026-06-19T03:53:20.710Z [INFO] [ComfyUI poll] 任务尚未完成，继续轮询 {"attempt":78,"video_gen_id":15}
2026-06-19T03:53:30.719Z [INFO] [ComfyUI poll] 查询history {"url":"http://localhost:18188/history/114ac47e-0e30-4824-976c-46819b2c19ab","video_gen_id":15}
2026-06-19T03:53:30.721Z [INFO] [poll] 发起查询 {"video_gen_id":15,"round":80,"url":"http://localhost:18188/history/114ac47e-0e30-4824-976c-46819b2c19ab"}
2026-06-19T03:53:30.767Z [INFO] [poll] 查询 HTTP 结果 {"video_gen_id":15,"round":80,"http_status":200,"bytes":2,"body":"{}"}
2026-06-19T03:53:30.767Z [INFO] [ComfyUI poll] 任务尚未完成，继续轮询 {"attempt":79,"video_gen_id":15}
2026-06-19T03:53:40.783Z [INFO] [ComfyUI poll] 查询history {"url":"http://localhost:18188/history/114ac47e-0e30-4824-976c-46819b2c19ab","video_gen_id":15}
2026-06-19T03:53:40.788Z [INFO] [poll] 发起查询 {"video_gen_id":15,"round":81,"url":"http://localhost:18188/history/114ac47e-0e30-4824-976c-46819b2c19ab"}
2026-06-19T03:53:40.824Z [INFO] [poll] 查询 HTTP 结果 {"video_gen_id":15,"round":81,"http_status":200,"bytes":2,"body":"{}"}
2026-06-19T03:53:40.825Z [INFO] [ComfyUI poll] 任务尚未完成，继续轮询 {"attempt":80,"video_gen_id":15}
2026-06-19T03:53:50.829Z [INFO] [ComfyUI poll] 查询history {"url":"http://localhost:18188/history/114ac47e-0e30-4824-976c-46819b2c19ab","video_gen_id":15}
2026-06-19T03:53:50.829Z [INFO] [poll] 发起查询 {"video_gen_id":15,"round":82,"url":"http://localhost:18188/history/114ac47e-0e30-4824-976c-46819b2c19ab"}
2026-06-19T03:53:50.863Z [INFO] [poll] 查询 HTTP 结果 {"video_gen_id":15,"round":82,"http_status":200,"bytes":2,"body":"{}"}
2026-06-19T03:53:50.863Z [INFO] [ComfyUI poll] 任务尚未完成，继续轮询 {"attempt":81,"video_gen_id":15}
2026-06-19T03:54:00.876Z [INFO] [ComfyUI poll] 查询history {"url":"http://localhost:18188/history/114ac47e-0e30-4824-976c-46819b2c19ab","video_gen_id":15}
2026-06-19T03:54:00.877Z [INFO] [poll] 发起查询 {"video_gen_id":15,"round":83,"url":"http://localhost:18188/history/114ac47e-0e30-4824-976c-46819b2c19ab"}
2026-06-19T03:54:00.911Z [INFO] [poll] 查询 HTTP 结果 {"video_gen_id":15,"round":83,"http_status":200,"bytes":2,"body":"{}"}
2026-06-19T03:54:00.912Z [INFO] [ComfyUI poll] 任务尚未完成，继续轮询 {"attempt":82,"video_gen_id":15}
2026-06-19T03:54:10.924Z [INFO] [ComfyUI poll] 查询history {"url":"http://localhost:18188/history/114ac47e-0e30-4824-976c-46819b2c19ab","video_gen_id":15}
2026-06-19T03:54:10.929Z [INFO] [poll] 发起查询 {"video_gen_id":15,"round":84,"url":"http://localhost:18188/history/114ac47e-0e30-4824-976c-46819b2c19ab"}
2026-06-19T03:54:10.962Z [INFO] [poll] 查询 HTTP 结果 {"video_gen_id":15,"round":84,"http_status":200,"bytes":2,"body":"{}"}
2026-06-19T03:54:10.962Z [INFO] [ComfyUI poll] 任务尚未完成，继续轮询 {"attempt":83,"video_gen_id":15}
2026-06-19T03:54:20.971Z [INFO] [ComfyUI poll] 查询history {"url":"http://localhost:18188/history/114ac47e-0e30-4824-976c-46819b2c19ab","video_gen_id":15}
2026-06-19T03:54:20.972Z [INFO] [poll] 发起查询 {"video_gen_id":15,"round":85,"url":"http://localhost:18188/history/114ac47e-0e30-4824-976c-46819b2c19ab"}
2026-06-19T03:54:21.009Z [INFO] [poll] 查询 HTTP 结果 {"video_gen_id":15,"round":85,"http_status":200,"bytes":2,"body":"{}"}
2026-06-19T03:54:21.009Z [INFO] [ComfyUI poll] 任务尚未完成，继续轮询 {"attempt":84,"video_gen_id":15}
2026-06-19T03:54:31.018Z [INFO] [ComfyUI poll] 查询history {"url":"http://localhost:18188/history/114ac47e-0e30-4824-976c-46819b2c19ab","video_gen_id":15}
2026-06-19T03:54:31.020Z [INFO] [poll] 发起查询 {"video_gen_id":15,"round":86,"url":"http://localhost:18188/history/114ac47e-0e30-4824-976c-46819b2c19ab"}
2026-06-19T03:54:31.052Z [INFO] [poll] 查询 HTTP 结果 {"video_gen_id":15,"round":86,"http_status":200,"bytes":2,"body":"{}"}
2026-06-19T03:54:31.053Z [INFO] [ComfyUI poll] 任务尚未完成，继续轮询 {"attempt":85,"video_gen_id":15}
2026-06-19T03:54:41.064Z [INFO] [ComfyUI poll] 查询history {"url":"http://localhost:18188/history/114ac47e-0e30-4824-976c-46819b2c19ab","video_gen_id":15}
2026-06-19T03:54:41.065Z [INFO] [poll] 发起查询 {"video_gen_id":15,"round":87,"url":"http://localhost:18188/history/114ac47e-0e30-4824-976c-46819b2c19ab"}
2026-06-19T03:54:41.100Z [INFO] [poll] 查询 HTTP 结果 {"video_gen_id":15,"round":87,"http_status":200,"bytes":2,"body":"{}"}
2026-06-19T03:54:41.101Z [INFO] [ComfyUI poll] 任务尚未完成，继续轮询 {"attempt":86,"video_gen_id":15}
2026-06-19T03:54:51.112Z [INFO] [ComfyUI poll] 查询history {"url":"http://localhost:18188/history/114ac47e-0e30-4824-976c-46819b2c19ab","video_gen_id":15}
2026-06-19T03:54:51.112Z [INFO] [poll] 发起查询 {"video_gen_id":15,"round":88,"url":"http://localhost:18188/history/114ac47e-0e30-4824-976c-46819b2c19ab"}
2026-06-19T03:54:51.145Z [INFO] [poll] 查询 HTTP 结果 {"video_gen_id":15,"round":88,"http_status":200,"bytes":2,"body":"{}"}
2026-06-19T03:54:51.145Z [INFO] [ComfyUI poll] 任务尚未完成，继续轮询 {"attempt":87,"video_gen_id":15}
2026-06-19T03:55:01.158Z [INFO] [ComfyUI poll] 查询history {"url":"http://localhost:18188/history/114ac47e-0e30-4824-976c-46819b2c19ab","video_gen_id":15}
2026-06-19T03:55:01.159Z [INFO] [poll] 发起查询 {"video_gen_id":15,"round":89,"url":"http://localhost:18188/history/114ac47e-0e30-4824-976c-46819b2c19ab"}
2026-06-19T03:55:01.200Z [INFO] [poll] 查询 HTTP 结果 {"video_gen_id":15,"round":89,"http_status":200,"bytes":2,"body":"{}"}
2026-06-19T03:55:01.200Z [INFO] [ComfyUI poll] 任务尚未完成，继续轮询 {"attempt":88,"video_gen_id":15}
2026-06-19T03:55:11.205Z [INFO] [ComfyUI poll] 查询history {"url":"http://localhost:18188/history/114ac47e-0e30-4824-976c-46819b2c19ab","video_gen_id":15}
2026-06-19T03:55:11.207Z [INFO] [poll] 发起查询 {"video_gen_id":15,"round":90,"url":"http://localhost:18188/history/114ac47e-0e30-4824-976c-46819b2c19ab"}
2026-06-19T03:55:11.242Z [INFO] [poll] 查询 HTTP 结果 {"video_gen_id":15,"round":90,"http_status":200,"bytes":2,"body":"{}"}
2026-06-19T03:55:11.242Z [INFO] [ComfyUI poll] 任务尚未完成，继续轮询 {"attempt":89,"video_gen_id":15}
2026-06-19T03:55:21.253Z [INFO] [ComfyUI poll] 查询history {"url":"http://localhost:18188/history/114ac47e-0e30-4824-976c-46819b2c19ab","video_gen_id":15}
2026-06-19T03:55:21.254Z [INFO] [poll] 发起查询 {"video_gen_id":15,"round":91,"url":"http://localhost:18188/history/114ac47e-0e30-4824-976c-46819b2c19ab"}
2026-06-19T03:55:21.288Z [INFO] [poll] 查询 HTTP 结果 {"video_gen_id":15,"round":91,"http_status":200,"bytes":2,"body":"{}"}
2026-06-19T03:55:21.289Z [INFO] [ComfyUI poll] 任务尚未完成，继续轮询 {"attempt":90,"video_gen_id":15}
2026-06-19T03:55:31.301Z [INFO] [ComfyUI poll] 查询history {"url":"http://localhost:18188/history/114ac47e-0e30-4824-976c-46819b2c19ab","video_gen_id":15}
2026-06-19T03:55:31.302Z [INFO] [poll] 发起查询 {"video_gen_id":15,"round":92,"url":"http://localhost:18188/history/114ac47e-0e30-4824-976c-46819b2c19ab"}
2026-06-19T03:55:31.343Z [INFO] [poll] 查询 HTTP 结果 {"video_gen_id":15,"round":92,"http_status":200,"bytes":2,"body":"{}"}
2026-06-19T03:55:31.343Z [INFO] [ComfyUI poll] 任务尚未完成，继续轮询 {"attempt":91,"video_gen_id":15}
2026-06-19T03:55:41.347Z [INFO] [ComfyUI poll] 查询history {"url":"http://localhost:18188/history/114ac47e-0e30-4824-976c-46819b2c19ab","video_gen_id":15}
2026-06-19T03:55:41.348Z [INFO] [poll] 发起查询 {"video_gen_id":15,"round":93,"url":"http://localhost:18188/history/114ac47e-0e30-4824-976c-46819b2c19ab"}
2026-06-19T03:55:41.384Z [INFO] [poll] 查询 HTTP 结果 {"video_gen_id":15,"round":93,"http_status":200,"bytes":2,"body":"{}"}
2026-06-19T03:55:41.385Z [INFO] [ComfyUI poll] 任务尚未完成，继续轮询 {"attempt":92,"video_gen_id":15}
2026-06-19T03:55:51.393Z [INFO] [ComfyUI poll] 查询history {"url":"http://localhost:18188/history/114ac47e-0e30-4824-976c-46819b2c19ab","video_gen_id":15}
2026-06-19T03:55:51.395Z [INFO] [poll] 发起查询 {"video_gen_id":15,"round":94,"url":"http://localhost:18188/history/114ac47e-0e30-4824-976c-46819b2c19ab"}
2026-06-19T03:55:51.433Z [INFO] [poll] 查询 HTTP 结果 {"video_gen_id":15,"round":94,"http_status":200,"bytes":2,"body":"{}"}
2026-06-19T03:55:51.433Z [INFO] [ComfyUI poll] 任务尚未完成，继续轮询 {"attempt":93,"video_gen_id":15}
2026-06-19T03:56:01.439Z [INFO] [ComfyUI poll] 查询history {"url":"http://localhost:18188/history/114ac47e-0e30-4824-976c-46819b2c19ab","video_gen_id":15}
2026-06-19T03:56:01.441Z [INFO] [poll] 发起查询 {"video_gen_id":15,"round":95,"url":"http://localhost:18188/history/114ac47e-0e30-4824-976c-46819b2c19ab"}
2026-06-19T03:56:01.474Z [INFO] [poll] 查询 HTTP 结果 {"video_gen_id":15,"round":95,"http_status":200,"bytes":2,"body":"{}"}
2026-06-19T03:56:01.475Z [INFO] [ComfyUI poll] 任务尚未完成，继续轮询 {"attempt":94,"video_gen_id":15}
2026-06-19T03:56:11.487Z [INFO] [ComfyUI poll] 查询history {"url":"http://localhost:18188/history/114ac47e-0e30-4824-976c-46819b2c19ab","video_gen_id":15}
2026-06-19T03:56:11.489Z [INFO] [poll] 发起查询 {"video_gen_id":15,"round":96,"url":"http://localhost:18188/history/114ac47e-0e30-4824-976c-46819b2c19ab"}
2026-06-19T03:56:11.522Z [INFO] [poll] 查询 HTTP 结果 {"video_gen_id":15,"round":96,"http_status":200,"bytes":2,"body":"{}"}
2026-06-19T03:56:11.522Z [INFO] [ComfyUI poll] 任务尚未完成，继续轮询 {"attempt":95,"video_gen_id":15}
2026-06-19T03:56:21.534Z [INFO] [ComfyUI poll] 查询history {"url":"http://localhost:18188/history/114ac47e-0e30-4824-976c-46819b2c19ab","video_gen_id":15}
2026-06-19T03:56:21.535Z [INFO] [poll] 发起查询 {"video_gen_id":15,"round":97,"url":"http://localhost:18188/history/114ac47e-0e30-4824-976c-46819b2c19ab"}
2026-06-19T03:56:21.569Z [INFO] [poll] 查询 HTTP 结果 {"video_gen_id":15,"round":97,"http_status":200,"bytes":2,"body":"{}"}
2026-06-19T03:56:21.569Z [INFO] [ComfyUI poll] 任务尚未完成，继续轮询 {"attempt":96,"video_gen_id":15}
2026-06-19T03:56:31.580Z [INFO] [ComfyUI poll] 查询history {"url":"http://localhost:18188/history/114ac47e-0e30-4824-976c-46819b2c19ab","video_gen_id":15}
2026-06-19T03:56:31.582Z [INFO] [poll] 发起查询 {"video_gen_id":15,"round":98,"url":"http://localhost:18188/history/114ac47e-0e30-4824-976c-46819b2c19ab"}
2026-06-19T03:56:31.617Z [INFO] [poll] 查询 HTTP 结果 {"video_gen_id":15,"round":98,"http_status":200,"bytes":2,"body":"{}"}
2026-06-19T03:56:31.618Z [INFO] [ComfyUI poll] 任务尚未完成，继续轮询 {"attempt":97,"video_gen_id":15}
2026-06-19T03:56:41.626Z [INFO] [ComfyUI poll] 查询history {"url":"http://localhost:18188/history/114ac47e-0e30-4824-976c-46819b2c19ab","video_gen_id":15}
2026-06-19T03:56:41.627Z [INFO] [poll] 发起查询 {"video_gen_id":15,"round":99,"url":"http://localhost:18188/history/114ac47e-0e30-4824-976c-46819b2c19ab"}
2026-06-19T03:56:41.659Z [INFO] [poll] 查询 HTTP 结果 {"video_gen_id":15,"round":99,"http_status":200,"bytes":2,"body":"{}"}
2026-06-19T03:56:41.660Z [INFO] [ComfyUI poll] 任务尚未完成，继续轮询 {"attempt":98,"video_gen_id":15}
2026-06-19T03:56:51.673Z [INFO] [ComfyUI poll] 查询history {"url":"http://localhost:18188/history/114ac47e-0e30-4824-976c-46819b2c19ab","video_gen_id":15}
2026-06-19T03:56:51.675Z [INFO] [poll] 发起查询 {"video_gen_id":15,"round":100,"url":"http://localhost:18188/history/114ac47e-0e30-4824-976c-46819b2c19ab"}
2026-06-19T03:56:51.707Z [INFO] [poll] 查询 HTTP 结果 {"video_gen_id":15,"round":100,"http_status":200,"bytes":2,"body":"{}"}
2026-06-19T03:56:51.707Z [INFO] [ComfyUI poll] 任务尚未完成，继续轮询 {"attempt":99,"video_gen_id":15}
2026-06-19T03:57:01.719Z [INFO] [ComfyUI poll] 查询history {"url":"http://localhost:18188/history/114ac47e-0e30-4824-976c-46819b2c19ab","video_gen_id":15}
2026-06-19T03:57:01.719Z [INFO] [poll] 发起查询 {"video_gen_id":15,"round":101,"url":"http://localhost:18188/history/114ac47e-0e30-4824-976c-46819b2c19ab"}
2026-06-19T03:57:01.757Z [INFO] [poll] 查询 HTTP 结果 {"video_gen_id":15,"round":101,"http_status":200,"bytes":2,"body":"{}"}
2026-06-19T03:57:01.759Z [INFO] [ComfyUI poll] 任务尚未完成，继续轮询 {"attempt":100,"video_gen_id":15}
2026-06-19T03:57:11.767Z [INFO] [ComfyUI poll] 查询history {"url":"http://localhost:18188/history/114ac47e-0e30-4824-976c-46819b2c19ab","video_gen_id":15}
2026-06-19T03:57:11.768Z [INFO] [poll] 发起查询 {"video_gen_id":15,"round":102,"url":"http://localhost:18188/history/114ac47e-0e30-4824-976c-46819b2c19ab"}
2026-06-19T03:57:11.803Z [INFO] [poll] 查询 HTTP 结果 {"video_gen_id":15,"round":102,"http_status":200,"bytes":2,"body":"{}"}
2026-06-19T03:57:11.804Z [INFO] [ComfyUI poll] 任务尚未完成，继续轮询 {"attempt":101,"video_gen_id":15}
2026-06-19T03:57:21.808Z [INFO] [ComfyUI poll] 查询history {"url":"http://localhost:18188/history/114ac47e-0e30-4824-976c-46819b2c19ab","video_gen_id":15}
2026-06-19T03:57:21.809Z [INFO] [poll] 发起查询 {"video_gen_id":15,"round":103,"url":"http://localhost:18188/history/114ac47e-0e30-4824-976c-46819b2c19ab"}
2026-06-19T03:57:21.896Z [INFO] [poll] 查询 HTTP 结果 {"video_gen_id":15,"round":103,"http_status":200,"bytes":2,"body":"{}"}
2026-06-19T03:57:21.897Z [INFO] [ComfyUI poll] 任务尚未完成，继续轮询 {"attempt":102,"video_gen_id":15}
2026-06-19T03:57:31.903Z [INFO] [ComfyUI poll] 查询history {"url":"http://localhost:18188/history/114ac47e-0e30-4824-976c-46819b2c19ab","video_gen_id":15}
2026-06-19T03:57:31.904Z [INFO] [poll] 发起查询 {"video_gen_id":15,"round":104,"url":"http://localhost:18188/history/114ac47e-0e30-4824-976c-46819b2c19ab"}
2026-06-19T03:57:31.940Z [INFO] [poll] 查询 HTTP 结果 {"video_gen_id":15,"round":104,"http_status":200,"bytes":2,"body":"{}"}
2026-06-19T03:57:31.941Z [INFO] [ComfyUI poll] 任务尚未完成，继续轮询 {"attempt":103,"video_gen_id":15}
2026-06-19T03:57:41.955Z [INFO] [ComfyUI poll] 查询history {"url":"http://localhost:18188/history/114ac47e-0e30-4824-976c-46819b2c19ab","video_gen_id":15}
2026-06-19T03:57:41.956Z [INFO] [poll] 发起查询 {"video_gen_id":15,"round":105,"url":"http://localhost:18188/history/114ac47e-0e30-4824-976c-46819b2c19ab"}
2026-06-19T03:57:41.991Z [INFO] [poll] 查询 HTTP 结果 {"video_gen_id":15,"round":105,"http_status":200,"bytes":2,"body":"{}"}
2026-06-19T03:57:41.992Z [INFO] [ComfyUI poll] 任务尚未完成，继续轮询 {"attempt":104,"video_gen_id":15}
2026-06-19T03:57:51.999Z [INFO] [ComfyUI poll] 查询history {"url":"http://localhost:18188/history/114ac47e-0e30-4824-976c-46819b2c19ab","video_gen_id":15}
2026-06-19T03:57:52.000Z [INFO] [poll] 发起查询 {"video_gen_id":15,"round":106,"url":"http://localhost:18188/history/114ac47e-0e30-4824-976c-46819b2c19ab"}
2026-06-19T03:57:52.035Z [INFO] [poll] 查询 HTTP 结果 {"video_gen_id":15,"round":106,"http_status":200,"bytes":2,"body":"{}"}
2026-06-19T03:57:52.036Z [INFO] [ComfyUI poll] 任务尚未完成，继续轮询 {"attempt":105,"video_gen_id":15}
2026-06-19T03:58:02.064Z [INFO] [ComfyUI poll] 查询history {"url":"http://localhost:18188/history/114ac47e-0e30-4824-976c-46819b2c19ab","video_gen_id":15}
2026-06-19T03:58:02.065Z [INFO] [poll] 发起查询 {"video_gen_id":15,"round":107,"url":"http://localhost:18188/history/114ac47e-0e30-4824-976c-46819b2c19ab"}
2026-06-19T03:58:02.100Z [INFO] [poll] 查询 HTTP 结果 {"video_gen_id":15,"round":107,"http_status":200,"bytes":2,"body":"{}"}
2026-06-19T03:58:02.100Z [INFO] [ComfyUI poll] 任务尚未完成，继续轮询 {"attempt":106,"video_gen_id":15}
2026-06-19T03:58:12.112Z [INFO] [ComfyUI poll] 查询history {"url":"http://localhost:18188/history/114ac47e-0e30-4824-976c-46819b2c19ab","video_gen_id":15}
2026-06-19T03:58:12.113Z [INFO] [poll] 发起查询 {"video_gen_id":15,"round":108,"url":"http://localhost:18188/history/114ac47e-0e30-4824-976c-46819b2c19ab"}
2026-06-19T03:58:12.146Z [INFO] [poll] 查询 HTTP 结果 {"video_gen_id":15,"round":108,"http_status":200,"bytes":2,"body":"{}"}
2026-06-19T03:58:12.146Z [INFO] [ComfyUI poll] 任务尚未完成，继续轮询 {"attempt":107,"video_gen_id":15}
2026-06-19T03:58:22.158Z [INFO] [ComfyUI poll] 查询history {"url":"http://localhost:18188/history/114ac47e-0e30-4824-976c-46819b2c19ab","video_gen_id":15}
2026-06-19T03:58:22.160Z [INFO] [poll] 发起查询 {"video_gen_id":15,"round":109,"url":"http://localhost:18188/history/114ac47e-0e30-4824-976c-46819b2c19ab"}
2026-06-19T03:58:22.196Z [INFO] [poll] 查询 HTTP 结果 {"video_gen_id":15,"round":109,"http_status":200,"bytes":2,"body":"{}"}
2026-06-19T03:58:22.197Z [INFO] [ComfyUI poll] 任务尚未完成，继续轮询 {"attempt":108,"video_gen_id":15}
2026-06-19T03:58:32.206Z [INFO] [ComfyUI poll] 查询history {"url":"http://localhost:18188/history/114ac47e-0e30-4824-976c-46819b2c19ab","video_gen_id":15}
2026-06-19T03:58:32.206Z [INFO] [poll] 发起查询 {"video_gen_id":15,"round":110,"url":"http://localhost:18188/history/114ac47e-0e30-4824-976c-46819b2c19ab"}
2026-06-19T03:58:32.241Z [INFO] [poll] 查询 HTTP 结果 {"video_gen_id":15,"round":110,"http_status":200,"bytes":2,"body":"{}"}
2026-06-19T03:58:32.241Z [INFO] [ComfyUI poll] 任务尚未完成，继续轮询 {"attempt":109,"video_gen_id":15}
2026-06-19T03:58:42.254Z [INFO] [ComfyUI poll] 查询history {"url":"http://localhost:18188/history/114ac47e-0e30-4824-976c-46819b2c19ab","video_gen_id":15}
2026-06-19T03:58:42.255Z [INFO] [poll] 发起查询 {"video_gen_id":15,"round":111,"url":"http://localhost:18188/history/114ac47e-0e30-4824-976c-46819b2c19ab"}
2026-06-19T03:58:42.289Z [INFO] [poll] 查询 HTTP 结果 {"video_gen_id":15,"round":111,"http_status":200,"bytes":2,"body":"{}"}
2026-06-19T03:58:42.290Z [INFO] [ComfyUI poll] 任务尚未完成，继续轮询 {"attempt":110,"video_gen_id":15}
2026-06-19T03:58:52.299Z [INFO] [ComfyUI poll] 查询history {"url":"http://localhost:18188/history/114ac47e-0e30-4824-976c-46819b2c19ab","video_gen_id":15}
2026-06-19T03:58:52.300Z [INFO] [poll] 发起查询 {"video_gen_id":15,"round":112,"url":"http://localhost:18188/history/114ac47e-0e30-4824-976c-46819b2c19ab"}
2026-06-19T03:58:52.333Z [INFO] [poll] 查询 HTTP 结果 {"video_gen_id":15,"round":112,"http_status":200,"bytes":2,"body":"{}"}
2026-06-19T03:58:52.333Z [INFO] [ComfyUI poll] 任务尚未完成，继续轮询 {"attempt":111,"video_gen_id":15}
2026-06-19T03:59:02.347Z [INFO] [ComfyUI poll] 查询history {"url":"http://localhost:18188/history/114ac47e-0e30-4824-976c-46819b2c19ab","video_gen_id":15}
2026-06-19T03:59:02.348Z [INFO] [poll] 发起查询 {"video_gen_id":15,"round":113,"url":"http://localhost:18188/history/114ac47e-0e30-4824-976c-46819b2c19ab"}
2026-06-19T03:59:02.385Z [INFO] [poll] 查询 HTTP 结果 {"video_gen_id":15,"round":113,"http_status":200,"bytes":2,"body":"{}"}
2026-06-19T03:59:02.385Z [INFO] [ComfyUI poll] 任务尚未完成，继续轮询 {"attempt":112,"video_gen_id":15}
2026-06-19T03:59:12.394Z [INFO] [ComfyUI poll] 查询history {"url":"http://localhost:18188/history/114ac47e-0e30-4824-976c-46819b2c19ab","video_gen_id":15}
2026-06-19T03:59:12.396Z [INFO] [poll] 发起查询 {"video_gen_id":15,"round":114,"url":"http://localhost:18188/history/114ac47e-0e30-4824-976c-46819b2c19ab"}
2026-06-19T03:59:12.430Z [INFO] [poll] 查询 HTTP 结果 {"video_gen_id":15,"round":114,"http_status":200,"bytes":2,"body":"{}"}
2026-06-19T03:59:12.431Z [INFO] [ComfyUI poll] 任务尚未完成，继续轮询 {"attempt":113,"video_gen_id":15}
2026-06-19T03:59:22.440Z [INFO] [ComfyUI poll] 查询history {"url":"http://localhost:18188/history/114ac47e-0e30-4824-976c-46819b2c19ab","video_gen_id":15}
2026-06-19T03:59:22.441Z [INFO] [poll] 发起查询 {"video_gen_id":15,"round":115,"url":"http://localhost:18188/history/114ac47e-0e30-4824-976c-46819b2c19ab"}
2026-06-19T03:59:22.473Z [INFO] [poll] 查询 HTTP 结果 {"video_gen_id":15,"round":115,"http_status":200,"bytes":2,"body":"{}"}
2026-06-19T03:59:22.473Z [INFO] [ComfyUI poll] 任务尚未完成，继续轮询 {"attempt":114,"video_gen_id":15}
2026-06-19T03:59:32.486Z [INFO] [ComfyUI poll] 查询history {"url":"http://localhost:18188/history/114ac47e-0e30-4824-976c-46819b2c19ab","video_gen_id":15}
2026-06-19T03:59:32.491Z [INFO] [poll] 发起查询 {"video_gen_id":15,"round":116,"url":"http://localhost:18188/history/114ac47e-0e30-4824-976c-46819b2c19ab"}
2026-06-19T03:59:32.526Z [INFO] [poll] 查询 HTTP 结果 {"video_gen_id":15,"round":116,"http_status":200,"bytes":2,"body":"{}"}
2026-06-19T03:59:32.527Z [INFO] [ComfyUI poll] 任务尚未完成，继续轮询 {"attempt":115,"video_gen_id":15}
2026-06-19T03:59:42.536Z [INFO] [ComfyUI poll] 查询history {"url":"http://localhost:18188/history/114ac47e-0e30-4824-976c-46819b2c19ab","video_gen_id":15}
2026-06-19T03:59:42.540Z [INFO] [poll] 发起查询 {"video_gen_id":15,"round":117,"url":"http://localhost:18188/history/114ac47e-0e30-4824-976c-46819b2c19ab"}
2026-06-19T03:59:42.577Z [INFO] [poll] 查询 HTTP 结果 {"video_gen_id":15,"round":117,"http_status":200,"bytes":2,"body":"{}"}
2026-06-19T03:59:42.577Z [INFO] [ComfyUI poll] 任务尚未完成，继续轮询 {"attempt":116,"video_gen_id":15}
2026-06-19T03:59:52.580Z [INFO] [ComfyUI poll] 查询history {"url":"http://localhost:18188/history/114ac47e-0e30-4824-976c-46819b2c19ab","video_gen_id":15}
2026-06-19T03:59:52.585Z [INFO] [poll] 发起查询 {"video_gen_id":15,"round":118,"url":"http://localhost:18188/history/114ac47e-0e30-4824-976c-46819b2c19ab"}
2026-06-19T03:59:52.621Z [INFO] [poll] 查询 HTTP 结果 {"video_gen_id":15,"round":118,"http_status":200,"bytes":2,"body":"{}"}
2026-06-19T03:59:52.622Z [INFO] [ComfyUI poll] 任务尚未完成，继续轮询 {"attempt":117,"video_gen_id":15}
2026-06-19T04:00:02.642Z [INFO] [ComfyUI poll] 查询history {"url":"http://localhost:18188/history/114ac47e-0e30-4824-976c-46819b2c19ab","video_gen_id":15}
2026-06-19T04:00:02.644Z [INFO] [poll] 发起查询 {"video_gen_id":15,"round":119,"url":"http://localhost:18188/history/114ac47e-0e30-4824-976c-46819b2c19ab"}
2026-06-19T04:00:02.676Z [INFO] [poll] 查询 HTTP 结果 {"video_gen_id":15,"round":119,"http_status":200,"bytes":2,"body":"{}"}
2026-06-19T04:00:02.676Z [INFO] [ComfyUI poll] 任务尚未完成，继续轮询 {"attempt":118,"video_gen_id":15}
2026-06-19T04:00:12.690Z [INFO] [ComfyUI poll] 查询history {"url":"http://localhost:18188/history/114ac47e-0e30-4824-976c-46819b2c19ab","video_gen_id":15}
2026-06-19T04:00:12.691Z [INFO] [poll] 发起查询 {"video_gen_id":15,"round":120,"url":"http://localhost:18188/history/114ac47e-0e30-4824-976c-46819b2c19ab"}
2026-06-19T04:00:12.725Z [INFO] [poll] 查询 HTTP 结果 {"video_gen_id":15,"round":120,"http_status":200,"bytes":2,"body":"{}"}
2026-06-19T04:00:12.725Z [INFO] [ComfyUI poll] 任务尚未完成，继续轮询 {"attempt":119,"video_gen_id":15}
2026-06-19T04:00:22.740Z [INFO] [ComfyUI poll] 查询history {"url":"http://localhost:18188/history/114ac47e-0e30-4824-976c-46819b2c19ab","video_gen_id":15}
2026-06-19T04:00:22.741Z [INFO] [poll] 发起查询 {"video_gen_id":15,"round":121,"url":"http://localhost:18188/history/114ac47e-0e30-4824-976c-46819b2c19ab"}
2026-06-19T04:00:22.776Z [INFO] [poll] 查询 HTTP 结果 {"video_gen_id":15,"round":121,"http_status":200,"bytes":2,"body":"{}"}
2026-06-19T04:00:22.776Z [INFO] [ComfyUI poll] 任务尚未完成，继续轮询 {"attempt":120,"video_gen_id":15}
2026-06-19T04:00:32.783Z [INFO] [ComfyUI poll] 查询history {"url":"http://localhost:18188/history/114ac47e-0e30-4824-976c-46819b2c19ab","video_gen_id":15}
2026-06-19T04:00:32.784Z [INFO] [poll] 发起查询 {"video_gen_id":15,"round":122,"url":"http://localhost:18188/history/114ac47e-0e30-4824-976c-46819b2c19ab"}
2026-06-19T04:00:32.819Z [INFO] [poll] 查询 HTTP 结果 {"video_gen_id":15,"round":122,"http_status":200,"bytes":2,"body":"{}"}
2026-06-19T04:00:32.819Z [INFO] [ComfyUI poll] 任务尚未完成，继续轮询 {"attempt":121,"video_gen_id":15}
2026-06-19T04:00:42.829Z [INFO] [ComfyUI poll] 查询history {"url":"http://localhost:18188/history/114ac47e-0e30-4824-976c-46819b2c19ab","video_gen_id":15}
2026-06-19T04:00:42.831Z [INFO] [poll] 发起查询 {"video_gen_id":15,"round":123,"url":"http://localhost:18188/history/114ac47e-0e30-4824-976c-46819b2c19ab"}
2026-06-19T04:00:42.867Z [INFO] [poll] 查询 HTTP 结果 {"video_gen_id":15,"round":123,"http_status":200,"bytes":2,"body":"{}"}
2026-06-19T04:00:42.868Z [INFO] [ComfyUI poll] 任务尚未完成，继续轮询 {"attempt":122,"video_gen_id":15}
2026-06-19T04:00:52.876Z [INFO] [ComfyUI poll] 查询history {"url":"http://localhost:18188/history/114ac47e-0e30-4824-976c-46819b2c19ab","video_gen_id":15}
2026-06-19T04:00:52.877Z [INFO] [poll] 发起查询 {"video_gen_id":15,"round":124,"url":"http://localhost:18188/history/114ac47e-0e30-4824-976c-46819b2c19ab"}
2026-06-19T04:00:52.910Z [INFO] [poll] 查询 HTTP 结果 {"video_gen_id":15,"round":124,"http_status":200,"bytes":2,"body":"{}"}
2026-06-19T04:00:52.911Z [INFO] [ComfyUI poll] 任务尚未完成，继续轮询 {"attempt":123,"video_gen_id":15}
2026-06-19T04:01:02.923Z [INFO] [ComfyUI poll] 查询history {"url":"http://localhost:18188/history/114ac47e-0e30-4824-976c-46819b2c19ab","video_gen_id":15}
2026-06-19T04:01:02.926Z [INFO] [poll] 发起查询 {"video_gen_id":15,"round":125,"url":"http://localhost:18188/history/114ac47e-0e30-4824-976c-46819b2c19ab"}
2026-06-19T04:01:02.959Z [INFO] [poll] 查询 HTTP 结果 {"video_gen_id":15,"round":125,"http_status":200,"bytes":2,"body":"{}"}
2026-06-19T04:01:02.959Z [INFO] [ComfyUI poll] 任务尚未完成，继续轮询 {"attempt":124,"video_gen_id":15}
2026-06-19T04:01:12.971Z [INFO] [ComfyUI poll] 查询history {"url":"http://localhost:18188/history/114ac47e-0e30-4824-976c-46819b2c19ab","video_gen_id":15}
2026-06-19T04:01:12.972Z [INFO] [poll] 发起查询 {"video_gen_id":15,"round":126,"url":"http://localhost:18188/history/114ac47e-0e30-4824-976c-46819b2c19ab"}
2026-06-19T04:01:13.011Z [INFO] [poll] 查询 HTTP 结果 {"video_gen_id":15,"round":126,"http_status":200,"bytes":2,"body":"{}"}
2026-06-19T04:01:13.012Z [INFO] [ComfyUI poll] 任务尚未完成，继续轮询 {"attempt":125,"video_gen_id":15}
2026-06-19T04:01:23.018Z [INFO] [ComfyUI poll] 查询history {"url":"http://localhost:18188/history/114ac47e-0e30-4824-976c-46819b2c19ab","video_gen_id":15}
2026-06-19T04:01:23.019Z [INFO] [poll] 发起查询 {"video_gen_id":15,"round":127,"url":"http://localhost:18188/history/114ac47e-0e30-4824-976c-46819b2c19ab"}
2026-06-19T04:01:23.054Z [INFO] [poll] 查询 HTTP 结果 {"video_gen_id":15,"round":127,"http_status":200,"bytes":2,"body":"{}"}
2026-06-19T04:01:23.054Z [INFO] [ComfyUI poll] 任务尚未完成，继续轮询 {"attempt":126,"video_gen_id":15}
2026-06-19T04:01:33.065Z [INFO] [ComfyUI poll] 查询history {"url":"http://localhost:18188/history/114ac47e-0e30-4824-976c-46819b2c19ab","video_gen_id":15}
2026-06-19T04:01:33.066Z [INFO] [poll] 发起查询 {"video_gen_id":15,"round":128,"url":"http://localhost:18188/history/114ac47e-0e30-4824-976c-46819b2c19ab"}
2026-06-19T04:01:33.101Z [INFO] [poll] 查询 HTTP 结果 {"video_gen_id":15,"round":128,"http_status":200,"bytes":2,"body":"{}"}
2026-06-19T04:01:33.102Z [INFO] [ComfyUI poll] 任务尚未完成，继续轮询 {"attempt":127,"video_gen_id":15}
2026-06-19T04:01:43.112Z [INFO] [ComfyUI poll] 查询history {"url":"http://localhost:18188/history/114ac47e-0e30-4824-976c-46819b2c19ab","video_gen_id":15}
2026-06-19T04:01:43.113Z [INFO] [poll] 发起查询 {"video_gen_id":15,"round":129,"url":"http://localhost:18188/history/114ac47e-0e30-4824-976c-46819b2c19ab"}
2026-06-19T04:01:43.149Z [INFO] [poll] 查询 HTTP 结果 {"video_gen_id":15,"round":129,"http_status":200,"bytes":2,"body":"{}"}
2026-06-19T04:01:43.149Z [INFO] [ComfyUI poll] 任务尚未完成，继续轮询 {"attempt":128,"video_gen_id":15}
2026-06-19T04:01:53.149Z [INFO] [ComfyUI poll] 查询history {"url":"http://localhost:18188/history/114ac47e-0e30-4824-976c-46819b2c19ab","video_gen_id":15}
2026-06-19T04:01:53.154Z [INFO] [poll] 发起查询 {"video_gen_id":15,"round":130,"url":"http://localhost:18188/history/114ac47e-0e30-4824-976c-46819b2c19ab"}
2026-06-19T04:01:53.187Z [INFO] [poll] 查询 HTTP 结果 {"video_gen_id":15,"round":130,"http_status":200,"bytes":2,"body":"{}"}
2026-06-19T04:01:53.187Z [INFO] [ComfyUI poll] 任务尚未完成，继续轮询 {"attempt":129,"video_gen_id":15}
2026-06-19T04:02:03.196Z [INFO] [ComfyUI poll] 查询history {"url":"http://localhost:18188/history/114ac47e-0e30-4824-976c-46819b2c19ab","video_gen_id":15}
2026-06-19T04:02:03.197Z [INFO] [poll] 发起查询 {"video_gen_id":15,"round":131,"url":"http://localhost:18188/history/114ac47e-0e30-4824-976c-46819b2c19ab"}
2026-06-19T04:02:03.240Z [INFO] [poll] 查询 HTTP 结果 {"video_gen_id":15,"round":131,"http_status":200,"bytes":2,"body":"{}"}
2026-06-19T04:02:03.241Z [INFO] [ComfyUI poll] 任务尚未完成，继续轮询 {"attempt":130,"video_gen_id":15}
2026-06-19T04:02:13.242Z [INFO] [ComfyUI poll] 查询history {"url":"http://localhost:18188/history/114ac47e-0e30-4824-976c-46819b2c19ab","video_gen_id":15}
2026-06-19T04:02:13.242Z [INFO] [poll] 发起查询 {"video_gen_id":15,"round":132,"url":"http://localhost:18188/history/114ac47e-0e30-4824-976c-46819b2c19ab"}
2026-06-19T04:02:13.277Z [INFO] [poll] 查询 HTTP 结果 {"video_gen_id":15,"round":132,"http_status":200,"bytes":2,"body":"{}"}
2026-06-19T04:02:13.278Z [INFO] [ComfyUI poll] 任务尚未完成，继续轮询 {"attempt":131,"video_gen_id":15}
2026-06-19T04:02:23.284Z [INFO] [ComfyUI poll] 查询history {"url":"http://localhost:18188/history/114ac47e-0e30-4824-976c-46819b2c19ab","video_gen_id":15}
2026-06-19T04:02:23.289Z [INFO] [poll] 发起查询 {"video_gen_id":15,"round":133,"url":"http://localhost:18188/history/114ac47e-0e30-4824-976c-46819b2c19ab"}
2026-06-19T04:02:23.321Z [INFO] [poll] 查询 HTTP 结果 {"video_gen_id":15,"round":133,"http_status":200,"bytes":2,"body":"{}"}
2026-06-19T04:02:23.322Z [INFO] [ComfyUI poll] 任务尚未完成，继续轮询 {"attempt":132,"video_gen_id":15}
2026-06-19T04:02:33.328Z [INFO] [ComfyUI poll] 查询history {"url":"http://localhost:18188/history/114ac47e-0e30-4824-976c-46819b2c19ab","video_gen_id":15}
2026-06-19T04:02:33.329Z [INFO] [poll] 发起查询 {"video_gen_id":15,"round":134,"url":"http://localhost:18188/history/114ac47e-0e30-4824-976c-46819b2c19ab"}
2026-06-19T04:02:33.367Z [INFO] [poll] 查询 HTTP 结果 {"video_gen_id":15,"round":134,"http_status":200,"bytes":2,"body":"{}"}
2026-06-19T04:02:33.368Z [INFO] [ComfyUI poll] 任务尚未完成，继续轮询 {"attempt":133,"video_gen_id":15}
2026-06-19T04:02:43.391Z [INFO] [ComfyUI poll] 查询history {"url":"http://localhost:18188/history/114ac47e-0e30-4824-976c-46819b2c19ab","video_gen_id":15}
2026-06-19T04:02:43.392Z [INFO] [poll] 发起查询 {"video_gen_id":15,"round":135,"url":"http://localhost:18188/history/114ac47e-0e30-4824-976c-46819b2c19ab"}
2026-06-19T04:02:43.394Z [WARN] Video poll request failed {"attempt":134,"error":"fetch failed"}
2026-06-19T04:02:53.408Z [INFO] [ComfyUI poll] 查询history {"url":"http://localhost:18188/history/114ac47e-0e30-4824-976c-46819b2c19ab","video_gen_id":15}
2026-06-19T04:02:53.409Z [INFO] [poll] 发起查询 {"video_gen_id":15,"round":136,"url":"http://localhost:18188/history/114ac47e-0e30-4824-976c-46819b2c19ab"}
2026-06-19T04:02:53.413Z [WARN] Video poll request failed {"attempt":135,"error":"fetch failed"}
2026-06-19T04:03:03.428Z [INFO] [ComfyUI poll] 查询history {"url":"http://localhost:18188/history/114ac47e-0e30-4824-976c-46819b2c19ab","video_gen_id":15}
2026-06-19T04:03:03.429Z [INFO] [poll] 发起查询 {"video_gen_id":15,"round":137,"url":"http://localhost:18188/history/114ac47e-0e30-4824-976c-46819b2c19ab"}
2026-06-19T04:03:03.432Z [WARN] Video poll request failed {"attempt":136,"error":"fetch failed"}
2026-06-19T04:03:13.439Z [INFO] [ComfyUI poll] 查询history {"url":"http://localhost:18188/history/114ac47e-0e30-4824-976c-46819b2c19ab","video_gen_id":15}
2026-06-19T04:03:13.441Z [INFO] [poll] 发起查询 {"video_gen_id":15,"round":138,"url":"http://localhost:18188/history/114ac47e-0e30-4824-976c-46819b2c19ab"}
2026-06-19T04:03:13.443Z [WARN] Video poll request failed {"attempt":137,"error":"fetch failed"}
2026-06-19T04:03:23.470Z [INFO] [ComfyUI poll] 查询history {"url":"http://localhost:18188/history/114ac47e-0e30-4824-976c-46819b2c19ab","video_gen_id":15}
2026-06-19T04:03:23.472Z [INFO] [poll] 发起查询 {"video_gen_id":15,"round":139,"url":"http://localhost:18188/history/114ac47e-0e30-4824-976c-46819b2c19ab"}
2026-06-19T04:03:23.475Z [WARN] Video poll request failed {"attempt":138,"error":"fetch failed"}
2026-06-19T04:03:33.487Z [INFO] [ComfyUI poll] 查询history {"url":"http://localhost:18188/history/114ac47e-0e30-4824-976c-46819b2c19ab","video_gen_id":15}
2026-06-19T04:03:33.489Z [INFO] [poll] 发起查询 {"video_gen_id":15,"round":140,"url":"http://localhost:18188/history/114ac47e-0e30-4824-976c-46819b2c19ab"}
2026-06-19T04:03:33.491Z [WARN] Video poll request failed {"attempt":139,"error":"fetch failed"}
2026-06-19T04:03:43.503Z [INFO] [ComfyUI poll] 查询history {"url":"http://localhost:18188/history/114ac47e-0e30-4824-976c-46819b2c19ab","video_gen_id":15}
2026-06-19T04:03:43.504Z [INFO] [poll] 发起查询 {"video_gen_id":15,"round":141,"url":"http://localhost:18188/history/114ac47e-0e30-4824-976c-46819b2c19ab"}
2026-06-19T04:03:43.507Z [WARN] Video poll request failed {"attempt":140,"error":"fetch failed"}
2026-06-19T04:03:53.533Z [INFO] [ComfyUI poll] 查询history {"url":"http://localhost:18188/history/114ac47e-0e30-4824-976c-46819b2c19ab","video_gen_id":15}
2026-06-19T04:03:53.535Z [INFO] [poll] 发起查询 {"video_gen_id":15,"round":142,"url":"http://localhost:18188/history/114ac47e-0e30-4824-976c-46819b2c19ab"}
2026-06-19T04:03:53.537Z [WARN] Video poll request failed {"attempt":141,"error":"fetch failed"}
2026-06-19T04:04:03.548Z [INFO] [ComfyUI poll] 查询history {"url":"http://localhost:18188/history/114ac47e-0e30-4824-976c-46819b2c19ab","video_gen_id":15}
2026-06-19T04:04:03.549Z [INFO] [poll] 发起查询 {"video_gen_id":15,"round":143,"url":"http://localhost:18188/history/114ac47e-0e30-4824-976c-46819b2c19ab"}
2026-06-19T04:04:03.551Z [WARN] Video poll request failed {"attempt":142,"error":"fetch failed"}
2026-06-19T04:04:13.565Z [INFO] [ComfyUI poll] 查询history {"url":"http://localhost:18188/history/114ac47e-0e30-4824-976c-46819b2c19ab","video_gen_id":15}
2026-06-19T04:04:13.566Z [INFO] [poll] 发起查询 {"video_gen_id":15,"round":144,"url":"http://localhost:18188/history/114ac47e-0e30-4824-976c-46819b2c19ab"}
2026-06-19T04:04:13.568Z [WARN] Video poll request failed {"attempt":143,"error":"fetch failed"}
2026-06-19T04:04:23.595Z [INFO] [ComfyUI poll] 查询history {"url":"http://localhost:18188/history/114ac47e-0e30-4824-976c-46819b2c19ab","video_gen_id":15}
2026-06-19T04:04:23.600Z [INFO] [poll] 发起查询 {"video_gen_id":15,"round":145,"url":"http://localhost:18188/history/114ac47e-0e30-4824-976c-46819b2c19ab"}
2026-06-19T04:04:23.604Z [WARN] Video poll request failed {"attempt":144,"error":"fetch failed"}
2026-06-19T04:04:33.613Z [INFO] [ComfyUI poll] 查询history {"url":"http://localhost:18188/history/114ac47e-0e30-4824-976c-46819b2c19ab","video_gen_id":15}
2026-06-19T04:04:33.614Z [INFO] [poll] 发起查询 {"video_gen_id":15,"round":146,"url":"http://localhost:18188/history/114ac47e-0e30-4824-976c-46819b2c19ab"}
2026-06-19T04:04:33.617Z [WARN] Video poll request failed {"attempt":145,"error":"fetch failed"}
2026-06-19T04:04:43.627Z [INFO] [ComfyUI poll] 查询history {"url":"http://localhost:18188/history/114ac47e-0e30-4824-976c-46819b2c19ab","video_gen_id":15}
2026-06-19T04:04:43.628Z [INFO] [poll] 发起查询 {"video_gen_id":15,"round":147,"url":"http://localhost:18188/history/114ac47e-0e30-4824-976c-46819b2c19ab"}
2026-06-19T04:04:43.631Z [WARN] Video poll request failed {"attempt":146,"error":"fetch failed"}
2026-06-19T04:04:53.643Z [INFO] [ComfyUI poll] 查询history {"url":"http://localhost:18188/history/114ac47e-0e30-4824-976c-46819b2c19ab","video_gen_id":15}
2026-06-19T04:04:53.647Z [INFO] [poll] 发起查询 {"video_gen_id":15,"round":148,"url":"http://localhost:18188/history/114ac47e-0e30-4824-976c-46819b2c19ab"}
2026-06-19T04:04:53.650Z [WARN] Video poll request failed {"attempt":147,"error":"fetch failed"}
2026-06-19T04:05:03.659Z [INFO] [ComfyUI poll] 查询history {"url":"http://localhost:18188/history/114ac47e-0e30-4824-976c-46819b2c19ab","video_gen_id":15}
2026-06-19T04:05:03.664Z [INFO] [poll] 发起查询 {"video_gen_id":15,"round":149,"url":"http://localhost:18188/history/114ac47e-0e30-4824-976c-46819b2c19ab"}
2026-06-19T04:05:03.667Z [WARN] Video poll request failed {"attempt":148,"error":"fetch failed"}
2026-06-19T04:05:13.675Z [INFO] [ComfyUI poll] 查询history {"url":"http://localhost:18188/history/114ac47e-0e30-4824-976c-46819b2c19ab","video_gen_id":15}
2026-06-19T04:05:13.677Z [INFO] [poll] 发起查询 {"video_gen_id":15,"round":150,"url":"http://localhost:18188/history/114ac47e-0e30-4824-976c-46819b2c19ab"}
2026-06-19T04:05:13.679Z [WARN] Video poll request failed {"attempt":149,"error":"fetch failed"}
2026-06-19T04:05:23.689Z [INFO] [ComfyUI poll] 查询history {"url":"http://localhost:18188/history/114ac47e-0e30-4824-976c-46819b2c19ab","video_gen_id":15}
2026-06-19T04:05:23.690Z [INFO] [poll] 发起查询 {"video_gen_id":15,"round":151,"url":"http://localhost:18188/history/114ac47e-0e30-4824-976c-46819b2c19ab"}
2026-06-19T04:05:23.693Z [WARN] Video poll request failed {"attempt":150,"error":"fetch failed"}
2026-06-19T04:05:33.707Z [INFO] [ComfyUI poll] 查询history {"url":"http://localhost:18188/history/114ac47e-0e30-4824-976c-46819b2c19ab","video_gen_id":15}
2026-06-19T04:05:33.712Z [INFO] [poll] 发起查询 {"video_gen_id":15,"round":152,"url":"http://localhost:18188/history/114ac47e-0e30-4824-976c-46819b2c19ab"}
2026-06-19T04:05:33.715Z [WARN] Video poll request failed {"attempt":151,"error":"fetch failed"}
2026-06-19T04:05:43.721Z [INFO] [ComfyUI poll] 查询history {"url":"http://localhost:18188/history/114ac47e-0e30-4824-976c-46819b2c19ab","video_gen_id":15}
2026-06-19T04:05:43.722Z [INFO] [poll] 发起查询 {"video_gen_id":15,"round":153,"url":"http://localhost:18188/history/114ac47e-0e30-4824-976c-46819b2c19ab"}
2026-06-19T04:05:43.724Z [WARN] Video poll request failed {"attempt":152,"error":"fetch failed"}
2026-06-19T04:05:53.736Z [INFO] [ComfyUI poll] 查询history {"url":"http://localhost:18188/history/114ac47e-0e30-4824-976c-46819b2c19ab","video_gen_id":15}
2026-06-19T04:05:53.737Z [INFO] [poll] 发起查询 {"video_gen_id":15,"round":154,"url":"http://localhost:18188/history/114ac47e-0e30-4824-976c-46819b2c19ab"}
2026-06-19T04:05:53.740Z [WARN] Video poll request failed {"attempt":153,"error":"fetch failed"}
2026-06-19T04:06:03.753Z [INFO] [ComfyUI poll] 查询history {"url":"http://localhost:18188/history/114ac47e-0e30-4824-976c-46819b2c19ab","video_gen_id":15}
2026-06-19T04:06:03.758Z [INFO] [poll] 发起查询 {"video_gen_id":15,"round":155,"url":"http://localhost:18188/history/114ac47e-0e30-4824-976c-46819b2c19ab"}
2026-06-19T04:06:03.760Z [WARN] Video poll request failed {"attempt":154,"error":"fetch failed"}
2026-06-19T04:06:13.768Z [INFO] [ComfyUI poll] 查询history {"url":"http://localhost:18188/history/114ac47e-0e30-4824-976c-46819b2c19ab","video_gen_id":15}
2026-06-19T04:06:13.769Z [INFO] [poll] 发起查询 {"video_gen_id":15,"round":156,"url":"http://localhost:18188/history/114ac47e-0e30-4824-976c-46819b2c19ab"}
2026-06-19T04:06:13.772Z [WARN] Video poll request failed {"attempt":155,"error":"fetch failed"}
2026-06-19T04:06:23.784Z [INFO] [ComfyUI poll] 查询history {"url":"http://localhost:18188/history/114ac47e-0e30-4824-976c-46819b2c19ab","video_gen_id":15}
2026-06-19T04:06:23.785Z [INFO] [poll] 发起查询 {"video_gen_id":15,"round":157,"url":"http://localhost:18188/history/114ac47e-0e30-4824-976c-46819b2c19ab"}
2026-06-19T04:06:23.788Z [WARN] Video poll request failed {"attempt":156,"error":"fetch failed"}
2026-06-19T04:06:33.798Z [INFO] [ComfyUI poll] 查询history {"url":"http://localhost:18188/history/114ac47e-0e30-4824-976c-46819b2c19ab","video_gen_id":15}
2026-06-19T04:06:33.800Z [INFO] [poll] 发起查询 {"video_gen_id":15,"round":158,"url":"http://localhost:18188/history/114ac47e-0e30-4824-976c-46819b2c19ab"}
2026-06-19T04:06:33.802Z [WARN] Video poll request failed {"attempt":157,"error":"fetch failed"}
2026-06-19T04:06:43.814Z [INFO] [ComfyUI poll] 查询history {"url":"http://localhost:18188/history/114ac47e-0e30-4824-976c-46819b2c19ab","video_gen_id":15}
2026-06-19T04:06:43.816Z [INFO] [poll] 发起查询 {"video_gen_id":15,"round":159,"url":"http://localhost:18188/history/114ac47e-0e30-4824-976c-46819b2c19ab"}
2026-06-19T04:06:43.819Z [WARN] Video poll request failed {"attempt":158,"error":"fetch failed"}
2026-06-19T04:06:53.830Z [INFO] [ComfyUI poll] 查询history {"url":"http://localhost:18188/history/114ac47e-0e30-4824-976c-46819b2c19ab","video_gen_id":15}
2026-06-19T04:06:53.831Z [INFO] [poll] 发起查询 {"video_gen_id":15,"round":160,"url":"http://localhost:18188/history/114ac47e-0e30-4824-976c-46819b2c19ab"}
2026-06-19T04:06:53.833Z [WARN] Video poll request failed {"attempt":159,"error":"fetch failed"}
2026-06-19T04:07:03.847Z [INFO] [ComfyUI poll] 查询history {"url":"http://localhost:18188/history/114ac47e-0e30-4824-976c-46819b2c19ab","video_gen_id":15}
2026-06-19T04:07:03.848Z [INFO] [poll] 发起查询 {"video_gen_id":15,"round":161,"url":"http://localhost:18188/history/114ac47e-0e30-4824-976c-46819b2c19ab"}
2026-06-19T04:07:03.851Z [WARN] Video poll request failed {"attempt":160,"error":"fetch failed"}
2026-06-19T04:07:13.861Z [INFO] [ComfyUI poll] 查询history {"url":"http://localhost:18188/history/114ac47e-0e30-4824-976c-46819b2c19ab","video_gen_id":15}
2026-06-19T04:07:13.862Z [INFO] [poll] 发起查询 {"video_gen_id":15,"round":162,"url":"http://localhost:18188/history/114ac47e-0e30-4824-976c-46819b2c19ab"}
2026-06-19T04:07:13.865Z [WARN] Video poll request failed {"attempt":161,"error":"fetch failed"}
2026-06-19T04:07:23.878Z [INFO] [ComfyUI poll] 查询history {"url":"http://localhost:18188/history/114ac47e-0e30-4824-976c-46819b2c19ab","video_gen_id":15}
2026-06-19T04:07:23.879Z [INFO] [poll] 发起查询 {"video_gen_id":15,"round":163,"url":"http://localhost:18188/history/114ac47e-0e30-4824-976c-46819b2c19ab"}
2026-06-19T04:07:23.881Z [WARN] Video poll request failed {"attempt":162,"error":"fetch failed"}
2026-06-19T04:07:33.894Z [INFO] [ComfyUI poll] 查询history {"url":"http://localhost:18188/history/114ac47e-0e30-4824-976c-46819b2c19ab","video_gen_id":15}
2026-06-19T04:07:33.894Z [INFO] [poll] 发起查询 {"video_gen_id":15,"round":164,"url":"http://localhost:18188/history/114ac47e-0e30-4824-976c-46819b2c19ab"}
2026-06-19T04:07:33.897Z [WARN] Video poll request failed {"attempt":163,"error":"fetch failed"}
2026-06-19T04:07:43.908Z [INFO] [ComfyUI poll] 查询history {"url":"http://localhost:18188/history/114ac47e-0e30-4824-976c-46819b2c19ab","video_gen_id":15}
2026-06-19T04:07:43.908Z [INFO] [poll] 发起查询 {"video_gen_id":15,"round":165,"url":"http://localhost:18188/history/114ac47e-0e30-4824-976c-46819b2c19ab"}
2026-06-19T04:07:43.910Z [WARN] Video poll request failed {"attempt":164,"error":"fetch failed"}
2026-06-19T04:07:53.924Z [INFO] [ComfyUI poll] 查询history {"url":"http://localhost:18188/history/114ac47e-0e30-4824-976c-46819b2c19ab","video_gen_id":15}
2026-06-19T04:07:53.926Z [INFO] [poll] 发起查询 {"video_gen_id":15,"round":166,"url":"http://localhost:18188/history/114ac47e-0e30-4824-976c-46819b2c19ab"}
2026-06-19T04:07:53.928Z [WARN] Video poll request failed {"attempt":165,"error":"fetch failed"}
2026-06-19T04:08:03.940Z [INFO] [ComfyUI poll] 查询history {"url":"http://localhost:18188/history/114ac47e-0e30-4824-976c-46819b2c19ab","video_gen_id":15}
2026-06-19T04:08:03.941Z [INFO] [poll] 发起查询 {"video_gen_id":15,"round":167,"url":"http://localhost:18188/history/114ac47e-0e30-4824-976c-46819b2c19ab"}
2026-06-19T04:08:03.944Z [WARN] Video poll request failed {"attempt":166,"error":"fetch failed"}
2026-06-19T04:08:13.956Z [INFO] [ComfyUI poll] 查询history {"url":"http://localhost:18188/history/114ac47e-0e30-4824-976c-46819b2c19ab","video_gen_id":15}
2026-06-19T04:08:13.961Z [INFO] [poll] 发起查询 {"video_gen_id":15,"round":168,"url":"http://localhost:18188/history/114ac47e-0e30-4824-976c-46819b2c19ab"}
2026-06-19T04:08:13.964Z [WARN] Video poll request failed {"attempt":167,"error":"fetch failed"}
2026-06-19T04:08:23.971Z [INFO] [ComfyUI poll] 查询history {"url":"http://localhost:18188/history/114ac47e-0e30-4824-976c-46819b2c19ab","video_gen_id":15}
2026-06-19T04:08:23.973Z [INFO] [poll] 发起查询 {"video_gen_id":15,"round":169,"url":"http://localhost:18188/history/114ac47e-0e30-4824-976c-46819b2c19ab"}
2026-06-19T04:08:23.975Z [WARN] Video poll request failed {"attempt":168,"error":"fetch failed"}
2026-06-19T04:08:33.988Z [INFO] [ComfyUI poll] 查询history {"url":"http://localhost:18188/history/114ac47e-0e30-4824-976c-46819b2c19ab","video_gen_id":15}
2026-06-19T04:08:33.992Z [INFO] [poll] 发起查询 {"video_gen_id":15,"round":170,"url":"http://localhost:18188/history/114ac47e-0e30-4824-976c-46819b2c19ab"}
2026-06-19T04:08:33.996Z [WARN] Video poll request failed {"attempt":169,"error":"fetch failed"}
2026-06-19T04:08:44.003Z [INFO] [ComfyUI poll] 查询history {"url":"http://localhost:18188/history/114ac47e-0e30-4824-976c-46819b2c19ab","video_gen_id":15}
2026-06-19T04:08:44.004Z [INFO] [poll] 发起查询 {"video_gen_id":15,"round":171,"url":"http://localhost:18188/history/114ac47e-0e30-4824-976c-46819b2c19ab"}
2026-06-19T04:08:44.007Z [WARN] Video poll request failed {"attempt":170,"error":"fetch failed"}
2026-06-19T04:08:54.017Z [INFO] [ComfyUI poll] 查询history {"url":"http://localhost:18188/history/114ac47e-0e30-4824-976c-46819b2c19ab","video_gen_id":15}
2026-06-19T04:08:54.018Z [INFO] [poll] 发起查询 {"video_gen_id":15,"round":172,"url":"http://localhost:18188/history/114ac47e-0e30-4824-976c-46819b2c19ab"}
2026-06-19T04:08:54.021Z [WARN] Video poll request failed {"attempt":171,"error":"fetch failed"}
2026-06-19T04:09:04.035Z [INFO] [ComfyUI poll] 查询history {"url":"http://localhost:18188/history/114ac47e-0e30-4824-976c-46819b2c19ab","video_gen_id":15}
2026-06-19T04:09:04.039Z [INFO] [poll] 发起查询 {"video_gen_id":15,"round":173,"url":"http://localhost:18188/history/114ac47e-0e30-4824-976c-46819b2c19ab"}
2026-06-19T04:09:04.043Z [WARN] Video poll request failed {"attempt":172,"error":"fetch failed"}
2026-06-19T04:09:14.050Z [INFO] [ComfyUI poll] 查询history {"url":"http://localhost:18188/history/114ac47e-0e30-4824-976c-46819b2c19ab","video_gen_id":15}
2026-06-19T04:09:14.051Z [INFO] [poll] 发起查询 {"video_gen_id":15,"round":174,"url":"http://localhost:18188/history/114ac47e-0e30-4824-976c-46819b2c19ab"}
2026-06-19T04:09:14.053Z [WARN] Video poll request failed {"attempt":173,"error":"fetch failed"}
2026-06-19T04:09:24.065Z [INFO] [ComfyUI poll] 查询history {"url":"http://localhost:18188/history/114ac47e-0e30-4824-976c-46819b2c19ab","video_gen_id":15}
2026-06-19T04:09:24.070Z [INFO] [poll] 发起查询 {"video_gen_id":15,"round":175,"url":"http://localhost:18188/history/114ac47e-0e30-4824-976c-46819b2c19ab"}
2026-06-19T04:09:24.072Z [WARN] Video poll request failed {"attempt":174,"error":"fetch failed"}
2026-06-19T04:09:34.087Z [INFO] [ComfyUI poll] 查询history {"url":"http://localhost:18188/history/114ac47e-0e30-4824-976c-46819b2c19ab","video_gen_id":15}
2026-06-19T04:09:34.092Z [INFO] [poll] 发起查询 {"video_gen_id":15,"round":176,"url":"http://localhost:18188/history/114ac47e-0e30-4824-976c-46819b2c19ab"}
2026-06-19T04:09:34.094Z [WARN] Video poll request failed {"attempt":175,"error":"fetch failed"}
2026-06-19T04:09:44.102Z [INFO] [ComfyUI poll] 查询history {"url":"http://localhost:18188/history/114ac47e-0e30-4824-976c-46819b2c19ab","video_gen_id":15}
2026-06-19T04:09:44.103Z [INFO] [poll] 发起查询 {"video_gen_id":15,"round":177,"url":"http://localhost:18188/history/114ac47e-0e30-4824-976c-46819b2c19ab"}
2026-06-19T04:09:44.106Z [WARN] Video poll request failed {"attempt":176,"error":"fetch failed"}
2026-06-19T04:09:54.108Z [INFO] [ComfyUI poll] 查询history {"url":"http://localhost:18188/history/114ac47e-0e30-4824-976c-46819b2c19ab","video_gen_id":15}
2026-06-19T04:09:54.113Z [INFO] [poll] 发起查询 {"video_gen_id":15,"round":178,"url":"http://localhost:18188/history/114ac47e-0e30-4824-976c-46819b2c19ab"}
2026-06-19T04:09:54.116Z [WARN] Video poll request failed {"attempt":177,"error":"fetch failed"}
2026-06-19T04:10:04.128Z [INFO] [ComfyUI poll] 查询history {"url":"http://localhost:18188/history/114ac47e-0e30-4824-976c-46819b2c19ab","video_gen_id":15}
2026-06-19T04:10:04.129Z [INFO] [poll] 发起查询 {"video_gen_id":15,"round":179,"url":"http://localhost:18188/history/114ac47e-0e30-4824-976c-46819b2c19ab"}
2026-06-19T04:10:04.131Z [WARN] Video poll request failed {"attempt":178,"error":"fetch failed"}
2026-06-19T04:10:14.138Z [INFO] [ComfyUI poll] 查询history {"url":"http://localhost:18188/history/114ac47e-0e30-4824-976c-46819b2c19ab","video_gen_id":15}
2026-06-19T04:10:14.139Z [INFO] [poll] 发起查询 {"video_gen_id":15,"round":180,"url":"http://localhost:18188/history/114ac47e-0e30-4824-976c-46819b2c19ab"}
2026-06-19T04:10:14.142Z [WARN] Video poll request failed {"attempt":179,"error":"fetch failed"}
2026-06-19T04:10:14.142Z [ERROR] Video generation failed (after poll) {"id":15,"error":"??????"}
